invoice_no,line_no,invoice_date,order_no,customer_no,branch_code,item_no,uom,invoiced_qty,unit_price,unit_cost,freight_amt,tax_amt
INV-50001,1,2026-01-06,SO-10001,CT-1002,RL-BRI,DW-6010,EA,4,288.06,224.60,0.00,0.00
INV-50001,2,2026-01-06,SO-10001,CT-1002,RL-BRI,RM-1002,EA,562,6.65,4.95,0.00,0.00
INV-50002,1,2026-01-07,SO-10002,CT-1007,RL-BRI,PT-5001,EA,83,41.88,32.20,74.29,0.00
INV-50002,2,2026-01-07,SO-10002,CT-1007,RL-BRI,PT-5002,EA,107,32.01,23.70,70.41,0.00
INV-50003,1,2026-01-08,SO-10003,BL-3001,RL-BRI,RM-1011,EA,142,21.99,17.95,70.72,0.00
INV-50003,2,2026-01-08,SO-10003,BL-3001,RL-BRI,RM-1020,EA,376,4.99,4.05,0.00,0.00
INV-50003,3,2026-01-08,SO-10003,BL-3001,RL-BRI,SX-7010,EA,177,13.17,10.65,52.39,0.00
INV-50003,4,2026-01-08,SO-10003,BL-3001,RL-BRI,CM-3002,BG,344,4.94,3.90,0.00,0.00
INV-50003,5,2026-01-08,SO-10003,BL-3001,RL-BRI,RM-1011,EA,376,22.87,17.95,187.25,0.00
INV-50004,1,2026-01-06,SO-10004,CT-1003,RL-KPT,RM-1003,EA,294,10.34,8.25,0.00,0.00
INV-50004,2,2026-01-06,SO-10004,CT-1003,RL-KPT,RF-4020,LF,271,2.32,1.69,0.00,0.00
INV-50004,3,2026-01-06,SO-10004,CT-1003,RL-KPT,SX-7010,EA,62,14.42,10.65,18.35,0.00
INV-50004,4,2026-01-06,SO-10004,CT-1003,RL-KPT,RF-4001,BNDL,418,37.14,27.90,323.95,0.00
INV-50004,5,2026-01-06,SO-10004,CT-1003,RL-KPT,PT-5010,EA,172,11.98,9.05,43.34,0.00
INV-50005,1,2026-01-07,SO-10005,CT-1001,RL-JCB,SX-7010,EA,86,14.59,10.65,25.46,0.00
INV-50005,2,2026-01-07,SO-10005,CT-1001,RL-JCB,RM-1001,EA,765,3.93,2.86,0.00,0.00
INV-50006,1,2026-01-09,SO-10006,CT-1005,RL-JCB,FS-2011,EA,25,46.68,34.90,24.25,0.00
INV-50006,2,2026-01-09,SO-10006,CT-1005,RL-JCB,CM-3001,BG,190,6.53,4.95,0.00,0.00
INV-50006,3,2026-01-09,SO-10006,CT-1005,RL-JCB,RM-1001,EA,701,3.63,2.86,0.00,0.00
INV-50007,1,2026-01-08,SO-10007,CT-1005,RL-BRI,FS-2001,BX,101,27.22,20.60,57.57,0.00
INV-50008,1,2026-01-10,SO-10008,CT-1005,RL-KPT,PT-5010,EA,245,11.49,9.05,61.74,0.00
INV-50008,2,2026-01-10,SO-10008,CT-1005,RL-KPT,CM-3010,BG,29,12.37,9.30,7.48,0.00
INV-50008,3,2026-01-10,SO-10008,CT-1005,RL-KPT,RM-1001,EA,391,3.67,2.86,0.00,0.00
INV-50008,4,2026-01-10,SO-10008,CT-1005,RL-KPT,RM-1003,EA,309,10.53,8.25,0.00,0.00
INV-50008,5,2026-01-10,SO-10008,CT-1005,RL-KPT,TL-9002,EA,102,8.84,6.40,0.00,0.00
INV-50009,1,2026-01-11,SO-10009,BL-3002,RL-KPT,PT-5002,EA,41,30.21,23.70,26.98,0.00
INV-50009,2,2026-01-11,SO-10009,BL-3002,RL-KPT,RM-1021,EA,21,35.95,28.10,16.34,0.00
INV-50009,3,2026-01-11,SO-10009,BL-3002,RL-KPT,RM-1021,EA,23,34.85,28.10,17.89,0.00
INV-50009,4,2026-01-11,SO-10009,BL-3002,RL-KPT,DW-6010,EA,6,290.15,224.60,37.44,0.00
INV-50010,1,2026-01-10,SO-10010,CT-1008,RL-JCB,TL-9002,EA,114,8.81,6.40,0.00,0.00
INV-50010,2,2026-01-10,SO-10010,CT-1008,RL-JCB,FS-2010,EA,352,1.71,1.33,0.00,0.00
INV-50010,3,2026-01-10,SO-10010,CT-1008,RL-JCB,SX-7010,EA,61,14.40,10.65,18.06,0.00
INV-50010,4,2026-01-10,SO-10010,CT-1008,RL-JCB,TL-9002,EA,66,8.87,6.40,0.00,0.00
INV-50010,5,2026-01-10,SO-10010,CT-1008,RL-JCB,RM-1010,EA,275,17.82,13.50,103.12,0.00
INV-50011,1,2026-01-10,SO-10011,BL-3001,RL-BRI,CM-3020,EA,97,13.00,10.25,27.64,0.00
INV-50012,1,2026-01-12,SO-10012,BL-3001,RL-BRI,RM-1011,EA,126,22.54,17.95,62.75,0.00
INV-50012,2,2026-01-12,SO-10012,BL-3001,RL-BRI,RM-1021,EA,39,34.28,28.10,30.34,0.00
INV-50012,3,2026-01-12,SO-10012,BL-3001,RL-BRI,PT-5002,EA,140,29.27,23.70,92.12,0.00
INV-50013,1,2026-01-11,SO-10015,CT-1008,RL-KPT,PT-5010,EA,293,11.50,9.05,73.84,0.00
INV-50014,1,2026-01-14,SO-10016,RT-2001,RL-JCB,FS-2002,BX,180,32.75,23.60,117.90,574.76
INV-50014,2,2026-01-14,SO-10016,RT-2001,RL-JCB,FS-2010,EA,665,1.85,1.33,0.00,119.95
INV-50015,1,2026-01-12,SO-10017,RT-2001,RL-BRI,RM-1021,EA,50,38.90,28.10,38.90,189.64
INV-50015,2,2026-01-12,SO-10017,RT-2001,RL-BRI,CM-3001,BG,859,6.85,4.95,0.00,573.70
INV-50015,3,2026-01-12,SO-10017,RT-2001,RL-BRI,RF-4011,RL,79,109.50,78.85,173.01,843.42
INV-50015,4,2026-01-12,SO-10017,RT-2001,RL-BRI,CM-3010,BG,47,12.90,9.30,12.13,59.11
INV-50016,1,2026-01-13,SO-10018,RT-2001,RL-JCB,RM-1022,EA,326,8.95,6.45,0.00,284.48
INV-50016,2,2026-01-13,SO-10018,RT-2001,RL-JCB,RF-4001,BNDL,98,38.75,27.90,75.95,370.26
INV-50016,3,2026-01-13,SO-10018,RT-2001,RL-JCB,PT-5002,EA,67,32.90,23.70,44.09,214.92
INV-50017,1,2026-01-11,SO-10019,RT-2003,RL-BRI,CM-3001,BG,390,6.85,4.95,0.00,260.47
INV-50017,2,2026-01-11,SO-10019,RT-2003,RL-BRI,PT-5001,EA,191,44.75,32.20,170.95,833.36
INV-50018,1,2026-01-14,SO-10020,CT-1005,RL-KPT,PT-5011,BG,95,17.69,13.25,34.96,0.00
INV-50018,2,2026-01-14,SO-10020,CT-1005,RL-KPT,RF-4011,RL,38,101.88,78.85,83.22,0.00
INV-50018,3,2026-01-14,SO-10020,CT-1005,RL-KPT,CM-3002,BG,194,5.21,3.90,0.00,0.00
INV-50018,4,2026-01-14,SO-10020,CT-1005,RL-KPT,SX-7010,EA,105,14.08,10.65,31.08,0.00
INV-50019,1,2026-01-14,SO-10021,CT-1003,RL-KPT,CM-3010,BG,123,11.67,9.30,31.73,0.00
INV-50019,2,2026-01-14,SO-10021,CT-1003,RL-KPT,TL-9001,EA,263,5.91,4.50,0.00,0.00
INV-50019,3,2026-01-14,SO-10021,CT-1003,RL-KPT,CM-3001,BG,587,6.44,4.95,0.00,0.00
INV-50019,4,2026-01-14,SO-10021,CT-1003,RL-KPT,FS-2002,BX,153,32.00,23.60,100.22,0.00
INV-50019,5,2026-01-14,SO-10021,CT-1003,RL-KPT,RM-1021,EA,86,38.14,28.10,66.91,0.00
INV-50020,1,2026-01-16,SO-10022,BL-3001,RL-KPT,SX-7001,SQ,46,85.09,68.05,86.94,0.00
INV-50020,2,2026-01-16,SO-10022,BL-3001,RL-KPT,SX-7001,SQ,59,84.86,68.05,111.51,0.00
INV-50020,3,2026-01-16,SO-10022,BL-3001,RL-KPT,RF-4001,BNDL,420,34.18,27.90,325.50,0.00
INV-50020,4,2026-01-16,SO-10022,BL-3001,RL-KPT,TL-9002,EA,185,7.71,6.40,0.00,0.00
INV-50021,1,2026-01-17,SO-10023,CT-1005,RL-BRI,CM-3002,BG,128,5.15,3.90,0.00,0.00
INV-50021,2,2026-01-17,SO-10023,CT-1005,RL-BRI,DW-6002,EA,6,271.36,208.10,34.68,0.00
INV-50021,3,2026-01-17,SO-10023,CT-1005,RL-BRI,RM-1002,EA,1027,6.43,4.95,0.00,0.00
INV-50021,4,2026-01-17,SO-10023,CT-1005,RL-BRI,RM-1001,EA,1766,3.74,2.86,0.00,0.00
INV-50021,5,2026-01-17,SO-10023,CT-1005,RL-BRI,DW-6002,EA,16,283.22,208.10,92.48,0.00
INV-50022,1,2026-01-17,SO-10025,CT-1008,RL-BRI,DW-6002,EA,10,260.66,208.10,57.80,0.00
INV-50022,2,2026-01-17,SO-10025,CT-1008,RL-BRI,RM-1010,EA,847,18.09,13.50,317.62,0.00
INV-50022,3,2026-01-17,SO-10025,CT-1008,RL-BRI,RM-1003,EA,374,10.49,8.25,0.00,0.00
INV-50023,1,2026-01-17,SO-10026,BL-3002,RL-BRI,FS-2010,EA,857,1.70,1.33,0.00,0.00
INV-50024,1,2026-01-18,SO-10027,CT-1003,RL-JCB,CM-3001,BG,157,6.59,4.95,0.00,0.00
INV-50025,1,2026-01-24,SO-10028,CT-1005,RL-JCB,RM-1001,EA,898,3.62,2.86,0.00,0.00
INV-50026,1,2026-01-18,SO-10029,CT-1006,RL-KPT,TL-9001,EA,220,6.00,4.50,0.00,0.00
INV-50026,2,2026-01-18,SO-10029,CT-1006,RL-KPT,RF-4020,LF,614,2.14,1.69,0.00,0.00
INV-50027,1,2026-01-20,SO-10030,CT-1004,RL-KPT,RF-4001,BNDL,255,37.59,27.90,197.63,0.00
INV-50028,1,2026-01-18,SO-10031,CT-1005,RL-KPT,TL-9002,EA,92,8.37,6.40,0.00,0.00
INV-50028,2,2026-01-18,SO-10031,CT-1005,RL-KPT,CM-3020,EA,94,13.50,10.25,26.79,0.00
INV-50029,1,2026-01-17,SO-10032,BL-3001,RL-BRI,RF-4020,LF,295,2.16,1.69,0.00,0.00
INV-50029,2,2026-01-17,SO-10032,BL-3001,RL-BRI,FS-2011,EA,28,42.78,34.90,27.16,0.00
INV-50029,3,2026-01-17,SO-10032,BL-3001,RL-BRI,RF-4010,RL,228,26.42,21.50,136.34,0.00
INV-50029,4,2026-01-17,SO-10032,BL-3001,RL-BRI,PT-5010,EA,151,11.11,9.05,38.05,0.00
INV-50030,1,2026-01-20,SO-10033,RT-2003,RL-JCB,TL-9001,EA,96,6.25,4.50,0.00,58.50
INV-50030,2,2026-01-20,SO-10033,RT-2003,RL-JCB,RM-1010,EA,157,18.75,13.50,58.88,287.02
INV-50030,3,2026-01-20,SO-10033,RT-2003,RL-JCB,RM-1022,EA,189,8.95,6.45,0.00,164.93
INV-50030,4,2026-01-20,SO-10033,RT-2003,RL-JCB,RM-1011,EA,145,24.90,17.95,72.21,352.02
INV-50031,1,2026-01-19,SO-10034,RT-2003,RL-JCB,PT-5011,BG,54,18.40,13.25,19.87,96.88
INV-50031,2,2026-01-19,SO-10034,RT-2003,RL-JCB,DW-6010,EA,8,312.00,224.60,49.92,243.36
INV-50032,1,2026-01-21,SO-10035,CT-1002,RL-JCB,FS-2011,EA,13,45.63,34.90,12.61,0.00
INV-50032,2,2026-01-21,SO-10035,CT-1002,RL-JCB,TL-9001,EA,68,6.07,4.50,0.00,0.00
INV-50033,1,2026-01-23,SO-10036,CT-1008,RL-BRI,CM-3010,BG,140,12.68,9.30,36.12,0.00
INV-50033,2,2026-01-23,SO-10036,CT-1008,RL-BRI,RM-1011,EA,147,23.89,17.95,73.21,0.00
INV-50033,3,2026-01-23,SO-10036,CT-1008,RL-BRI,RF-4010,RL,131,27.82,21.50,78.34,0.00
INV-50033,4,2026-01-23,SO-10036,CT-1008,RL-BRI,DW-6001,EA,53,84.49,64.10,94.34,0.00
INV-50033,5,2026-01-23,SO-10036,CT-1008,RL-BRI,RM-1020,EA,292,5.45,4.05,0.00,0.00
INV-50034,1,2026-01-22,SO-10037,BL-3002,RL-BRI,RM-1003,EA,196,10.28,8.25,0.00,0.00
INV-50034,2,2026-01-22,SO-10037,BL-3002,RL-BRI,SX-7001,SQ,42,85.70,68.05,79.38,0.00
INV-50034,3,2026-01-22,SO-10037,BL-3002,RL-BRI,TL-9002,EA,216,7.94,6.40,0.00,0.00
INV-50034,4,2026-01-22,SO-10037,BL-3002,RL-BRI,RF-4020,LF,546,2.08,1.69,0.00,0.00
INV-50034,5,2026-01-22,SO-10037,BL-3002,RL-BRI,TL-9002,EA,129,8.23,6.40,0.00,0.00
INV-50035,1,2026-01-23,SO-10038,BL-3001,RL-BRI,RM-1001,EA,1359,3.55,2.86,0.00,0.00
INV-50035,2,2026-01-23,SO-10038,BL-3001,RL-BRI,CM-3001,BG,629,6.16,4.95,0.00,0.00
INV-50035,3,2026-01-23,SO-10038,BL-3001,RL-BRI,SX-7001,SQ,70,85.42,68.05,132.30,0.00
INV-50036,1,2026-01-22,SO-10039,CT-1008,RL-JCB,RF-4011,RL,33,99.57,78.85,72.27,0.00
INV-50037,1,2026-01-23,SO-10040,CT-1002,RL-KPT,TL-9001,EA,370,5.97,4.50,0.00,0.00
INV-50037,2,2026-01-23,SO-10040,CT-1002,RL-KPT,PT-5011,BG,48,17.93,13.25,17.66,0.00
INV-50038,1,2026-01-21,SO-10041,CT-1003,RL-JCB,RF-4011,RL,45,105.78,78.85,98.55,0.00
INV-50038,2,2026-01-21,SO-10041,CT-1003,RL-JCB,FS-2002,BX,109,30.56,23.60,71.40,0.00
INV-50038,3,2026-01-21,SO-10041,CT-1003,RL-JCB,PT-5011,BG,54,16.91,13.25,19.87,0.00
INV-50039,1,2026-01-25,SO-10042,CT-1004,RL-KPT,FS-2002,BX,111,31.41,23.60,72.71,0.00
INV-50040,1,2026-01-23,SO-10043,CT-1002,RL-JCB,DW-6002,EA,10,262.26,208.10,57.80,0.00
INV-50040,2,2026-01-23,SO-10043,CT-1002,RL-JCB,RF-4001,BNDL,135,37.39,27.90,104.62,0.00
INV-50040,3,2026-01-23,SO-10043,CT-1002,RL-JCB,PT-5001,EA,104,41.98,32.20,93.08,0.00
INV-50040,4,2026-01-23,SO-10043,CT-1002,RL-JCB,RF-4020,LF,291,2.23,1.69,0.00,0.00
INV-50040,5,2026-01-23,SO-10043,CT-1002,RL-JCB,RM-1003,EA,97,11.04,8.25,0.00,0.00
INV-50041,1,2026-01-22,SO-10044,CT-1005,RL-JCB,RF-4011,RL,38,101.76,78.85,83.22,0.00
INV-50042,1,2026-01-23,SO-10045,CT-1006,RL-BRI,PT-5011,BG,120,18.24,13.25,44.16,0.00
INV-50042,2,2026-01-23,SO-10045,CT-1006,RL-BRI,FS-2002,BX,141,30.98,23.60,92.35,0.00
INV-50042,3,2026-01-23,SO-10045,CT-1006,RL-BRI,RM-1001,EA,1704,3.70,2.86,0.00,0.00
INV-50042,4,2026-01-23,SO-10045,CT-1006,RL-BRI,FS-2010,EA,350,1.85,1.33,0.00,0.00
INV-50043,1,2026-01-23,SO-10046,CT-1007,RL-KPT,PT-5002,EA,78,30.58,23.70,51.32,0.00
INV-50043,2,2026-01-23,SO-10046,CT-1007,RL-KPT,DW-6001,EA,18,86.20,64.10,32.04,0.00
INV-50044,1,2026-01-24,SO-10047,CT-1001,RL-JCB,FS-2001,BX,121,27.49,20.60,68.97,0.00
INV-50044,2,2026-01-24,SO-10047,CT-1001,RL-JCB,RF-4011,RL,27,99.99,78.85,59.13,0.00
INV-50045,1,2026-01-25,SO-10048,CT-1005,RL-BRI,RF-4002,BNDL,134,51.38,37.65,140.16,0.00
INV-50045,2,2026-01-25,SO-10048,CT-1005,RL-BRI,TL-9001,EA,488,6.17,4.50,0.00,0.00
INV-50046,1,2026-01-26,SO-10049,CT-1008,RL-JCB,DW-6001,EA,7,84.15,64.10,12.46,0.00
INV-50046,2,2026-01-26,SO-10049,CT-1008,RL-JCB,RF-4001,BNDL,259,38.52,27.90,200.72,0.00
INV-50046,3,2026-01-26,SO-10049,CT-1008,RL-JCB,RM-1021,EA,57,37.42,28.10,44.35,0.00
INV-50046,4,2026-01-26,SO-10049,CT-1008,RL-JCB,RF-4020,LF,475,2.13,1.69,0.00,0.00
INV-50047,1,2026-01-24,SO-10050,CT-1008,RL-JCB,RF-4011,RL,25,101.12,78.85,54.75,0.00
INV-50047,2,2026-01-24,SO-10050,CT-1008,RL-JCB,FS-2001,BX,53,28.36,20.60,30.21,0.00
INV-50047,3,2026-01-24,SO-10050,CT-1008,RL-JCB,DW-6002,EA,7,285.69,208.10,40.46,0.00
INV-50047,4,2026-01-24,SO-10050,CT-1008,RL-JCB,RM-1021,EA,46,38.66,28.10,35.79,0.00
INV-50048,1,2026-01-27,SO-10051,RT-2002,RL-BRI,PT-5002,EA,24,32.90,23.70,15.79,76.99
INV-50048,2,2026-01-27,SO-10051,RT-2002,RL-BRI,RM-1022,EA,490,8.95,6.45,0.00,427.59
INV-50049,1,2026-01-26,SO-10052,RT-2001,RL-KPT,CM-3002,BG,97,5.40,3.90,0.00,51.07
INV-50050,1,2026-01-25,SO-10053,RT-2001,RL-JCB,FS-2002,BX,189,32.75,23.60,123.80,603.50
INV-50050,2,2026-01-25,SO-10053,RT-2001,RL-JCB,FS-2011,EA,13,48.50,34.90,12.61,61.47
INV-50050,3,2026-01-25,SO-10053,RT-2001,RL-JCB,FS-2001,BX,40,28.50,20.60,22.80,111.15
INV-50051,1,2026-01-25,SO-10054,RT-2002,RL-BRI,TL-9001,EA,287,6.25,4.50,0.00,174.89
INV-50052,1,2026-01-29,SO-10055,CT-1002,RL-KPT,RM-1002,EA,238,6.44,4.95,0.00,0.00
INV-50053,1,2026-01-28,SO-10056,CT-1002,RL-KPT,RF-4020,LF,361,2.18,1.69,0.00,0.00
INV-50054,1,2026-01-28,SO-10057,BL-3001,RL-KPT,CM-3010,BG,79,11.51,9.30,20.38,0.00
INV-50055,1,2026-02-03,SO-10058,CT-1002,RL-BRI,RM-1020,EA,238,5.25,4.05,0.00,0.00
INV-50055,2,2026-02-03,SO-10058,CT-1002,RL-BRI,FS-2001,BX,202,27.25,20.60,115.14,0.00
INV-50055,3,2026-02-03,SO-10058,CT-1002,RL-BRI,PT-5001,EA,201,44.18,32.20,179.90,0.00
INV-50056,1,2026-01-31,SO-10059,CT-1001,RL-JCB,RM-1021,EA,38,35.46,28.10,29.56,0.00
INV-50057,1,2026-01-28,SO-10060,CT-1005,RL-KPT,RF-4002,BNDL,29,51.06,37.65,30.33,0.00
INV-50057,2,2026-01-28,SO-10060,CT-1005,RL-KPT,PT-5001,EA,101,40.92,32.20,90.39,0.00
INV-50057,3,2026-01-28,SO-10060,CT-1005,RL-KPT,DW-6001,EA,12,88.75,64.10,21.36,0.00
INV-50057,4,2026-01-28,SO-10060,CT-1005,RL-KPT,RM-1020,EA,255,5.28,4.05,0.00,0.00
INV-50057,5,2026-01-28,SO-10060,CT-1005,RL-KPT,PT-5001,EA,71,41.73,32.20,63.54,0.00
INV-50058,1,2026-01-28,SO-10061,BL-3002,RL-KPT,RF-4002,BNDL,41,47.52,37.65,42.89,0.00
INV-50058,2,2026-01-28,SO-10061,BL-3002,RL-KPT,DW-6002,EA,6,251.17,208.10,34.68,0.00
INV-50059,1,2026-02-06,SO-10062,CT-1002,RL-BRI,CM-3002,BG,379,5.02,3.90,0.00,0.00
INV-50059,2,2026-02-06,SO-10062,CT-1002,RL-BRI,RM-1022,EA,153,8.21,6.45,0.00,0.00
INV-50059,3,2026-02-06,SO-10062,CT-1002,RL-BRI,PT-5011,BG,108,17.59,13.25,39.74,0.00
INV-50060,1,2026-01-31,SO-10063,CT-1006,RL-BRI,DW-6010,EA,15,293.83,224.60,93.60,0.00
INV-50061,1,2026-02-01,SO-10064,CT-1002,RL-BRI,CM-3020,EA,152,12.94,10.25,43.32,0.00
INV-50061,2,2026-02-01,SO-10064,CT-1002,RL-BRI,RF-4011,RL,74,107.08,78.85,162.06,0.00
INV-50061,3,2026-02-01,SO-10064,CT-1002,RL-BRI,RM-1011,EA,335,23.68,17.95,166.83,0.00
INV-50061,4,2026-02-01,SO-10064,CT-1002,RL-BRI,PT-5002,EA,77,31.73,23.70,50.67,0.00
INV-50061,5,2026-02-01,SO-10064,CT-1002,RL-BRI,FS-2002,BX,142,30.12,23.60,93.01,0.00
INV-50062,1,2026-02-02,SO-10065,CT-1003,RL-KPT,RF-4020,LF,620,2.15,1.69,0.00,0.00
INV-50062,2,2026-02-02,SO-10065,CT-1003,RL-KPT,RM-1011,EA,238,24.39,17.95,118.52,0.00
INV-50062,3,2026-02-02,SO-10065,CT-1003,RL-KPT,RM-1010,EA,317,17.74,13.50,118.88,0.00
INV-50062,4,2026-02-02,SO-10065,CT-1003,RL-KPT,RM-1003,EA,94,10.35,8.25,0.00,0.00
INV-50063,1,2026-01-30,SO-10066,CT-1002,RL-KPT,CM-3001,BG,357,6.27,4.95,0.00,0.00
INV-50063,2,2026-01-30,SO-10066,CT-1002,RL-KPT,RM-1010,EA,366,18.45,13.50,137.25,0.00
INV-50063,3,2026-01-30,SO-10066,CT-1002,RL-KPT,RM-1020,EA,196,5.18,4.05,0.00,0.00
INV-50063,4,2026-01-30,SO-10066,CT-1002,RL-KPT,SX-7001,SQ,64,90.81,68.05,120.96,0.00
INV-50063,5,2026-01-30,SO-10066,CT-1002,RL-KPT,PT-5010,EA,223,11.86,9.05,56.20,0.00
INV-50064,1,2026-02-02,SO-10067,CT-1006,RL-KPT,RF-4010,RL,58,29.79,21.50,34.68,0.00
INV-50064,2,2026-02-02,SO-10067,CT-1006,RL-KPT,FS-2002,BX,86,29.94,23.60,56.33,0.00
INV-50064,3,2026-02-02,SO-10067,CT-1006,RL-KPT,PT-5002,EA,38,31.79,23.70,25.00,0.00
INV-50065,1,2026-01-31,SO-10068,CT-1003,RL-KPT,RM-1020,EA,231,5.24,4.05,0.00,0.00
INV-50065,2,2026-01-31,SO-10068,CT-1003,RL-KPT,PT-5010,EA,202,11.77,9.05,50.90,0.00
INV-50065,3,2026-01-31,SO-10068,CT-1003,RL-KPT,TL-9002,EA,98,8.15,6.40,0.00,0.00
INV-50065,4,2026-01-31,SO-10068,CT-1003,RL-KPT,RF-4010,RL,152,29.21,21.50,90.90,0.00
INV-50065,5,2026-01-31,SO-10068,CT-1003,RL-KPT,RM-1003,EA,256,10.96,8.25,0.00,0.00
INV-50066,1,2026-02-09,SO-10069,CT-1007,RL-BRI,CM-3020,EA,263,13.90,10.25,74.95,0.00
INV-50066,2,2026-02-09,SO-10069,CT-1007,RL-BRI,SX-7001,SQ,35,94.17,68.05,66.15,0.00
INV-50066,3,2026-02-09,SO-10069,CT-1007,RL-BRI,TL-9001,EA,463,6.05,4.50,0.00,0.00
INV-50066,4,2026-02-09,SO-10069,CT-1007,RL-BRI,SX-7001,SQ,50,88.66,68.05,94.50,0.00
INV-50066,5,2026-02-09,SO-10069,CT-1007,RL-BRI,DW-6002,EA,24,283.26,208.10,138.72,0.00
INV-50067,1,2026-01-31,SO-10070,CT-1003,RL-JCB,RM-1022,EA,161,8.30,6.45,0.00,0.00
INV-50067,2,2026-01-31,SO-10070,CT-1003,RL-JCB,FS-2002,BX,166,32.46,23.60,108.73,0.00
INV-50067,3,2026-01-31,SO-10070,CT-1003,RL-JCB,SX-7001,SQ,43,88.97,68.05,81.27,0.00
INV-50067,4,2026-01-31,SO-10070,CT-1003,RL-JCB,DW-6001,EA,18,88.95,64.10,32.04,0.00
INV-50068,1,2026-02-02,SO-10071,CT-1006,RL-BRI,TL-9001,EA,383,6.07,4.50,0.00,0.00
INV-50068,2,2026-02-02,SO-10071,CT-1006,RL-BRI,SX-7001,SQ,61,85.23,68.05,115.29,0.00
INV-50068,3,2026-02-02,SO-10071,CT-1006,RL-BRI,CM-3002,BG,403,5.25,3.90,0.00,0.00
INV-50069,1,2026-02-06,SO-10072,BL-3001,RL-BRI,RM-1002,EA,827,6.28,4.95,0.00,0.00
INV-50069,2,2026-02-06,SO-10072,BL-3001,RL-BRI,RF-4010,RL,129,26.29,21.50,77.14,0.00
INV-50069,3,2026-02-06,SO-10072,BL-3001,RL-BRI,DW-6002,EA,9,260.64,208.10,52.02,0.00
INV-50070,1,2026-02-03,SO-10074,RT-2001,RL-JCB,FS-2011,EA,35,48.50,34.90,33.95,165.51
INV-50070,2,2026-02-03,SO-10074,RT-2001,RL-JCB,TL-9001,EA,197,6.25,4.50,0.00,120.05
INV-50070,3,2026-02-03,SO-10074,RT-2001,RL-JCB,RM-1011,EA,231,24.90,17.95,115.04,560.81
INV-50071,1,2026-02-04,SO-10075,RT-2001,RL-BRI,TL-9001,EA,212,6.25,4.50,0.00,129.19
INV-50072,1,2026-02-04,SO-10076,RT-2002,RL-JCB,SX-7001,SQ,43,94.50,68.05,81.27,396.19
INV-50072,2,2026-02-04,SO-10076,RT-2002,RL-JCB,FS-2011,EA,25,48.50,34.90,24.25,118.22
INV-50072,3,2026-02-04,SO-10076,RT-2002,RL-JCB,RF-4002,BNDL,72,52.30,37.65,75.31,367.15
INV-50073,1,2026-02-05,SO-10077,CT-1007,RL-KPT,RF-4011,RL,34,100.37,78.85,74.46,0.00
INV-50073,2,2026-02-05,SO-10077,CT-1007,RL-KPT,SX-7001,SQ,17,93.27,68.05,32.13,0.00
INV-50073,3,2026-02-05,SO-10077,CT-1007,RL-KPT,PT-5002,EA,58,31.71,23.70,38.16,0.00
INV-50074,1,2026-02-03,SO-10078,CT-1001,RL-BRI,SX-7001,SQ,20,88.51,68.05,37.80,0.00
INV-50074,2,2026-02-03,SO-10078,CT-1001,RL-BRI,PT-5011,BG,104,17.39,13.25,38.27,0.00
INV-50074,3,2026-02-03,SO-10078,CT-1001,RL-BRI,PT-5010,EA,340,12.06,9.05,85.68,0.00
INV-50074,4,2026-02-03,SO-10078,CT-1001,RL-BRI,PT-5010,EA,353,11.65,9.05,88.96,0.00
INV-50074,5,2026-02-03,SO-10078,CT-1001,RL-BRI,RM-1022,EA,185,8.52,6.45,0.00,0.00
INV-50075,1,2026-02-07,SO-10079,CT-1002,RL-BRI,FS-2001,BX,312,28.21,20.60,177.84,0.00
INV-50075,2,2026-02-07,SO-10079,CT-1002,RL-BRI,SX-7001,SQ,98,94.19,68.05,185.22,0.00
INV-50075,3,2026-02-07,SO-10079,CT-1002,RL-BRI,RF-4020,LF,785,2.24,1.69,0.00,0.00
INV-50075,4,2026-02-07,SO-10079,CT-1002,RL-BRI,RF-4010,RL,242,29.04,21.50,144.72,0.00
INV-50076,1,2026-02-10,SO-10080,CT-1003,RL-JCB,PT-5010,EA,214,11.50,9.05,53.93,0.00
INV-50076,2,2026-02-10,SO-10080,CT-1003,RL-JCB,RM-1020,EA,74,5.44,4.05,0.00,0.00
INV-50077,1,2026-02-04,SO-10081,CT-1008,RL-KPT,PT-5002,EA,43,31.42,23.70,28.29,0.00
INV-50078,1,2026-02-04,SO-10082,BL-3002,RL-BRI,FS-2002,BX,94,30.61,23.60,61.57,0.00
INV-50078,2,2026-02-04,SO-10082,BL-3002,RL-BRI,CM-3010,BG,90,12.02,9.30,23.22,0.00
INV-50078,3,2026-02-04,SO-10082,BL-3002,RL-BRI,RM-1020,EA,144,5.06,4.05,0.00,0.00
INV-50078,4,2026-02-04,SO-10082,BL-3002,RL-BRI,FS-2001,BX,174,24.72,20.60,99.18,0.00
INV-50078,5,2026-02-04,SO-10082,BL-3002,RL-BRI,FS-2010,EA,658,1.62,1.33,0.00,0.00
INV-50079,1,2026-02-07,SO-10083,BL-3002,RL-BRI,DW-6002,EA,17,261.15,208.10,98.26,0.00
INV-50080,1,2026-02-08,SO-10084,CT-1005,RL-KPT,DW-6002,EA,7,277.63,208.10,40.46,0.00
INV-50080,2,2026-02-08,SO-10084,CT-1005,RL-KPT,RF-4020,LF,408,2.35,1.69,0.00,0.00
INV-50080,3,2026-02-08,SO-10084,CT-1005,RL-KPT,PT-5002,EA,65,30.83,23.70,42.77,0.00
INV-50080,4,2026-02-08,SO-10084,CT-1005,RL-KPT,RM-1021,EA,36,36.05,28.10,28.01,0.00
INV-50081,1,2026-02-06,SO-10085,CT-1004,RL-BRI,RF-4020,LF,395,2.35,1.69,0.00,0.00
INV-50081,2,2026-02-06,SO-10085,CT-1004,RL-BRI,SX-7010,EA,173,13.35,10.65,51.21,0.00
INV-50081,3,2026-02-06,SO-10085,CT-1004,RL-BRI,DW-6001,EA,39,82.01,64.10,69.42,0.00
INV-50081,4,2026-02-06,SO-10085,CT-1004,RL-BRI,PT-5002,EA,47,31.58,23.70,30.93,0.00
INV-50082,1,2026-02-07,SO-10086,CT-1008,RL-BRI,PT-5010,EA,125,11.80,9.05,31.50,0.00
INV-50082,2,2026-02-07,SO-10086,CT-1008,RL-BRI,RF-4010,RL,75,29.20,21.50,44.85,0.00
INV-50082,3,2026-02-07,SO-10086,CT-1008,RL-BRI,RF-4002,BNDL,152,50.27,37.65,158.99,0.00
INV-50082,4,2026-02-07,SO-10086,CT-1008,RL-BRI,FS-2001,BX,345,27.92,20.60,196.65,0.00
INV-50083,1,2026-02-11,SO-10087,BL-3001,RL-JCB,TL-9001,EA,198,5.82,4.50,0.00,0.00
INV-50083,2,2026-02-11,SO-10087,BL-3001,RL-JCB,FS-2001,BX,93,24.88,20.60,53.01,0.00
INV-50083,3,2026-02-11,SO-10087,BL-3001,RL-JCB,RF-4011,RL,40,98.64,78.85,87.60,0.00
INV-50083,4,2026-02-11,SO-10087,BL-3001,RL-JCB,TL-9002,EA,169,8.23,6.40,0.00,0.00
INV-50083,5,2026-02-11,SO-10087,BL-3001,RL-JCB,PT-5010,EA,175,11.26,9.05,44.10,0.00
INV-50084,1,2026-02-07,SO-10088,CT-1005,RL-JCB,TL-9001,EA,113,6.01,4.50,0.00,0.00
INV-50084,2,2026-02-07,SO-10088,CT-1005,RL-JCB,PT-5011,BG,36,16.62,13.25,13.25,0.00
INV-50084,3,2026-02-07,SO-10088,CT-1005,RL-JCB,RM-1022,EA,154,8.43,6.45,0.00,0.00
INV-50084,4,2026-02-07,SO-10088,CT-1005,RL-JCB,DW-6002,EA,12,282.50,208.10,69.36,0.00
INV-50085,1,2026-02-09,SO-10089,CT-1008,RL-JCB,RF-4020,LF,561,2.24,1.69,0.00,0.00
INV-50085,2,2026-02-09,SO-10089,CT-1008,RL-JCB,PT-5002,EA,73,31.85,23.70,48.03,0.00
INV-50086,1,2026-02-09,SO-10090,CT-1005,RL-KPT,CM-3002,BG,301,5.12,3.90,0.00,0.00
INV-50086,2,2026-02-09,SO-10090,CT-1005,RL-KPT,RF-4002,BNDL,59,49.91,37.65,61.71,0.00
INV-50086,3,2026-02-09,SO-10090,CT-1005,RL-KPT,DW-6001,EA,41,87.26,64.10,72.98,0.00
INV-50087,1,2026-02-08,SO-10091,CT-1005,RL-BRI,RF-4002,BNDL,167,47.79,37.65,174.68,0.00
INV-50087,2,2026-02-08,SO-10091,CT-1005,RL-BRI,CM-3020,EA,128,13.58,10.25,36.48,0.00
INV-50087,3,2026-02-08,SO-10091,CT-1005,RL-BRI,CM-3010,BG,59,12.54,9.30,15.22,0.00
INV-50087,4,2026-02-08,SO-10091,CT-1005,RL-BRI,RM-1021,EA,119,38.76,28.10,92.58,0.00
INV-50088,1,2026-02-09,SO-10092,CT-1003,RL-BRI,RM-1020,EA,354,5.45,4.05,0.00,0.00
INV-50088,2,2026-02-09,SO-10092,CT-1003,RL-BRI,RM-1003,EA,493,11.27,8.25,0.00,0.00
INV-50089,1,2026-02-09,SO-10093,CT-1003,RL-JCB,RM-1001,EA,532,3.95,2.86,0.00,0.00
INV-50089,2,2026-02-09,SO-10093,CT-1003,RL-JCB,PT-5001,EA,76,42.71,32.20,68.02,0.00
INV-50089,3,2026-02-09,SO-10093,CT-1003,RL-JCB,TL-9002,EA,199,8.46,6.40,0.00,0.00
INV-50089,4,2026-02-09,SO-10093,CT-1003,RL-JCB,RF-4002,BNDL,36,47.92,37.65,37.66,0.00
INV-50090,1,2026-02-09,SO-10094,RT-2003,RL-BRI,DW-6001,EA,55,89.00,64.10,97.90,477.26
INV-50090,2,2026-02-09,SO-10094,RT-2003,RL-BRI,RM-1020,EA,260,5.60,4.05,0.00,141.96
INV-50090,3,2026-02-09,SO-10094,RT-2003,RL-BRI,FS-2001,BX,210,28.50,20.60,119.70,583.54
INV-50091,1,2026-02-08,SO-10095,RT-2002,RL-BRI,PT-5010,EA,275,12.60,9.05,69.30,337.84
INV-50091,2,2026-02-08,SO-10095,RT-2002,RL-BRI,RF-4011,RL,37,109.50,78.85,81.03,395.02
INV-50091,3,2026-02-08,SO-10095,RT-2002,RL-BRI,RF-4011,RL,80,109.50,78.85,175.20,854.10
INV-50092,1,2026-02-10,SO-10096,RT-2002,RL-KPT,TL-9001,EA,349,6.25,4.50,0.00,212.67
INV-50092,2,2026-02-10,SO-10096,RT-2002,RL-KPT,CM-3002,BG,323,5.40,3.90,0.00,170.06
INV-50093,1,2026-02-08,SO-10097,RT-2001,RL-KPT,CM-3001,BG,575,6.85,4.95,0.00,384.03
INV-50093,2,2026-02-08,SO-10097,RT-2001,RL-KPT,RF-4020,LF,703,2.35,1.69,0.00,161.07
INV-50093,3,2026-02-08,SO-10097,RT-2001,RL-KPT,CM-3002,BG,309,5.40,3.90,0.00,162.69
INV-50094,1,2026-02-08,SO-10098,RT-2002,RL-JCB,RF-4011,RL,46,109.50,78.85,100.74,491.11
INV-50094,2,2026-02-08,SO-10098,RT-2002,RL-JCB,RM-1001,EA,933,3.98,2.86,0.00,362.05
INV-50095,1,2026-02-13,SO-10099,CT-1007,RL-BRI,RM-1003,EA,124,10.41,8.25,0.00,0.00
INV-50096,1,2026-02-11,SO-10100,CT-1007,RL-BRI,PT-5002,EA,56,30.90,23.70,36.85,0.00
INV-50096,2,2026-02-11,SO-10100,CT-1007,RL-BRI,FS-2001,BX,278,25.66,20.60,158.46,0.00
INV-50096,3,2026-02-11,SO-10100,CT-1007,RL-BRI,RM-1002,EA,1298,6.66,4.95,0.00,0.00
INV-50096,4,2026-02-11,SO-10100,CT-1007,RL-BRI,DW-6010,EA,22,288.52,224.60,137.28,0.00
INV-50097,1,2026-02-11,SO-10101,CT-1003,RL-BRI,RM-1011,EA,139,24.16,17.95,69.22,0.00
INV-50097,2,2026-02-11,SO-10101,CT-1003,RL-BRI,RM-1010,EA,272,17.89,13.50,102.00,0.00
INV-50097,3,2026-02-11,SO-10101,CT-1003,RL-BRI,RM-1010,EA,325,17.31,13.50,121.88,0.00
INV-50097,4,2026-02-11,SO-10101,CT-1003,RL-BRI,RF-4020,LF,711,2.31,1.69,0.00,0.00
INV-50098,1,2026-02-11,SO-10102,CT-1004,RL-BRI,FS-2011,EA,60,46.05,34.90,58.20,0.00
INV-50098,2,2026-02-11,SO-10102,CT-1004,RL-BRI,PT-5002,EA,168,32.20,23.70,110.54,0.00
INV-50098,3,2026-02-11,SO-10102,CT-1004,RL-BRI,RF-4020,LF,808,2.19,1.69,0.00,0.00
INV-50098,4,2026-02-11,SO-10102,CT-1004,RL-BRI,FS-2011,EA,69,47.77,34.90,66.93,0.00
INV-50098,5,2026-02-11,SO-10102,CT-1004,RL-BRI,RF-4011,RL,94,103.62,78.85,205.86,0.00
INV-50099,1,2026-02-12,SO-10103,CT-1001,RL-KPT,RM-1020,EA,341,5.09,4.05,0.00,0.00
INV-50099,2,2026-02-12,SO-10103,CT-1001,RL-KPT,CM-3001,BG,229,6.58,4.95,0.00,0.00
INV-50099,3,2026-02-12,SO-10103,CT-1001,RL-KPT,RM-1003,EA,357,11.13,8.25,0.00,0.00
INV-50099,4,2026-02-12,SO-10103,CT-1001,RL-KPT,CM-3002,BG,237,5.04,3.90,0.00,0.00
INV-50099,5,2026-02-12,SO-10103,CT-1001,RL-KPT,RM-1001,EA,619,3.88,2.86,0.00,0.00
INV-50100,1,2026-02-15,SO-10104,CT-1008,RL-JCB,PT-5002,EA,45,32.51,23.70,29.61,0.00
INV-50100,2,2026-02-15,SO-10104,CT-1008,RL-JCB,SX-7010,EA,47,14.01,10.65,13.91,0.00
INV-50101,1,2026-02-20,SO-10105,CT-1006,RL-JCB,DW-6002,EA,7,266.75,208.10,40.46,0.00
INV-50101,2,2026-02-20,SO-10105,CT-1006,RL-JCB,CM-3020,EA,104,13.80,10.25,29.64,0.00
INV-50101,3,2026-02-20,SO-10105,CT-1006,RL-JCB,RF-4001,BNDL,356,37.68,27.90,275.90,0.00
INV-50101,4,2026-02-20,SO-10105,CT-1006,RL-JCB,TL-9002,EA,127,8.32,6.40,0.00,0.00
INV-50102,1,2026-02-12,SO-10106,CT-1003,RL-KPT,RM-1011,EA,442,24.31,17.95,220.12,0.00
INV-50102,2,2026-02-12,SO-10106,CT-1003,RL-KPT,DW-6002,EA,7,262.06,208.10,40.46,0.00
INV-50102,3,2026-02-12,SO-10106,CT-1003,RL-KPT,FS-2002,BX,70,30.70,23.60,45.85,0.00
INV-50102,4,2026-02-12,SO-10106,CT-1003,RL-KPT,TL-9001,EA,225,5.88,4.50,0.00,0.00
INV-50102,5,2026-02-12,SO-10106,CT-1003,RL-KPT,RM-1002,EA,630,6.83,4.95,0.00,0.00
INV-50103,1,2026-02-13,SO-10107,CT-1001,RL-KPT,RF-4001,BNDL,509,36.41,27.90,394.47,0.00
INV-50104,1,2026-02-13,SO-10108,CT-1007,RL-KPT,RM-1003,EA,119,10.89,8.25,0.00,0.00
INV-50104,2,2026-02-13,SO-10108,CT-1007,RL-KPT,RM-1010,EA,522,17.03,13.50,195.75,0.00
INV-50105,1,2026-02-14,SO-10109,CT-1007,RL-KPT,TL-9001,EA,187,6.05,4.50,0.00,0.00
INV-50106,1,2026-02-14,SO-10111,BL-3001,RL-BRI,CM-3010,BG,193,11.89,9.30,49.79,0.00
INV-50107,1,2026-02-15,SO-10112,BL-3002,RL-BRI,PT-5011,BG,109,16.80,13.25,40.11,0.00
INV-50107,2,2026-02-15,SO-10112,BL-3002,RL-BRI,RM-1020,EA,399,4.93,4.05,0.00,0.00
INV-50107,3,2026-02-15,SO-10112,BL-3002,RL-BRI,RM-1011,EA,179,22.83,17.95,89.14,0.00
INV-50108,1,2026-02-17,SO-10113,CT-1003,RL-KPT,RF-4002,BNDL,40,49.32,37.65,41.84,0.00
INV-50109,1,2026-02-16,SO-10114,BL-3001,RL-KPT,RM-1001,EA,717,3.45,2.86,0.00,0.00
INV-50110,1,2026-02-21,SO-10115,RT-2001,RL-KPT,RF-4002,BNDL,73,52.30,37.65,76.36,372.25
INV-50110,2,2026-02-21,SO-10115,RT-2001,RL-KPT,RM-1011,EA,234,24.90,17.95,116.53,568.09
INV-50111,1,2026-02-18,SO-10116,RT-2002,RL-KPT,PT-5011,BG,123,18.40,13.25,45.26,220.66
INV-50111,2,2026-02-18,SO-10116,RT-2002,RL-KPT,PT-5001,EA,129,44.75,32.20,115.45,562.84
INV-50111,3,2026-02-18,SO-10116,RT-2002,RL-KPT,FS-2001,BX,121,28.50,20.60,68.97,336.23
INV-50111,4,2026-02-18,SO-10116,RT-2002,RL-KPT,CM-3001,BG,513,6.85,4.95,0.00,342.62
INV-50112,1,2026-02-17,SO-10117,RT-2002,RL-BRI,DW-6001,EA,32,89.00,64.10,56.96,277.68
INV-50112,2,2026-02-17,SO-10117,RT-2002,RL-BRI,CM-3001,BG,784,6.85,4.95,0.00,523.61
INV-50112,3,2026-02-17,SO-10117,RT-2002,RL-BRI,RM-1002,EA,1272,6.85,4.95,0.00,849.54
INV-50112,4,2026-02-17,SO-10117,RT-2002,RL-BRI,CM-3002,BG,299,5.40,3.90,0.00,157.42
INV-50113,1,2026-02-19,SO-10118,CT-1002,RL-JCB,DW-6010,EA,16,311.71,224.60,99.84,0.00
INV-50113,2,2026-02-19,SO-10118,CT-1002,RL-JCB,TL-9001,EA,213,6.20,4.50,0.00,0.00
INV-50113,3,2026-02-19,SO-10118,CT-1002,RL-JCB,DW-6002,EA,10,270.49,208.10,57.80,0.00
INV-50113,4,2026-02-19,SO-10118,CT-1002,RL-JCB,RM-1020,EA,83,5.41,4.05,0.00,0.00
INV-50114,1,2026-02-20,SO-10119,CT-1003,RL-KPT,RM-1021,EA,51,37.03,28.10,39.68,0.00
INV-50114,2,2026-02-20,SO-10119,CT-1003,RL-KPT,CM-3010,BG,94,12.61,9.30,24.25,0.00
INV-50114,3,2026-02-20,SO-10119,CT-1003,RL-KPT,FS-2002,BX,80,30.84,23.60,52.40,0.00
INV-50114,4,2026-02-20,SO-10119,CT-1003,RL-KPT,RM-1020,EA,115,5.12,4.05,0.00,0.00
INV-50115,1,2026-02-20,SO-10120,CT-1005,RL-BRI,RF-4020,LF,138,2.28,1.69,0.00,0.00
INV-50115,2,2026-02-20,SO-10120,CT-1005,RL-BRI,RM-1002,EA,827,6.63,4.95,0.00,0.00
INV-50115,3,2026-02-20,SO-10120,CT-1005,RL-BRI,FS-2010,EA,994,1.76,1.33,0.00,0.00
INV-50115,4,2026-02-20,SO-10120,CT-1005,RL-BRI,FS-2010,EA,422,1.75,1.33,0.00,0.00
INV-50116,1,2026-02-18,SO-10121,CT-1007,RL-KPT,DW-6010,EA,14,287.22,224.60,87.36,0.00
INV-50116,2,2026-02-18,SO-10121,CT-1007,RL-KPT,RM-1011,EA,311,23.75,17.95,154.88,0.00
INV-50116,3,2026-02-18,SO-10121,CT-1007,RL-KPT,PT-5010,EA,237,11.67,9.05,59.72,0.00
INV-50116,4,2026-02-18,SO-10121,CT-1007,RL-KPT,TL-9002,EA,189,8.54,6.40,0.00,0.00
INV-50117,1,2026-02-20,SO-10122,CT-1007,RL-KPT,RM-1020,EA,271,5.17,4.05,0.00,0.00
INV-50117,2,2026-02-20,SO-10122,CT-1007,RL-KPT,RM-1022,EA,207,8.51,6.45,0.00,0.00
INV-50117,3,2026-02-20,SO-10122,CT-1007,RL-KPT,DW-6002,EA,14,272.33,208.10,80.92,0.00
INV-50117,4,2026-02-20,SO-10122,CT-1007,RL-KPT,TL-9002,EA,213,8.58,6.40,0.00,0.00
INV-50118,1,2026-02-18,SO-10123,CT-1003,RL-KPT,RM-1001,EA,953,3.73,2.86,0.00,0.00
INV-50118,2,2026-02-18,SO-10123,CT-1003,RL-KPT,TL-9002,EA,161,8.64,6.40,0.00,0.00
INV-50119,1,2026-02-18,SO-10124,CT-1008,RL-KPT,RF-4010,RL,71,29.13,21.50,42.46,0.00
INV-50120,1,2026-02-20,SO-10125,CT-1008,RL-KPT,RM-1003,EA,323,10.51,8.25,0.00,0.00
INV-50121,1,2026-02-19,SO-10126,CT-1002,RL-KPT,RM-1022,EA,464,8.78,6.45,0.00,0.00
INV-50122,1,2026-02-20,SO-10127,BL-3002,RL-KPT,PT-5002,EA,84,28.74,23.70,55.27,0.00
INV-50122,2,2026-02-20,SO-10127,BL-3002,RL-KPT,RF-4010,RL,89,27.77,21.50,53.22,0.00
INV-50122,3,2026-02-20,SO-10127,BL-3002,RL-KPT,RM-1021,EA,39,34.73,28.10,30.34,0.00
INV-50122,4,2026-02-20,SO-10127,BL-3002,RL-KPT,RM-1010,EA,722,16.32,13.50,270.75,0.00
INV-50122,5,2026-02-20,SO-10127,BL-3002,RL-KPT,FS-2001,BX,111,26.40,20.60,63.27,0.00
INV-50123,1,2026-02-19,SO-10128,CT-1007,RL-KPT,DW-6001,EA,17,88.43,64.10,30.26,0.00
INV-50123,2,2026-02-19,SO-10128,CT-1007,RL-KPT,PT-5010,EA,185,12.07,9.05,46.62,0.00
INV-50123,3,2026-02-19,SO-10128,CT-1007,RL-KPT,RM-1020,EA,182,5.41,4.05,0.00,0.00
INV-50123,4,2026-02-19,SO-10128,CT-1007,RL-KPT,PT-5002,EA,90,30.92,23.70,59.22,0.00
INV-50124,1,2026-02-23,SO-10129,CT-1004,RL-KPT,RM-1010,EA,191,18.44,13.50,71.62,0.00
INV-50124,2,2026-02-23,SO-10129,CT-1004,RL-KPT,RM-1002,EA,320,6.47,4.95,0.00,0.00
INV-50124,3,2026-02-23,SO-10129,CT-1004,RL-KPT,RM-1001,EA,1574,3.98,2.86,0.00,0.00
INV-50125,1,2026-02-20,SO-10130,CT-1003,RL-JCB,FS-2010,EA,207,1.80,1.33,0.00,0.00
INV-50125,2,2026-02-20,SO-10130,CT-1003,RL-JCB,CM-3010,BG,68,11.73,9.30,17.54,0.00
INV-50125,3,2026-02-20,SO-10130,CT-1003,RL-JCB,CM-3002,BG,173,4.98,3.90,0.00,0.00
INV-50126,1,2026-02-21,SO-10131,CT-1008,RL-BRI,RM-1021,EA,49,36.17,28.10,38.12,0.00
INV-50126,2,2026-02-21,SO-10131,CT-1008,RL-BRI,PT-5011,BG,160,16.80,13.25,58.88,0.00
INV-50126,3,2026-02-21,SO-10131,CT-1008,RL-BRI,FS-2002,BX,111,31.47,23.60,72.71,0.00
INV-50126,4,2026-02-21,SO-10131,CT-1008,RL-BRI,FS-2010,EA,799,1.78,1.33,0.00,0.00
INV-50127,1,2026-02-21,SO-10132,CT-1007,RL-KPT,PT-5011,BG,72,18.02,13.25,26.50,0.00
INV-50128,1,2026-02-23,SO-10133,CT-1004,RL-BRI,RM-1002,EA,1165,6.37,4.95,0.00,0.00
INV-50128,2,2026-02-23,SO-10133,CT-1004,RL-BRI,CM-3001,BG,921,6.20,4.95,0.00,0.00
INV-50128,3,2026-02-23,SO-10133,CT-1004,RL-BRI,CM-3020,EA,188,13.54,10.25,53.58,0.00
INV-50128,4,2026-02-23,SO-10133,CT-1004,RL-BRI,RM-1011,EA,391,24.87,17.95,194.72,0.00
INV-50128,5,2026-02-23,SO-10133,CT-1004,RL-BRI,RF-4020,LF,348,2.25,1.69,0.00,0.00
INV-50129,1,2026-02-23,SO-10134,RT-2001,RL-JCB,RM-1003,EA,226,11.40,8.25,0.00,251.20
INV-50130,1,2026-02-23,SO-10135,RT-2002,RL-KPT,RF-4011,RL,23,109.50,78.85,50.37,245.55
INV-50130,2,2026-02-23,SO-10135,RT-2002,RL-KPT,FS-2002,BX,191,32.75,23.60,125.11,609.89
INV-50130,3,2026-02-23,SO-10135,RT-2002,RL-KPT,RM-1011,EA,216,24.90,17.95,107.57,524.39
INV-50130,4,2026-02-23,SO-10135,RT-2002,RL-KPT,CM-3020,EA,63,14.25,10.25,17.96,87.53
INV-50131,1,2026-02-23,SO-10136,RT-2002,RL-KPT,FS-2001,BX,203,28.50,20.60,115.71,564.09
INV-50131,2,2026-02-23,SO-10136,RT-2002,RL-KPT,PT-5002,EA,83,32.90,23.70,54.61,266.24
INV-50131,3,2026-02-23,SO-10136,RT-2002,RL-KPT,RF-4001,BNDL,212,38.75,27.90,164.30,800.96
INV-50132,1,2026-02-22,SO-10137,RT-2002,RL-KPT,RM-1011,EA,282,24.90,17.95,140.44,684.63
INV-50133,1,2026-02-24,SO-10138,CT-1008,RL-JCB,CM-3010,BG,44,12.72,9.30,11.35,0.00
INV-50133,2,2026-02-24,SO-10138,CT-1008,RL-JCB,RM-1001,EA,309,3.73,2.86,0.00,0.00
INV-50134,1,2026-02-26,SO-10139,CT-1003,RL-BRI,RM-1011,EA,412,24.09,17.95,205.18,0.00
INV-50134,2,2026-02-26,SO-10139,CT-1003,RL-BRI,RM-1010,EA,354,18.72,13.50,132.75,0.00
INV-50134,3,2026-02-26,SO-10139,CT-1003,RL-BRI,DW-6001,EA,18,82.61,64.10,32.04,0.00
INV-50134,4,2026-02-26,SO-10139,CT-1003,RL-BRI,RF-4011,RL,50,98.64,78.85,109.50,0.00
INV-50135,1,2026-02-28,SO-10140,CT-1005,RL-KPT,CM-3001,BG,681,6.71,4.95,0.00,0.00
INV-50135,2,2026-02-28,SO-10140,CT-1005,RL-KPT,FS-2002,BX,69,30.24,23.60,45.20,0.00
INV-50135,3,2026-02-28,SO-10140,CT-1005,RL-KPT,PT-5002,EA,95,29.64,23.70,62.51,0.00
INV-50135,4,2026-02-28,SO-10140,CT-1005,RL-KPT,PT-5001,EA,53,44.07,32.20,47.44,0.00
INV-50135,5,2026-02-28,SO-10140,CT-1005,RL-KPT,RF-4011,RL,24,101.16,78.85,52.56,0.00
INV-50136,1,2026-02-28,SO-10141,CT-1008,RL-JCB,PT-5010,EA,211,12.07,9.05,53.17,0.00
INV-50136,2,2026-02-28,SO-10141,CT-1008,RL-JCB,FS-2001,BX,139,27.34,20.60,79.23,0.00
INV-50136,3,2026-02-28,SO-10141,CT-1008,RL-JCB,RM-1010,EA,300,17.32,13.50,112.50,0.00
INV-50137,1,2026-02-26,SO-10142,CT-1006,RL-JCB,FS-2001,BX,161,26.09,20.60,91.77,0.00
INV-50137,2,2026-02-26,SO-10142,CT-1006,RL-JCB,FS-2010,EA,445,1.69,1.33,0.00,0.00
INV-50137,3,2026-02-26,SO-10142,CT-1006,RL-JCB,PT-5002,EA,94,30.62,23.70,61.85,0.00
INV-50138,1,2026-02-26,SO-10143,CT-1005,RL-JCB,RF-4020,LF,199,2.34,1.69,0.00,0.00
INV-50138,2,2026-02-26,SO-10143,CT-1005,RL-JCB,DW-6001,EA,22,82.42,64.10,39.16,0.00
INV-50138,3,2026-02-26,SO-10143,CT-1005,RL-JCB,FS-2011,EA,12,45.84,34.90,11.64,0.00
INV-50139,1,2026-02-27,SO-10144,BL-3001,RL-BRI,FS-2001,BX,82,26.07,20.60,46.74,0.00
INV-50139,2,2026-02-27,SO-10144,BL-3001,RL-BRI,RM-1020,EA,182,5.18,4.05,0.00,0.00
INV-50140,1,2026-03-01,SO-10145,CT-1002,RL-BRI,SX-7010,EA,75,13.96,10.65,22.20,0.00
INV-50141,1,2026-02-28,SO-10146,CT-1007,RL-KPT,SX-7001,SQ,50,87.37,68.05,94.50,0.00
INV-50141,2,2026-02-28,SO-10146,CT-1007,RL-KPT,RF-4010,RL,121,28.34,21.50,72.36,0.00
INV-50141,3,2026-02-28,SO-10146,CT-1007,RL-KPT,RM-1020,EA,161,5.15,4.05,0.00,0.00
INV-50141,4,2026-02-28,SO-10146,CT-1007,RL-KPT,CM-3020,EA,165,13.96,10.25,47.03,0.00
INV-50142,1,2026-03-08,SO-10147,CT-1006,RL-KPT,CM-3010,BG,41,11.97,9.30,10.58,0.00
INV-50142,2,2026-03-08,SO-10147,CT-1006,RL-KPT,TL-9001,EA,273,6.25,4.50,0.00,0.00
INV-50142,3,2026-03-08,SO-10147,CT-1006,RL-KPT,FS-2010,EA,322,1.71,1.33,0.00,0.00
INV-50142,4,2026-03-08,SO-10147,CT-1006,RL-KPT,RM-1010,EA,594,17.95,13.50,222.75,0.00
INV-50142,5,2026-03-08,SO-10147,CT-1006,RL-KPT,PT-5011,BG,73,18.12,13.25,26.86,0.00
INV-50143,1,2026-03-02,SO-10148,CT-1003,RL-BRI,FS-2002,BX,138,32.71,23.60,90.39,0.00
INV-50143,2,2026-03-02,SO-10148,CT-1003,RL-BRI,TL-9002,EA,133,8.04,6.40,0.00,0.00
INV-50143,3,2026-03-02,SO-10148,CT-1003,RL-BRI,RM-1010,EA,212,17.86,13.50,79.50,0.00
INV-50144,1,2026-03-04,SO-10149,CT-1001,RL-BRI,FS-2002,BX,327,32.29,23.60,214.19,0.00
INV-50144,2,2026-03-04,SO-10149,CT-1001,RL-BRI,RM-1011,EA,318,23.40,17.95,158.36,0.00
INV-50144,3,2026-03-04,SO-10149,CT-1001,RL-BRI,RM-1021,EA,77,38.81,28.10,59.91,0.00
INV-50145,1,2026-03-03,SO-10150,RT-2002,RL-KPT,FS-2011,EA,33,48.50,34.90,32.01,156.05
INV-50145,2,2026-03-03,SO-10150,RT-2002,RL-KPT,RF-4010,RL,64,29.90,21.50,38.27,186.58
INV-50145,3,2026-03-03,SO-10150,RT-2002,RL-KPT,DW-6001,EA,42,89.00,64.10,74.76,364.45
INV-50145,4,2026-03-03,SO-10150,RT-2002,RL-KPT,RM-1003,EA,146,11.40,8.25,0.00,162.28
INV-50145,5,2026-03-03,SO-10150,RT-2002,RL-KPT,CM-3010,BG,119,12.90,9.30,30.70,149.67
INV-50146,1,2026-03-01,SO-10151,RT-2002,RL-KPT,PT-5001,EA,132,44.75,32.20,118.14,575.93
INV-50146,2,2026-03-01,SO-10151,RT-2002,RL-KPT,CM-3020,EA,176,14.25,10.25,50.16,244.53
INV-50146,3,2026-03-01,SO-10151,RT-2002,RL-KPT,RM-1021,EA,63,38.90,28.10,49.01,238.94
INV-50147,1,2026-03-04,SO-10152,RT-2001,RL-JCB,CM-3010,BG,43,12.90,9.30,11.09,54.08
INV-50147,2,2026-03-04,SO-10152,RT-2001,RL-JCB,RM-1003,EA,132,11.40,8.25,0.00,146.72
INV-50147,3,2026-03-04,SO-10152,RT-2001,RL-JCB,RM-1021,EA,25,38.90,28.10,19.45,94.82
INV-50147,4,2026-03-04,SO-10152,RT-2001,RL-JCB,PT-5011,BG,37,18.40,13.25,13.62,66.38
INV-50148,1,2026-03-02,SO-10153,RT-2001,RL-BRI,DW-6010,EA,12,312.00,224.60,74.88,365.04
INV-50148,2,2026-03-02,SO-10153,RT-2001,RL-BRI,CM-3002,BG,518,5.40,3.90,0.00,272.73
INV-50148,3,2026-03-02,SO-10153,RT-2001,RL-BRI,RF-4001,BNDL,584,38.75,27.90,452.60,2206.43
INV-50148,4,2026-03-02,SO-10153,RT-2001,RL-BRI,RM-1021,EA,42,38.90,28.10,32.68,159.30
INV-50149,1,2026-03-04,SO-10154,RT-2001,RL-BRI,RM-1002,EA,511,6.85,4.95,0.00,341.28
INV-50149,2,2026-03-04,SO-10154,RT-2001,RL-BRI,RM-1020,EA,287,5.60,4.05,0.00,156.70
INV-50149,3,2026-03-04,SO-10154,RT-2001,RL-BRI,DW-6001,EA,38,89.00,64.10,67.64,329.75
INV-50149,4,2026-03-04,SO-10154,RT-2001,RL-BRI,RF-4001,BNDL,236,38.75,27.90,182.90,891.64
INV-50150,1,2026-03-06,SO-10156,BL-3001,RL-BRI,CM-3020,EA,218,13.28,10.25,62.13,0.00
INV-50150,2,2026-03-06,SO-10156,BL-3001,RL-BRI,RM-1003,EA,386,10.53,8.25,0.00,0.00
INV-50150,3,2026-03-06,SO-10156,BL-3001,RL-BRI,FS-2002,BX,151,28.62,23.60,98.91,0.00
INV-50150,4,2026-03-06,SO-10156,BL-3001,RL-BRI,FS-2010,EA,1636,1.61,1.33,0.00,0.00
INV-50151,1,2026-03-11,SO-10157,CT-1002,RL-JCB,DW-6001,EA,27,84.73,64.10,48.06,0.00
INV-50151,2,2026-03-11,SO-10157,CT-1002,RL-JCB,RM-1001,EA,1152,3.79,2.86,0.00,0.00
INV-50152,1,2026-03-04,SO-10158,CT-1007,RL-BRI,RM-1021,EA,157,38.43,28.10,122.15,0.00
INV-50152,2,2026-03-04,SO-10158,CT-1007,RL-BRI,DW-6002,EA,14,276.63,208.10,80.92,0.00
INV-50152,3,2026-03-04,SO-10158,CT-1007,RL-BRI,TL-9001,EA,174,5.71,4.50,0.00,0.00
INV-50152,4,2026-03-04,SO-10158,CT-1007,RL-BRI,DW-6001,EA,19,83.05,64.10,33.82,0.00
INV-50152,5,2026-03-04,SO-10158,CT-1007,RL-BRI,CM-3020,EA,97,13.21,10.25,27.64,0.00
INV-50153,1,2026-03-04,SO-10159,CT-1006,RL-BRI,CM-3010,BG,87,12.18,9.30,22.45,0.00
INV-50153,2,2026-03-04,SO-10159,CT-1006,RL-BRI,RF-4020,LF,546,2.27,1.69,0.00,0.00
INV-50153,3,2026-03-04,SO-10159,CT-1006,RL-BRI,CM-3001,BG,772,6.44,4.95,0.00,0.00
INV-50154,1,2026-03-08,SO-10160,BL-3001,RL-JCB,RM-1002,EA,312,6.00,4.95,0.00,0.00
INV-50154,2,2026-03-08,SO-10160,BL-3001,RL-JCB,RM-1010,EA,266,17.50,13.50,99.75,0.00
INV-50155,1,2026-03-05,SO-10161,CT-1004,RL-BRI,TL-9002,EA,323,8.78,6.40,0.00,0.00
INV-50155,2,2026-03-05,SO-10161,CT-1004,RL-BRI,PT-5002,EA,103,30.46,23.70,67.77,0.00
INV-50155,3,2026-03-05,SO-10161,CT-1004,RL-BRI,RM-1020,EA,257,5.13,4.05,0.00,0.00
INV-50155,4,2026-03-05,SO-10161,CT-1004,RL-BRI,CM-3002,BG,558,5.23,3.90,0.00,0.00
INV-50156,1,2026-03-06,SO-10162,CT-1005,RL-KPT,RM-1001,EA,753,3.96,2.86,0.00,0.00
INV-50157,1,2026-03-09,SO-10163,CT-1005,RL-BRI,RM-1001,EA,1561,3.92,2.86,0.00,0.00
INV-50157,2,2026-03-09,SO-10163,CT-1005,RL-BRI,PT-5010,EA,518,11.70,9.05,130.54,0.00
INV-50157,3,2026-03-09,SO-10163,CT-1005,RL-BRI,RM-1021,EA,113,36.09,28.10,87.91,0.00
INV-50157,4,2026-03-09,SO-10163,CT-1005,RL-BRI,RF-4020,LF,1120,2.28,1.69,0.00,0.00
INV-50158,1,2026-03-07,SO-10164,CT-1005,RL-BRI,TL-9002,EA,469,8.38,6.40,0.00,0.00
INV-50158,2,2026-03-07,SO-10164,CT-1005,RL-BRI,PT-5011,BG,183,18.39,13.25,67.34,0.00
INV-50158,3,2026-03-07,SO-10164,CT-1005,RL-BRI,CM-3001,BG,669,6.64,4.95,0.00,0.00
INV-50158,4,2026-03-07,SO-10164,CT-1005,RL-BRI,TL-9001,EA,630,5.94,4.50,0.00,0.00
INV-50158,5,2026-03-07,SO-10164,CT-1005,RL-BRI,FS-2010,EA,1466,1.70,1.33,0.00,0.00
INV-50159,1,2026-03-08,SO-10165,CT-1002,RL-KPT,CM-3010,BG,98,12.01,9.30,25.28,0.00
INV-50159,2,2026-03-08,SO-10165,CT-1002,RL-KPT,PT-5001,EA,141,42.35,32.20,126.19,0.00
INV-50159,3,2026-03-08,SO-10165,CT-1002,RL-KPT,RM-1022,EA,394,8.58,6.45,0.00,0.00
INV-50159,4,2026-03-08,SO-10165,CT-1002,RL-KPT,RM-1011,EA,325,22.71,17.95,161.85,0.00
INV-50159,5,2026-03-08,SO-10165,CT-1002,RL-KPT,PT-5011,BG,110,18.16,13.25,40.48,0.00
INV-50160,1,2026-03-09,SO-10166,CT-1003,RL-BRI,FS-2011,EA,83,46.71,34.90,80.51,0.00
INV-50160,2,2026-03-09,SO-10166,CT-1003,RL-BRI,FS-2011,EA,32,44.67,34.90,31.04,0.00
INV-50160,3,2026-03-09,SO-10166,CT-1003,RL-BRI,FS-2010,EA,1125,1.81,1.33,0.00,0.00
INV-50160,4,2026-03-09,SO-10166,CT-1003,RL-BRI,RM-1020,EA,188,5.28,4.05,0.00,0.00
INV-50161,1,2026-03-09,SO-10167,CT-1008,RL-BRI,CM-3001,BG,260,6.32,4.95,0.00,0.00
INV-50161,2,2026-03-09,SO-10167,CT-1008,RL-BRI,PT-5002,EA,98,31.27,23.70,64.48,0.00
INV-50162,1,2026-03-09,SO-10168,CT-1005,RL-BRI,FS-2001,BX,206,26.67,20.60,117.42,0.00
INV-50162,2,2026-03-09,SO-10168,CT-1005,RL-BRI,CM-3001,BG,482,6.72,4.95,0.00,0.00
INV-50162,3,2026-03-09,SO-10168,CT-1005,RL-BRI,RM-1002,EA,633,6.25,4.95,0.00,0.00
INV-50163,1,2026-03-10,SO-10169,CT-1001,RL-KPT,RF-4001,BNDL,581,37.18,27.90,450.28,0.00
INV-50163,2,2026-03-10,SO-10169,CT-1001,RL-KPT,RM-1010,EA,637,16.91,13.50,238.88,0.00
INV-50163,3,2026-03-10,SO-10169,CT-1001,RL-KPT,RM-1022,EA,366,8.54,6.45,0.00,0.00
INV-50164,1,2026-03-10,SO-10170,RT-2001,RL-KPT,FS-2001,BX,173,28.50,20.60,98.61,480.72
INV-50165,1,2026-03-10,SO-10171,RT-2003,RL-BRI,CM-3001,BG,684,6.85,4.95,0.00,456.83
INV-50166,1,2026-03-08,SO-10172,RT-2003,RL-KPT,RM-1022,EA,417,8.95,6.45,0.00,363.88
INV-50166,2,2026-03-08,SO-10172,RT-2003,RL-KPT,FS-2002,BX,258,32.75,23.60,168.99,823.83
INV-50166,3,2026-03-08,SO-10172,RT-2003,RL-KPT,RM-1011,EA,211,24.90,17.95,105.08,512.26
INV-50166,4,2026-03-08,SO-10172,RT-2003,RL-KPT,RF-4001,BNDL,324,38.75,27.90,251.10,1224.11
INV-50167,1,2026-03-10,SO-10173,RT-2002,RL-KPT,RF-4020,LF,523,2.35,1.69,0.00,119.83
INV-50167,2,2026-03-10,SO-10173,RT-2002,RL-KPT,RM-1003,EA,110,11.40,8.25,0.00,122.27
INV-50168,1,2026-03-10,SO-10174,RT-2002,RL-BRI,FS-2011,EA,32,48.50,34.90,31.04,151.32
INV-50168,2,2026-03-10,SO-10174,RT-2002,RL-BRI,SX-7010,EA,146,14.80,10.65,43.22,210.68
INV-50168,3,2026-03-10,SO-10174,RT-2002,RL-BRI,TL-9001,EA,574,6.25,4.50,0.00,349.78
INV-50168,4,2026-03-10,SO-10174,RT-2002,RL-BRI,FS-2010,EA,526,1.85,1.33,0.00,94.88
INV-50168,5,2026-03-10,SO-10174,RT-2002,RL-BRI,RM-1010,EA,1133,18.75,13.50,424.88,2071.27
INV-50169,1,2026-03-12,SO-10175,CT-1007,RL-JCB,FS-2001,BX,138,28.18,20.60,78.66,0.00
INV-50169,2,2026-03-12,SO-10175,CT-1007,RL-JCB,SX-7001,SQ,17,88.02,68.05,32.13,0.00
INV-50169,3,2026-03-12,SO-10175,CT-1007,RL-JCB,CM-3010,BG,141,12.05,9.30,36.38,0.00
INV-50169,4,2026-03-12,SO-10175,CT-1007,RL-JCB,RM-1021,EA,58,36.88,28.10,45.12,0.00
INV-50170,1,2026-03-13,SO-10176,CT-1007,RL-BRI,RM-1011,EA,591,23.23,17.95,294.32,0.00
INV-50170,2,2026-03-13,SO-10176,CT-1007,RL-BRI,RF-4002,BNDL,56,50.43,37.65,58.58,0.00
INV-50171,1,2026-03-13,SO-10177,CT-1004,RL-BRI,TL-9002,EA,250,8.04,6.40,0.00,0.00
INV-50171,2,2026-03-13,SO-10177,CT-1004,RL-BRI,RM-1001,EA,2171,3.97,2.86,0.00,0.00
INV-50171,3,2026-03-13,SO-10177,CT-1004,RL-BRI,RF-4011,RL,114,105.72,78.85,249.66,0.00
INV-50171,4,2026-03-13,SO-10177,CT-1004,RL-BRI,SX-7010,EA,322,13.40,10.65,95.31,0.00
INV-50172,1,2026-03-13,SO-10178,CT-1004,RL-JCB,RM-1022,EA,148,8.06,6.45,0.00,0.00
INV-50172,2,2026-03-13,SO-10178,CT-1004,RL-JCB,PT-5002,EA,100,30.57,23.70,65.80,0.00
INV-50172,3,2026-03-13,SO-10178,CT-1004,RL-JCB,PT-5010,EA,188,11.52,9.05,47.38,0.00
INV-50172,4,2026-03-13,SO-10178,CT-1004,RL-JCB,DW-6002,EA,6,265.52,208.10,34.68,0.00
INV-50172,5,2026-03-13,SO-10178,CT-1004,RL-JCB,DW-6001,EA,16,81.80,64.10,28.48,0.00
INV-50173,1,2026-03-14,SO-10179,CT-1006,RL-BRI,FS-2001,BX,323,27.23,20.60,184.11,0.00
INV-50173,2,2026-03-14,SO-10179,CT-1006,RL-BRI,DW-6010,EA,37,296.66,224.60,230.88,0.00
INV-50173,3,2026-03-14,SO-10179,CT-1006,RL-BRI,FS-2011,EA,77,47.60,34.90,74.69,0.00
INV-50173,4,2026-03-14,SO-10179,CT-1006,RL-BRI,RM-1021,EA,99,38.44,28.10,77.02,0.00
INV-50173,5,2026-03-14,SO-10179,CT-1006,RL-BRI,PT-5011,BG,127,17.83,13.25,46.74,0.00
INV-50174,1,2026-03-14,SO-10180,CT-1005,RL-BRI,RF-4020,LF,975,2.26,1.69,0.00,0.00
INV-50174,2,2026-03-14,SO-10180,CT-1005,RL-BRI,CM-3001,BG,529,6.64,4.95,0.00,0.00
INV-50174,3,2026-03-14,SO-10180,CT-1005,RL-BRI,FS-2001,BX,412,28.38,20.60,234.84,0.00
INV-50174,4,2026-03-14,SO-10180,CT-1005,RL-BRI,RF-4020,LF,973,2.25,1.69,0.00,0.00
INV-50175,1,2026-03-12,SO-10181,BL-3002,RL-KPT,RM-1002,EA,320,6.04,4.95,0.00,0.00
INV-50175,2,2026-03-12,SO-10181,BL-3002,RL-KPT,FS-2010,EA,1238,1.61,1.33,0.00,0.00
INV-50175,3,2026-03-12,SO-10181,BL-3002,RL-KPT,RM-1010,EA,656,17.26,13.50,246.00,0.00
INV-50175,4,2026-03-12,SO-10181,BL-3002,RL-KPT,RM-1003,EA,237,10.37,8.25,0.00,0.00
INV-50175,5,2026-03-12,SO-10181,BL-3002,RL-KPT,CM-3010,BG,157,11.34,9.30,40.51,0.00
INV-50176,1,2026-03-15,SO-10182,CT-1005,RL-KPT,RM-1010,EA,205,18.04,13.50,76.88,0.00
INV-50176,2,2026-03-15,SO-10182,CT-1005,RL-KPT,SX-7001,SQ,76,91.71,68.05,143.64,0.00
INV-50176,3,2026-03-15,SO-10182,CT-1005,RL-KPT,PT-5010,EA,477,12.10,9.05,120.20,0.00
INV-50176,4,2026-03-15,SO-10182,CT-1005,RL-KPT,CM-3001,BG,463,6.63,4.95,0.00,0.00
INV-50177,1,2026-03-14,SO-10183,CT-1003,RL-JCB,RF-4001,BNDL,120,38.51,27.90,93.00,0.00
INV-50178,1,2026-03-15,SO-10184,CT-1001,RL-BRI,PT-5002,EA,59,31.34,23.70,38.82,0.00
INV-50179,1,2026-03-14,SO-10185,CT-1003,RL-KPT,CM-3002,BG,203,5.02,3.90,0.00,0.00
INV-50179,2,2026-03-14,SO-10185,CT-1003,RL-KPT,TL-9001,EA,396,6.24,4.50,0.00,0.00
INV-50179,3,2026-03-14,SO-10185,CT-1003,RL-KPT,RM-1001,EA,350,3.68,2.86,0.00,0.00
INV-50179,4,2026-03-14,SO-10185,CT-1003,RL-KPT,CM-3020,EA,192,13.28,10.25,54.72,0.00
INV-50179,5,2026-03-14,SO-10185,CT-1003,RL-KPT,RM-1022,EA,233,8.31,6.45,0.00,0.00
INV-50180,1,2026-03-16,SO-10186,CT-1006,RL-KPT,RM-1021,EA,50,37.10,28.10,38.90,0.00
INV-50181,1,2026-03-14,SO-10187,CT-1001,RL-KPT,DW-6010,EA,22,304.10,224.60,137.28,0.00
INV-50181,2,2026-03-14,SO-10187,CT-1001,RL-KPT,FS-2002,BX,87,29.60,23.60,56.98,0.00
INV-50182,1,2026-03-16,SO-10188,CT-1002,RL-BRI,SX-7001,SQ,83,85.21,68.05,156.87,0.00
INV-50183,1,2026-03-16,SO-10189,CT-1002,RL-KPT,RM-1021,EA,64,37.37,28.10,49.79,0.00
INV-50183,2,2026-03-16,SO-10189,CT-1002,RL-KPT,RF-4010,RL,192,28.09,21.50,114.82,0.00
INV-50183,3,2026-03-16,SO-10189,CT-1002,RL-KPT,RM-1002,EA,698,6.26,4.95,0.00,0.00
INV-50183,4,2026-03-16,SO-10189,CT-1002,RL-KPT,DW-6001,EA,47,82.73,64.10,83.66,0.00
INV-50183,5,2026-03-16,SO-10189,CT-1002,RL-KPT,FS-2002,BX,161,32.64,23.60,105.46,0.00
INV-50184,1,2026-03-18,SO-10190,RT-2001,RL-KPT,RM-1020,EA,149,5.60,4.05,0.00,81.35
INV-50184,2,2026-03-18,SO-10190,RT-2001,RL-KPT,PT-5002,EA,50,32.90,23.70,32.90,160.39
INV-50185,1,2026-03-16,SO-10191,RT-2001,RL-BRI,RM-1010,EA,1017,18.75,13.50,381.38,1859.20
INV-50185,2,2026-03-16,SO-10191,RT-2001,RL-BRI,SX-7010,EA,242,14.80,10.65,71.63,349.21
INV-50185,3,2026-03-16,SO-10191,RT-2001,RL-BRI,RM-1011,EA,308,24.90,17.95,153.38,747.75
INV-50185,4,2026-03-16,SO-10191,RT-2001,RL-BRI,TL-9002,EA,453,8.90,6.40,0.00,393.09
INV-50185,5,2026-03-16,SO-10191,RT-2001,RL-BRI,CM-3020,EA,111,14.25,10.25,31.64,154.22
INV-50186,1,2026-03-16,SO-10192,RT-2002,RL-KPT,PT-5010,EA,500,12.60,9.05,126.00,614.25
INV-50186,2,2026-03-16,SO-10192,RT-2002,RL-KPT,FS-2010,EA,290,1.85,1.33,0.00,52.31
INV-50186,3,2026-03-16,SO-10192,RT-2002,RL-KPT,CM-3010,BG,152,12.90,9.30,39.22,191.18
INV-50186,4,2026-03-16,SO-10192,RT-2002,RL-KPT,RF-4002,BNDL,137,52.30,37.65,143.30,698.60
INV-50186,5,2026-03-16,SO-10192,RT-2002,RL-KPT,PT-5001,EA,248,44.75,32.20,221.96,1082.06
INV-50187,1,2026-03-17,SO-10193,RT-2002,RL-KPT,FS-2001,BX,152,28.50,20.60,86.64,422.37
INV-50187,2,2026-03-17,SO-10193,RT-2002,RL-KPT,RM-1011,EA,349,24.90,17.95,173.80,847.28
INV-50188,1,2026-03-20,SO-10194,CT-1001,RL-JCB,FS-2002,BX,132,32.00,23.60,86.46,0.00
INV-50188,2,2026-03-20,SO-10194,CT-1001,RL-JCB,RF-4010,RL,57,27.18,21.50,34.09,0.00
INV-50189,1,2026-03-18,SO-10195,CT-1006,RL-KPT,FS-2002,BX,281,30.65,23.60,184.06,0.00
INV-50189,2,2026-03-18,SO-10195,CT-1006,RL-KPT,CM-3010,BG,160,11.95,9.30,41.28,0.00
INV-50190,1,2026-03-25,SO-10196,CT-1004,RL-BRI,RM-1021,EA,145,38.24,28.10,112.81,0.00
INV-50190,2,2026-03-25,SO-10196,CT-1004,RL-BRI,RF-4001,BNDL,634,36.33,27.90,491.35,0.00
INV-50190,3,2026-03-25,SO-10196,CT-1004,RL-BRI,PT-5011,BG,117,18.10,13.25,43.06,0.00
INV-50191,1,2026-03-20,SO-10197,BL-3001,RL-BRI,RM-1001,EA,1543,3.48,2.86,0.00,0.00
INV-50191,2,2026-03-20,SO-10197,BL-3001,RL-BRI,RM-1011,EA,457,21.71,17.95,227.59,0.00
INV-50191,3,2026-03-20,SO-10197,BL-3001,RL-BRI,FS-2010,EA,848,1.61,1.33,0.00,0.00
INV-50191,4,2026-03-20,SO-10197,BL-3001,RL-BRI,CM-3010,BG,143,11.21,9.30,36.89,0.00
INV-50192,1,2026-03-21,SO-10199,BL-3002,RL-KPT,DW-6002,EA,18,267.51,208.10,104.04,0.00
INV-50192,2,2026-03-21,SO-10199,BL-3002,RL-KPT,FS-2011,EA,54,42.36,34.90,52.38,0.00
INV-50193,1,2026-03-19,SO-10200,CT-1006,RL-JCB,DW-6002,EA,11,265.23,208.10,63.58,0.00
INV-50193,2,2026-03-19,SO-10200,CT-1006,RL-JCB,RM-1003,EA,207,11.12,8.25,0.00,0.00
INV-50193,3,2026-03-19,SO-10200,CT-1006,RL-JCB,RM-1020,EA,95,5.38,4.05,0.00,0.00
INV-50193,4,2026-03-19,SO-10200,CT-1006,RL-JCB,RM-1001,EA,965,3.84,2.86,0.00,0.00
INV-50194,1,2026-03-21,SO-10201,BL-3001,RL-BRI,PT-5011,BG,115,17.16,13.25,42.32,0.00
INV-50194,2,2026-03-21,SO-10201,BL-3001,RL-BRI,RM-1021,EA,105,35.84,28.10,81.69,0.00
INV-50194,3,2026-03-21,SO-10201,BL-3001,RL-BRI,RM-1020,EA,256,5.00,4.05,0.00,0.00
INV-50194,4,2026-03-21,SO-10201,BL-3001,RL-BRI,CM-3001,BG,314,5.89,4.95,0.00,0.00
INV-50194,5,2026-03-21,SO-10201,BL-3001,RL-BRI,RM-1022,EA,559,7.84,6.45,0.00,0.00
INV-50195,1,2026-03-22,SO-10202,CT-1007,RL-BRI,RF-4002,BNDL,208,48.14,37.65,217.57,0.00
INV-50195,2,2026-03-22,SO-10202,CT-1007,RL-BRI,TL-9001,EA,248,5.93,4.50,0.00,0.00
INV-50195,3,2026-03-22,SO-10202,CT-1007,RL-BRI,RF-4011,RL,85,102.91,78.85,186.15,0.00
INV-50195,4,2026-03-22,SO-10202,CT-1007,RL-BRI,FS-2001,BX,371,27.78,20.60,211.47,0.00
INV-50195,5,2026-03-22,SO-10202,CT-1007,RL-BRI,SX-7001,SQ,98,86.00,68.05,185.22,0.00
INV-50196,1,2026-03-20,SO-10203,BL-3001,RL-BRI,RM-1001,EA,2129,3.57,2.86,0.00,0.00
INV-50196,2,2026-03-20,SO-10203,BL-3001,RL-BRI,DW-6010,EA,12,277.58,224.60,74.88,0.00
INV-50196,3,2026-03-20,SO-10203,BL-3001,RL-BRI,RM-1003,EA,494,10.17,8.25,0.00,0.00
INV-50196,4,2026-03-20,SO-10203,BL-3001,RL-BRI,RF-4010,RL,244,27.98,21.50,145.91,0.00
INV-50196,5,2026-03-20,SO-10203,BL-3001,RL-BRI,FS-2011,EA,73,42.49,34.90,70.81,0.00
INV-50197,1,2026-03-20,SO-10204,BL-3001,RL-BRI,PT-5010,EA,182,11.84,9.05,45.86,0.00
INV-50197,2,2026-03-20,SO-10204,BL-3001,RL-BRI,DW-6001,EA,38,80.71,64.10,67.64,0.00
INV-50197,3,2026-03-20,SO-10204,BL-3001,RL-BRI,RM-1001,EA,1071,3.51,2.86,0.00,0.00
INV-50197,4,2026-03-20,SO-10204,BL-3001,RL-BRI,PT-5002,EA,104,28.89,23.70,68.43,0.00
INV-50197,5,2026-03-20,SO-10204,BL-3001,RL-BRI,CM-3001,BG,786,5.89,4.95,0.00,0.00
INV-50198,1,2026-03-22,SO-10205,CT-1007,RL-KPT,RF-4001,BNDL,451,37.06,27.90,349.52,0.00
INV-50198,2,2026-03-22,SO-10205,CT-1007,RL-KPT,CM-3020,EA,186,13.48,10.25,53.01,0.00
INV-50198,3,2026-03-22,SO-10205,CT-1007,RL-KPT,SX-7010,EA,183,14.03,10.65,54.17,0.00
INV-50199,1,2026-03-22,SO-10206,CT-1005,RL-BRI,RM-1001,EA,1928,3.70,2.86,0.00,0.00
INV-50199,2,2026-03-22,SO-10206,CT-1005,RL-BRI,DW-6001,EA,56,80.78,64.10,99.68,0.00
INV-50200,1,2026-03-22,SO-10207,CT-1008,RL-BRI,CM-3001,BG,555,6.35,4.95,0.00,0.00
INV-50200,2,2026-03-22,SO-10207,CT-1008,RL-BRI,CM-3010,BG,100,12.41,9.30,25.80,0.00
INV-50200,3,2026-03-22,SO-10207,CT-1008,RL-BRI,FS-2002,BX,390,29.73,23.60,255.45,0.00
INV-50201,1,2026-03-23,SO-10208,CT-1008,RL-KPT,RF-4002,BNDL,84,47.74,37.65,87.86,0.00
INV-50201,2,2026-03-23,SO-10208,CT-1008,RL-KPT,DW-6010,EA,18,296.48,224.60,112.32,0.00
INV-50201,3,2026-03-23,SO-10208,CT-1008,RL-KPT,DW-6001,EA,50,84.17,64.10,89.00,0.00
INV-50202,1,2026-03-22,SO-10209,RT-2002,RL-BRI,RF-4001,BNDL,350,38.75,27.90,271.25,1322.34
INV-50203,1,2026-03-24,SO-10210,RT-2003,RL-BRI,DW-6001,EA,34,89.00,64.10,60.52,295.04
INV-50203,2,2026-03-24,SO-10210,RT-2003,RL-BRI,FS-2001,BX,411,28.50,20.60,234.27,1142.07
INV-50203,3,2026-03-24,SO-10210,RT-2003,RL-BRI,RM-1021,EA,148,38.90,28.10,115.14,561.33
INV-50203,4,2026-03-24,SO-10210,RT-2003,RL-BRI,DW-6010,EA,37,312.00,224.60,230.88,1125.54
INV-50204,1,2026-03-26,SO-10211,CT-1003,RL-KPT,RF-4011,RL,40,99.07,78.85,87.60,0.00
INV-50204,2,2026-03-26,SO-10211,CT-1003,RL-KPT,RM-1021,EA,88,36.86,28.10,68.46,0.00
INV-50204,3,2026-03-26,SO-10211,CT-1003,RL-KPT,RM-1021,EA,81,36.41,28.10,63.02,0.00
INV-50204,4,2026-03-26,SO-10211,CT-1003,RL-KPT,RF-4001,BNDL,348,36.24,27.90,269.70,0.00
INV-50205,1,2026-03-27,SO-10212,BL-3002,RL-BRI,PT-5011,BG,161,17.23,13.25,59.25,0.00
INV-50205,2,2026-03-27,SO-10212,BL-3002,RL-BRI,FS-2010,EA,1208,1.65,1.33,0.00,0.00
INV-50205,3,2026-03-27,SO-10212,BL-3002,RL-BRI,DW-6001,EA,66,77.69,64.10,117.48,0.00
INV-50206,1,2026-03-27,SO-10213,CT-1004,RL-BRI,PT-5010,EA,631,11.91,9.05,159.01,0.00
INV-50206,2,2026-03-27,SO-10213,CT-1004,RL-BRI,FS-2010,EA,489,1.79,1.33,0.00,0.00
INV-50206,3,2026-03-27,SO-10213,CT-1004,RL-BRI,RM-1020,EA,224,5.09,4.05,0.00,0.00
INV-50207,1,2026-03-26,SO-10214,CT-1008,RL-KPT,FS-2002,BX,85,30.75,23.60,55.67,0.00
INV-50207,2,2026-03-26,SO-10214,CT-1008,RL-KPT,CM-3010,BG,46,12.42,9.30,11.87,0.00
INV-50207,3,2026-03-26,SO-10214,CT-1008,RL-KPT,FS-2001,BX,103,25.75,20.60,58.71,0.00
INV-50207,4,2026-03-26,SO-10214,CT-1008,RL-KPT,PT-5002,EA,81,31.18,23.70,53.30,0.00
INV-50207,5,2026-03-26,SO-10214,CT-1008,RL-KPT,RF-4002,BNDL,51,52.03,37.65,53.35,0.00
INV-50208,1,2026-03-27,SO-10215,CT-1003,RL-KPT,TL-9001,EA,328,5.90,4.50,0.00,0.00
INV-50208,2,2026-03-27,SO-10215,CT-1003,RL-KPT,PT-5010,EA,321,11.35,9.05,80.89,0.00
INV-50208,3,2026-03-27,SO-10215,CT-1003,RL-KPT,FS-2001,BX,155,25.67,20.60,88.35,0.00
INV-50208,4,2026-03-27,SO-10215,CT-1003,RL-KPT,TL-9002,EA,338,8.02,6.40,0.00,0.00
INV-50208,5,2026-03-27,SO-10215,CT-1003,RL-KPT,DW-6010,EA,26,305.66,224.60,162.24,0.00
INV-50209,1,2026-03-28,SO-10216,BL-3001,RL-BRI,CM-3010,BG,112,11.34,9.30,28.90,0.00
INV-50209,2,2026-03-28,SO-10216,BL-3001,RL-BRI,RF-4002,BNDL,93,48.36,37.65,97.28,0.00
INV-50209,3,2026-03-28,SO-10216,BL-3001,RL-BRI,DW-6002,EA,7,251.09,208.10,40.46,0.00
INV-50209,4,2026-03-28,SO-10216,BL-3001,RL-BRI,SX-7010,EA,236,13.47,10.65,69.86,0.00
INV-50210,1,2026-03-28,SO-10218,CT-1006,RL-BRI,FS-2011,EA,30,47.61,34.90,29.10,0.00
INV-50210,2,2026-03-28,SO-10218,CT-1006,RL-BRI,RM-1001,EA,610,3.68,2.86,0.00,0.00
INV-50210,3,2026-03-28,SO-10218,CT-1006,RL-BRI,SX-7001,SQ,42,86.93,68.05,79.38,0.00
INV-50211,1,2026-03-28,SO-10219,CT-1002,RL-KPT,RM-1003,EA,377,10.40,8.25,0.00,0.00
INV-50211,2,2026-03-28,SO-10219,CT-1002,RL-KPT,TL-9001,EA,367,6.18,4.50,0.00,0.00
INV-50211,3,2026-03-28,SO-10219,CT-1002,RL-KPT,CM-3002,BG,461,5.09,3.90,0.00,0.00
INV-50211,4,2026-03-28,SO-10219,CT-1002,RL-KPT,RM-1001,EA,671,3.63,2.86,0.00,0.00
INV-50212,1,2026-03-26,SO-10220,CT-1004,RL-BRI,TL-9002,EA,140,8.84,6.40,0.00,0.00
INV-50212,2,2026-03-26,SO-10220,CT-1004,RL-BRI,RM-1010,EA,314,18.19,13.50,117.75,0.00
INV-50212,3,2026-03-26,SO-10220,CT-1004,RL-BRI,RM-1021,EA,61,38.83,28.10,47.46,0.00
INV-50212,4,2026-03-26,SO-10220,CT-1004,RL-BRI,PT-5002,EA,178,30.24,23.70,117.12,0.00
INV-50213,1,2026-03-28,SO-10221,CT-1007,RL-BRI,TL-9002,EA,176,8.32,6.40,0.00,0.00
INV-50214,1,2026-03-28,SO-10222,CT-1008,RL-BRI,SX-7010,EA,76,13.88,10.65,22.50,0.00
INV-50214,2,2026-03-28,SO-10222,CT-1008,RL-BRI,FS-2011,EA,91,45.42,34.90,88.27,0.00
INV-50214,3,2026-03-28,SO-10222,CT-1008,RL-BRI,CM-3020,EA,154,13.99,10.25,43.89,0.00
INV-50214,4,2026-03-28,SO-10222,CT-1008,RL-BRI,CM-3001,BG,859,6.54,4.95,0.00,0.00
INV-50214,5,2026-03-28,SO-10222,CT-1008,RL-BRI,RF-4010,RL,149,27.24,21.50,89.10,0.00
INV-50215,1,2026-04-02,SO-10223,CT-1002,RL-BRI,TL-9002,EA,298,8.24,6.40,0.00,0.00
INV-50216,1,2026-03-27,SO-10224,CT-1006,RL-BRI,RM-1010,EA,582,18.54,13.50,218.25,0.00
INV-50216,2,2026-03-27,SO-10224,CT-1006,RL-BRI,PT-5010,EA,492,12.01,9.05,123.98,0.00
INV-50217,1,2026-03-30,SO-10225,CT-1002,RL-JCB,CM-3020,EA,134,13.62,10.25,38.19,0.00
INV-50217,2,2026-03-30,SO-10225,CT-1002,RL-JCB,DW-6002,EA,14,276.76,208.10,80.92,0.00
INV-50217,3,2026-03-30,SO-10225,CT-1002,RL-JCB,SX-7010,EA,142,13.47,10.65,42.03,0.00
INV-50217,4,2026-03-30,SO-10225,CT-1002,RL-JCB,FS-2011,EA,36,46.84,34.90,34.92,0.00
INV-50217,5,2026-03-30,SO-10225,CT-1002,RL-JCB,SX-7001,SQ,61,90.25,68.05,115.29,0.00
INV-50218,1,2026-03-28,SO-10226,CT-1006,RL-JCB,CM-3002,BG,178,5.26,3.90,0.00,0.00
INV-50218,2,2026-03-28,SO-10226,CT-1006,RL-JCB,PT-5010,EA,418,11.84,9.05,105.34,0.00
INV-50218,3,2026-03-28,SO-10226,CT-1006,RL-JCB,RM-1003,EA,340,10.85,8.25,0.00,0.00
INV-50218,4,2026-03-28,SO-10226,CT-1006,RL-JCB,RF-4011,RL,16,100.90,78.85,35.04,0.00
INV-50219,1,2026-03-29,SO-10227,CT-1001,RL-JCB,SX-7010,EA,92,13.86,10.65,27.23,0.00
INV-50219,2,2026-03-29,SO-10227,CT-1001,RL-JCB,CM-3020,EA,82,12.96,10.25,23.37,0.00
INV-50219,3,2026-03-29,SO-10227,CT-1001,RL-JCB,DW-6001,EA,28,80.79,64.10,49.84,0.00
INV-50219,4,2026-03-29,SO-10227,CT-1001,RL-JCB,RF-4020,LF,579,2.31,1.69,0.00,0.00
INV-50219,5,2026-03-29,SO-10227,CT-1001,RL-JCB,RM-1021,EA,71,37.85,28.10,55.24,0.00
INV-50220,1,2026-03-28,SO-10228,BL-3002,RL-BRI,CM-3010,BG,210,12.05,9.30,54.18,0.00
INV-50220,2,2026-03-28,SO-10228,BL-3002,RL-BRI,PT-5011,BG,62,16.29,13.25,22.82,0.00
INV-50220,3,2026-03-28,SO-10228,BL-3002,RL-BRI,FS-2002,BX,226,28.57,23.60,148.03,0.00
INV-50221,1,2026-03-29,SO-10229,CT-1007,RL-JCB,TL-9001,EA,165,5.68,4.50,0.00,0.00
INV-50221,2,2026-03-29,SO-10229,CT-1007,RL-JCB,DW-6010,EA,19,285.01,224.60,118.56,0.00
INV-50221,3,2026-03-29,SO-10229,CT-1007,RL-JCB,CM-3001,BG,451,6.30,4.95,0.00,0.00
INV-50221,4,2026-03-29,SO-10229,CT-1007,RL-JCB,CM-3020,EA,83,13.44,10.25,23.66,0.00
INV-50222,1,2026-03-29,SO-10230,RT-2002,RL-BRI,FS-2010,EA,1656,1.85,1.33,0.00,298.70
INV-50222,2,2026-03-29,SO-10230,RT-2002,RL-BRI,SX-7001,SQ,83,94.50,68.05,156.87,764.74
INV-50223,1,2026-03-29,SO-10231,RT-2001,RL-BRI,CM-3020,EA,351,14.25,10.25,100.04,487.67
INV-50223,2,2026-03-29,SO-10231,RT-2001,RL-BRI,RF-4010,RL,75,29.90,21.50,44.85,218.64
INV-50224,1,2026-04-02,SO-10232,CT-1005,RL-KPT,FS-2002,BX,270,30.71,23.60,176.85,0.00
INV-50224,2,2026-04-02,SO-10232,CT-1005,RL-KPT,RM-1003,EA,116,11.05,8.25,0.00,0.00
INV-50225,1,2026-04-02,SO-10233,CT-1005,RL-BRI,RM-1002,EA,711,6.43,4.95,0.00,0.00
INV-50225,2,2026-04-02,SO-10233,CT-1005,RL-BRI,PT-5011,BG,143,18.22,13.25,52.62,0.00
INV-50225,3,2026-04-02,SO-10233,CT-1005,RL-BRI,TL-9002,EA,422,8.18,6.40,0.00,0.00
INV-50225,4,2026-04-02,SO-10233,CT-1005,RL-BRI,SX-7010,EA,221,13.38,10.65,65.42,0.00
INV-50226,1,2026-04-04,SO-10235,CT-1007,RL-JCB,RM-1020,EA,250,5.42,4.05,0.00,0.00
INV-50226,2,2026-04-04,SO-10235,CT-1007,RL-JCB,CM-3010,BG,79,12.16,9.30,20.38,0.00
INV-50226,3,2026-04-04,SO-10235,CT-1007,RL-JCB,RF-4011,RL,64,104.49,78.85,140.16,0.00
INV-50227,1,2026-04-02,SO-10236,CT-1004,RL-KPT,FS-2002,BX,259,29.99,23.60,169.64,0.00
INV-50227,2,2026-04-02,SO-10236,CT-1004,RL-KPT,RM-1011,EA,361,22.70,17.95,179.78,0.00
INV-50227,3,2026-04-02,SO-10236,CT-1004,RL-KPT,RF-4020,LF,824,2.12,1.69,0.00,0.00
INV-50228,1,2026-04-03,SO-10237,CT-1006,RL-JCB,CM-3001,BG,231,6.69,4.95,0.00,0.00
INV-50228,2,2026-04-03,SO-10237,CT-1006,RL-JCB,RF-4002,BNDL,80,50.19,37.65,83.68,0.00
INV-50228,3,2026-04-03,SO-10237,CT-1006,RL-JCB,CM-3010,BG,109,12.50,9.30,28.12,0.00
INV-50229,1,2026-04-05,SO-10238,CT-1003,RL-KPT,CM-3001,BG,474,6.83,4.95,0.00,0.00
INV-50229,2,2026-04-05,SO-10238,CT-1003,RL-KPT,RF-4002,BNDL,175,50.58,37.65,183.05,0.00
INV-50229,3,2026-04-05,SO-10238,CT-1003,RL-KPT,CM-3001,BG,835,6.84,4.95,0.00,0.00
INV-50230,1,2026-04-05,SO-10239,BL-3002,RL-KPT,DW-6001,EA,46,80.77,64.10,81.88,0.00
INV-50230,2,2026-04-05,SO-10239,BL-3002,RL-KPT,RM-1003,EA,343,10.56,8.25,0.00,0.00
INV-50231,1,2026-04-05,SO-10240,CT-1001,RL-JCB,RM-1010,EA,274,18.53,13.50,102.75,0.00
INV-50231,2,2026-04-05,SO-10240,CT-1001,RL-JCB,RF-4010,RL,117,28.74,21.50,69.97,0.00
INV-50231,3,2026-04-05,SO-10240,CT-1001,RL-JCB,RM-1010,EA,557,17.74,13.50,208.88,0.00
INV-50231,4,2026-04-05,SO-10240,CT-1001,RL-JCB,SX-7001,SQ,22,86.75,68.05,41.58,0.00
INV-50231,5,2026-04-05,SO-10240,CT-1001,RL-JCB,FS-2001,BX,141,25.72,20.60,80.37,0.00
INV-50232,1,2026-04-04,SO-10241,BL-3002,RL-JCB,RM-1022,EA,168,8.15,6.45,0.00,0.00
INV-50233,1,2026-04-11,SO-10242,CT-1002,RL-KPT,PT-5001,EA,211,40.95,32.20,188.84,0.00
INV-50233,2,2026-04-11,SO-10242,CT-1002,RL-KPT,FS-2002,BX,149,30.85,23.60,97.59,0.00
INV-50233,3,2026-04-11,SO-10242,CT-1002,RL-KPT,RF-4011,RL,86,101.71,78.85,188.34,0.00
INV-50233,4,2026-04-11,SO-10242,CT-1002,RL-KPT,FS-2011,EA,28,44.63,34.90,27.16,0.00
INV-50233,5,2026-04-11,SO-10242,CT-1002,RL-KPT,RF-4001,BNDL,193,36.81,27.90,149.57,0.00
INV-50234,1,2026-04-06,SO-10243,CT-1001,RL-KPT,RM-1001,EA,907,3.83,2.86,0.00,0.00
INV-50234,2,2026-04-06,SO-10243,CT-1001,RL-KPT,CM-3002,BG,144,5.21,3.90,0.00,0.00
INV-50235,1,2026-04-05,SO-10244,CT-1003,RL-JCB,RF-4010,RL,140,28.69,21.50,83.72,0.00
INV-50236,1,2026-04-06,SO-10245,BL-3001,RL-BRI,RF-4020,LF,448,2.03,1.69,0.00,0.00
INV-50236,2,2026-04-06,SO-10245,BL-3001,RL-BRI,DW-6010,EA,20,280.07,224.60,124.80,0.00
INV-50236,3,2026-04-06,SO-10245,BL-3001,RL-BRI,RM-1022,EA,440,8.07,6.45,0.00,0.00
INV-50236,4,2026-04-06,SO-10245,BL-3001,RL-BRI,CM-3002,BG,386,4.69,3.90,0.00,0.00
INV-50236,5,2026-04-06,SO-10245,BL-3001,RL-BRI,RM-1020,EA,290,5.23,4.05,0.00,0.00
INV-50237,1,2026-04-08,SO-10246,RT-2002,RL-BRI,TL-9002,EA,331,8.90,6.40,0.00,287.23
INV-50237,2,2026-04-08,SO-10246,RT-2002,RL-BRI,CM-3010,BG,234,12.90,9.30,60.37,294.31
INV-50237,3,2026-04-08,SO-10246,RT-2002,RL-BRI,RM-1001,EA,925,3.98,2.86,0.00,358.95
INV-50237,4,2026-04-08,SO-10246,RT-2002,RL-BRI,RM-1022,EA,820,8.95,6.45,0.00,715.55
INV-50237,5,2026-04-08,SO-10246,RT-2002,RL-BRI,DW-6002,EA,21,289.00,208.10,121.38,591.73
INV-50238,1,2026-04-05,SO-10247,RT-2003,RL-BRI,RF-4020,LF,1191,2.35,1.69,0.00,272.89
INV-50238,2,2026-04-05,SO-10247,RT-2003,RL-BRI,PT-5001,EA,208,44.75,32.20,186.16,907.53
INV-50239,1,2026-04-08,SO-10248,RT-2001,RL-JCB,RM-1003,EA,290,11.40,8.25,0.00,322.34
INV-50239,2,2026-04-08,SO-10248,RT-2001,RL-JCB,SX-7010,EA,195,14.80,10.65,57.72,281.38
INV-50239,3,2026-04-08,SO-10248,RT-2001,RL-JCB,PT-5001,EA,136,44.75,32.20,121.72,593.38
INV-50240,1,2026-04-05,SO-10249,RT-2001,RL-JCB,PT-5001,EA,197,44.75,32.20,176.31,859.54
INV-50240,2,2026-04-05,SO-10249,RT-2001,RL-JCB,PT-5002,EA,37,32.90,23.70,24.35,118.69
INV-50240,3,2026-04-05,SO-10249,RT-2001,RL-JCB,RM-1002,EA,488,6.85,4.95,0.00,325.92
INV-50240,4,2026-04-05,SO-10249,RT-2001,RL-JCB,FS-2010,EA,712,1.85,1.33,0.00,128.43
INV-50240,5,2026-04-05,SO-10249,RT-2001,RL-JCB,RM-1022,EA,506,8.95,6.45,0.00,441.55
INV-50241,1,2026-04-10,SO-10250,CT-1006,RL-KPT,RF-4011,RL,43,99.78,78.85,94.17,0.00
INV-50242,1,2026-04-07,SO-10252,CT-1007,RL-KPT,RM-1003,EA,167,11.11,8.25,0.00,0.00
INV-50242,2,2026-04-07,SO-10252,CT-1007,RL-KPT,RM-1002,EA,917,6.78,4.95,0.00,0.00
INV-50242,3,2026-04-07,SO-10252,CT-1007,RL-KPT,RF-4020,LF,416,2.24,1.69,0.00,0.00
INV-50243,1,2026-04-07,SO-10253,CT-1008,RL-KPT,CM-3002,BG,236,5.01,3.90,0.00,0.00
INV-50243,2,2026-04-07,SO-10253,CT-1008,RL-KPT,RF-4010,RL,95,27.84,21.50,56.81,0.00
INV-50244,1,2026-04-11,SO-10254,BL-3001,RL-KPT,RM-1010,EA,178,17.18,13.50,66.75,0.00
INV-50244,2,2026-04-11,SO-10254,BL-3001,RL-KPT,SX-7001,SQ,41,87.45,68.05,77.49,0.00
INV-50244,3,2026-04-11,SO-10254,BL-3001,RL-KPT,RM-1020,EA,368,5.02,4.05,0.00,0.00
INV-50244,4,2026-04-11,SO-10254,BL-3001,RL-KPT,FS-2001,BX,84,26.10,20.60,47.88,0.00
INV-50245,1,2026-04-10,SO-10255,CT-1002,RL-KPT,DW-6001,EA,24,83.04,64.10,42.72,0.00
INV-50245,2,2026-04-10,SO-10255,CT-1002,RL-KPT,RF-4020,LF,434,2.20,1.69,0.00,0.00
INV-50246,1,2026-04-11,SO-10256,CT-1008,RL-JCB,RM-1021,EA,57,38.09,28.10,44.35,0.00
INV-50246,2,2026-04-11,SO-10256,CT-1008,RL-JCB,SX-7010,EA,114,14.24,10.65,33.74,0.00
INV-50246,3,2026-04-11,SO-10256,CT-1008,RL-JCB,FS-2010,EA,1043,1.73,1.33,0.00,0.00
INV-50246,4,2026-04-11,SO-10256,CT-1008,RL-JCB,DW-6010,EA,22,305.36,224.60,137.28,0.00
INV-50246,5,2026-04-11,SO-10256,CT-1008,RL-JCB,CM-3020,EA,84,13.88,10.25,23.94,0.00
INV-50247,1,2026-04-12,SO-10257,BL-3002,RL-JCB,DW-6001,EA,14,82.34,64.10,24.92,0.00
INV-50247,2,2026-04-12,SO-10257,BL-3002,RL-JCB,PT-5011,BG,70,15.91,13.25,25.76,0.00
INV-50247,3,2026-04-12,SO-10257,BL-3002,RL-JCB,CM-3002,BG,343,5.03,3.90,0.00,0.00
INV-50247,4,2026-04-12,SO-10257,BL-3002,RL-JCB,RM-1001,EA,1297,3.57,2.86,0.00,0.00
INV-50247,5,2026-04-12,SO-10257,BL-3002,RL-JCB,RF-4010,RL,106,26.18,21.50,63.39,0.00
INV-50248,1,2026-04-12,SO-10258,CT-1006,RL-BRI,RF-4010,RL,100,29.80,21.50,59.80,0.00
INV-50248,2,2026-04-12,SO-10258,CT-1006,RL-BRI,RM-1001,EA,2238,3.72,2.86,0.00,0.00
INV-50248,3,2026-04-12,SO-10258,CT-1006,RL-BRI,RF-4010,RL,325,29.01,21.50,194.35,0.00
INV-50249,1,2026-04-10,SO-10259,CT-1007,RL-KPT,CM-3001,BG,774,6.41,4.95,0.00,0.00
INV-50249,2,2026-04-10,SO-10259,CT-1007,RL-KPT,DW-6002,EA,10,279.46,208.10,57.80,0.00
INV-50249,3,2026-04-10,SO-10259,CT-1007,RL-KPT,FS-2001,BX,86,26.06,20.60,49.02,0.00
INV-50249,4,2026-04-10,SO-10259,CT-1007,RL-KPT,TL-9002,EA,300,8.13,6.40,0.00,0.00
INV-50250,1,2026-04-12,SO-10260,CT-1003,RL-KPT,SX-7001,SQ,54,89.06,68.05,102.06,0.00
INV-50250,2,2026-04-12,SO-10260,CT-1003,RL-KPT,RM-1001,EA,1468,3.68,2.86,0.00,0.00
INV-50250,3,2026-04-12,SO-10260,CT-1003,RL-KPT,RF-4002,BNDL,99,48.99,37.65,103.55,0.00
INV-50250,4,2026-04-12,SO-10260,CT-1003,RL-KPT,RM-1003,EA,363,10.39,8.25,0.00,0.00
INV-50250,5,2026-04-12,SO-10260,CT-1003,RL-KPT,TL-9001,EA,572,6.08,4.50,0.00,0.00
INV-50251,1,2026-04-10,SO-10261,CT-1005,RL-KPT,RF-4011,RL,76,104.41,78.85,166.44,0.00
INV-50251,2,2026-04-10,SO-10261,CT-1005,RL-KPT,RM-1001,EA,1284,3.77,2.86,0.00,0.00
INV-50251,3,2026-04-10,SO-10261,CT-1005,RL-KPT,PT-5001,EA,176,43.85,32.20,157.52,0.00
INV-50251,4,2026-04-10,SO-10261,CT-1005,RL-KPT,RF-4010,RL,97,28.70,21.50,58.01,0.00
INV-50251,5,2026-04-10,SO-10261,CT-1005,RL-KPT,RF-4011,RL,86,99.22,78.85,188.34,0.00
INV-50252,1,2026-04-12,SO-10262,CT-1008,RL-KPT,FS-2001,BX,224,26.44,20.60,127.68,0.00
INV-50252,2,2026-04-12,SO-10262,CT-1008,RL-KPT,FS-2001,BX,255,26.38,20.60,145.35,0.00
INV-50252,3,2026-04-12,SO-10262,CT-1008,RL-KPT,RM-1022,EA,535,8.72,6.45,0.00,0.00
INV-50253,1,2026-04-10,SO-10263,CT-1008,RL-BRI,RM-1020,EA,649,5.50,4.05,0.00,0.00
INV-50253,2,2026-04-10,SO-10263,CT-1008,RL-BRI,TL-9002,EA,440,8.35,6.40,0.00,0.00
INV-50254,1,2026-04-12,SO-10264,CT-1008,RL-KPT,RM-1022,EA,207,8.48,6.45,0.00,0.00
INV-50254,2,2026-04-12,SO-10264,CT-1008,RL-KPT,TL-9001,EA,474,5.96,4.50,0.00,0.00
INV-50254,3,2026-04-12,SO-10264,CT-1008,RL-KPT,PT-5011,BG,151,17.04,13.25,55.57,0.00
INV-50254,4,2026-04-12,SO-10264,CT-1008,RL-KPT,DW-6010,EA,9,294.80,224.60,56.16,0.00
INV-50254,5,2026-04-12,SO-10264,CT-1008,RL-KPT,RF-4020,LF,1057,2.12,1.69,0.00,0.00
INV-50255,1,2026-04-11,SO-10265,CT-1006,RL-JCB,DW-6001,EA,28,82.25,64.10,49.84,0.00
INV-50255,2,2026-04-11,SO-10265,CT-1006,RL-JCB,CM-3001,BG,544,6.85,4.95,0.00,0.00
INV-50255,3,2026-04-11,SO-10265,CT-1006,RL-JCB,RF-4020,LF,519,2.31,1.69,0.00,0.00
INV-50256,1,2026-04-13,SO-10266,CT-1001,RL-BRI,RM-1002,EA,945,6.78,4.95,0.00,0.00
INV-50256,2,2026-04-13,SO-10266,CT-1001,RL-BRI,CM-3002,BG,698,5.24,3.90,0.00,0.00
INV-50256,3,2026-04-13,SO-10266,CT-1001,RL-BRI,RM-1022,EA,302,8.39,6.45,0.00,0.00
INV-50256,4,2026-04-13,SO-10266,CT-1001,RL-BRI,FS-2011,EA,107,44.88,34.90,103.79,0.00
INV-50257,1,2026-04-14,SO-10267,CT-1008,RL-KPT,RF-4020,LF,464,2.18,1.69,0.00,0.00
INV-50257,2,2026-04-14,SO-10267,CT-1008,RL-KPT,RM-1010,EA,522,16.99,13.50,195.75,0.00
INV-50257,3,2026-04-14,SO-10267,CT-1008,RL-KPT,RF-4001,BNDL,266,35.65,27.90,206.15,0.00
INV-50257,4,2026-04-14,SO-10267,CT-1008,RL-KPT,DW-6001,EA,24,81.38,64.10,42.72,0.00
INV-50258,1,2026-04-13,SO-10268,CT-1007,RL-BRI,SX-7001,SQ,21,91.22,68.05,39.69,0.00
INV-50258,2,2026-04-13,SO-10268,CT-1007,RL-BRI,RM-1001,EA,1971,3.69,2.86,0.00,0.00
INV-50258,3,2026-04-13,SO-10268,CT-1007,RL-BRI,PT-5001,EA,267,42.58,32.20,238.97,0.00
INV-50259,1,2026-04-15,SO-10269,RT-2002,RL-JCB,PT-5002,EA,65,32.90,23.70,42.77,208.50
INV-50259,2,2026-04-15,SO-10269,RT-2002,RL-JCB,RM-1010,EA,524,18.75,13.50,196.50,957.94
INV-50259,3,2026-04-15,SO-10269,RT-2002,RL-JCB,RM-1020,EA,187,5.60,4.05,0.00,102.10
INV-50259,4,2026-04-15,SO-10269,RT-2002,RL-JCB,PT-5001,EA,67,44.75,32.20,59.97,292.33
INV-50259,5,2026-04-15,SO-10269,RT-2002,RL-JCB,RF-4010,RL,145,29.90,21.50,86.71,422.71
INV-50260,1,2026-04-14,SO-10270,RT-2002,RL-KPT,SX-7001,SQ,81,94.50,68.05,153.09,746.31
INV-50260,2,2026-04-14,SO-10270,RT-2002,RL-KPT,CM-3001,BG,291,6.85,4.95,0.00,194.35
INV-50260,3,2026-04-14,SO-10270,RT-2002,RL-KPT,CM-3020,EA,138,14.25,10.25,39.33,191.73
INV-50260,4,2026-04-14,SO-10270,RT-2002,RL-KPT,RF-4011,RL,66,109.50,78.85,144.54,704.63
INV-50261,1,2026-04-12,SO-10271,RT-2001,RL-BRI,CM-3002,BG,443,5.40,3.90,0.00,233.24
INV-50261,2,2026-04-12,SO-10271,RT-2001,RL-BRI,SX-7010,EA,295,14.80,10.65,87.32,425.69
INV-50261,3,2026-04-12,SO-10271,RT-2001,RL-BRI,FS-2002,BX,237,32.75,23.60,155.24,756.77
INV-50262,1,2026-04-12,SO-10272,RT-2003,RL-BRI,FS-2001,BX,115,28.50,20.60,65.55,319.56
INV-50263,1,2026-04-12,SO-10273,RT-2001,RL-KPT,CM-3010,BG,63,12.90,9.30,16.25,79.24
INV-50263,2,2026-04-12,SO-10273,RT-2001,RL-KPT,PT-5001,EA,271,44.75,32.20,242.54,1182.41
INV-50263,3,2026-04-12,SO-10273,RT-2001,RL-KPT,DW-6001,EA,31,89.00,64.10,55.18,269.00
INV-50263,4,2026-04-12,SO-10273,RT-2001,RL-KPT,FS-2001,BX,173,28.50,20.60,98.61,480.72
INV-50263,5,2026-04-12,SO-10273,RT-2001,RL-KPT,CM-3002,BG,445,5.40,3.90,0.00,234.29
INV-50264,1,2026-04-17,SO-10274,CT-1002,RL-BRI,RM-1003,EA,240,10.98,8.25,0.00,0.00
INV-50264,2,2026-04-17,SO-10274,CT-1002,RL-BRI,PT-5011,BG,153,16.57,13.25,56.30,0.00
INV-50265,1,2026-04-16,SO-10275,CT-1003,RL-JCB,DW-6002,EA,9,280.09,208.10,52.02,0.00
INV-50265,2,2026-04-16,SO-10275,CT-1003,RL-JCB,FS-2011,EA,50,44.08,34.90,48.50,0.00
INV-50265,3,2026-04-16,SO-10275,CT-1003,RL-JCB,RF-4011,RL,24,99.84,78.85,52.56,0.00
INV-50265,4,2026-04-16,SO-10275,CT-1003,RL-JCB,RM-1021,EA,85,38.85,28.10,66.13,0.00
INV-50266,1,2026-04-17,SO-10276,BL-3001,RL-BRI,FS-2010,EA,1094,1.63,1.33,0.00,0.00
INV-50267,1,2026-04-16,SO-10277,CT-1005,RL-BRI,RM-1002,EA,1093,6.78,4.95,0.00,0.00
INV-50268,1,2026-04-16,SO-10278,CT-1008,RL-KPT,RF-4020,LF,439,2.21,1.69,0.00,0.00
INV-50268,2,2026-04-16,SO-10278,CT-1008,RL-KPT,CM-3001,BG,610,6.49,4.95,0.00,0.00
INV-50269,1,2026-04-18,SO-10279,CT-1008,RL-BRI,SX-7010,EA,303,14.76,10.65,89.69,0.00
INV-50269,2,2026-04-18,SO-10279,CT-1008,RL-BRI,CM-3001,BG,557,6.36,4.95,0.00,0.00
INV-50270,1,2026-04-17,SO-10280,CT-1008,RL-KPT,CM-3010,BG,67,12.24,9.30,17.29,0.00
INV-50270,2,2026-04-17,SO-10280,CT-1008,RL-KPT,CM-3002,BG,373,5.01,3.90,0.00,0.00
INV-50271,1,2026-04-17,SO-10281,CT-1007,RL-KPT,RM-1001,EA,1074,3.87,2.86,0.00,0.00
INV-50271,2,2026-04-17,SO-10281,CT-1007,RL-KPT,RM-1003,EA,303,11.18,8.25,0.00,0.00
INV-50271,3,2026-04-17,SO-10281,CT-1007,RL-KPT,RM-1021,EA,94,37.18,28.10,73.13,0.00
INV-50272,1,2026-04-17,SO-10282,CT-1007,RL-JCB,RF-4011,RL,28,104.80,78.85,61.32,0.00
INV-50272,2,2026-04-17,SO-10282,CT-1007,RL-JCB,RM-1002,EA,980,6.26,4.95,0.00,0.00
INV-50272,3,2026-04-17,SO-10282,CT-1007,RL-JCB,DW-6001,EA,18,85.68,64.10,32.04,0.00
INV-50273,1,2026-04-19,SO-10283,CT-1001,RL-JCB,CM-3002,BG,334,5.34,3.90,0.00,0.00
INV-50273,2,2026-04-19,SO-10283,CT-1001,RL-JCB,RM-1010,EA,458,17.56,13.50,171.75,0.00
INV-50273,3,2026-04-19,SO-10283,CT-1001,RL-JCB,RM-1010,EA,229,18.04,13.50,85.88,0.00
INV-50274,1,2026-04-18,SO-10284,CT-1006,RL-BRI,CM-3002,BG,588,5.03,3.90,0.00,0.00
INV-50274,2,2026-04-18,SO-10284,CT-1006,RL-BRI,RF-4002,BNDL,149,47.35,37.65,155.85,0.00
INV-50275,1,2026-04-20,SO-10285,CT-1006,RL-BRI,PT-5010,EA,767,12.36,9.05,193.28,0.00
INV-50275,2,2026-04-20,SO-10285,CT-1006,RL-BRI,RM-1011,EA,316,22.63,17.95,157.37,0.00
INV-50275,3,2026-04-20,SO-10285,CT-1006,RL-BRI,DW-6001,EA,80,88.61,64.10,142.40,0.00
INV-50275,4,2026-04-20,SO-10285,CT-1006,RL-BRI,RM-1021,EA,77,35.59,28.10,59.91,0.00
INV-50275,5,2026-04-20,SO-10285,CT-1006,RL-BRI,FS-2002,BX,492,31.53,23.60,322.26,0.00
INV-50276,1,2026-04-18,SO-10286,CT-1005,RL-BRI,RM-1011,EA,207,24.49,17.95,103.09,0.00
INV-50276,2,2026-04-18,SO-10286,CT-1005,RL-BRI,PT-5001,EA,231,43.17,32.20,206.75,0.00
INV-50276,3,2026-04-18,SO-10286,CT-1005,RL-BRI,RF-4020,LF,875,2.24,1.69,0.00,0.00
INV-50277,1,2026-04-21,SO-10287,RT-2003,RL-BRI,RM-1010,EA,455,18.75,13.50,170.62,831.80
INV-50277,2,2026-04-21,SO-10287,RT-2003,RL-BRI,FS-2010,EA,1365,1.85,1.33,0.00,246.21
INV-50278,1,2026-04-21,SO-10288,RT-2001,RL-JCB,FS-2001,BX,90,28.50,20.60,51.30,250.09
INV-50278,2,2026-04-21,SO-10288,RT-2001,RL-JCB,CM-3002,BG,122,5.40,3.90,0.00,64.23
INV-50279,1,2026-04-19,SO-10289,RT-2002,RL-BRI,DW-6001,EA,82,89.00,64.10,145.96,711.56
INV-50279,2,2026-04-19,SO-10289,RT-2002,RL-BRI,SX-7010,EA,366,14.80,10.65,108.34,528.14
INV-50279,3,2026-04-19,SO-10289,RT-2002,RL-BRI,PT-5001,EA,308,44.75,32.20,275.66,1343.84
INV-50279,4,2026-04-19,SO-10289,RT-2002,RL-BRI,RF-4010,RL,354,29.90,21.50,211.69,1032.00
INV-50279,5,2026-04-19,SO-10289,RT-2002,RL-BRI,FS-2002,BX,460,32.75,23.60,301.30,1468.84
INV-50280,1,2026-04-19,SO-10290,RT-2002,RL-KPT,DW-6001,EA,46,89.00,64.10,81.88,399.17
INV-50280,2,2026-04-19,SO-10290,RT-2002,RL-KPT,PT-5002,EA,41,32.90,23.70,26.98,131.52
INV-50280,3,2026-04-19,SO-10290,RT-2002,RL-KPT,CM-3010,BG,189,12.90,9.30,48.76,237.71
INV-50280,4,2026-04-19,SO-10290,RT-2002,RL-KPT,CM-3001,BG,289,6.85,4.95,0.00,193.02
INV-50281,1,2026-04-19,SO-10291,RT-2003,RL-JCB,PT-5010,EA,267,12.60,9.05,67.28,328.01
INV-50281,2,2026-04-19,SO-10291,RT-2003,RL-JCB,DW-6010,EA,14,312.00,224.60,87.36,425.88
INV-50281,3,2026-04-19,SO-10291,RT-2003,RL-JCB,RF-4010,RL,99,29.90,21.50,59.20,288.61
INV-50281,4,2026-04-19,SO-10291,RT-2003,RL-JCB,SX-7001,SQ,67,94.50,68.05,126.63,617.32
INV-50282,1,2026-04-24,SO-10292,CT-1008,RL-KPT,DW-6002,EA,10,262.59,208.10,57.80,0.00
INV-50282,2,2026-04-24,SO-10292,CT-1008,RL-KPT,CM-3002,BG,251,5.14,3.90,0.00,0.00
INV-50282,3,2026-04-24,SO-10292,CT-1008,RL-KPT,PT-5001,EA,88,43.66,32.20,78.76,0.00
INV-50283,1,2026-04-22,SO-10293,CT-1002,RL-BRI,PT-5011,BG,120,18.07,13.25,44.16,0.00
INV-50283,2,2026-04-22,SO-10293,CT-1002,RL-BRI,RF-4011,RL,126,104.67,78.85,275.94,0.00
INV-50284,1,2026-04-24,SO-10294,CT-1008,RL-BRI,RF-4010,RL,200,28.97,21.50,119.60,0.00
INV-50284,2,2026-04-24,SO-10294,CT-1008,RL-BRI,CM-3020,EA,106,13.53,10.25,30.21,0.00
INV-50284,3,2026-04-24,SO-10294,CT-1008,RL-BRI,RM-1011,EA,584,23.61,17.95,290.83,0.00
INV-50285,1,2026-04-21,SO-10295,CT-1007,RL-JCB,FS-2010,EA,721,1.75,1.33,0.00,0.00
INV-50286,1,2026-04-28,SO-10296,CT-1003,RL-BRI,RM-1011,EA,529,22.87,17.95,263.44,0.00
INV-50286,2,2026-04-28,SO-10296,CT-1003,RL-BRI,RM-1021,EA,150,36.26,28.10,116.70,0.00
INV-50286,3,2026-04-28,SO-10296,CT-1003,RL-BRI,RF-4020,LF,1258,2.19,1.69,0.00,0.00
INV-50287,1,2026-04-25,SO-10297,CT-1006,RL-BRI,FS-2010,EA,593,1.71,1.33,0.00,0.00
INV-50288,1,2026-04-23,SO-10298,CT-1004,RL-JCB,RM-1002,EA,343,6.41,4.95,0.00,0.00
INV-50288,2,2026-04-23,SO-10298,CT-1004,RL-JCB,SX-7001,SQ,47,92.27,68.05,88.83,0.00
INV-50288,3,2026-04-23,SO-10298,CT-1004,RL-JCB,PT-5001,EA,48,43.61,32.20,42.96,0.00
INV-50288,4,2026-04-23,SO-10298,CT-1004,RL-JCB,RM-1022,EA,179,8.18,6.45,0.00,0.00
INV-50289,1,2026-04-28,SO-10299,CT-1004,RL-BRI,DW-6010,EA,13,305.54,224.60,81.12,0.00
INV-50290,1,2026-04-23,SO-10300,BL-3002,RL-BRI,CM-3002,BG,495,4.93,3.90,0.00,0.00
INV-50291,1,2026-04-24,SO-10301,CT-1001,RL-BRI,RM-1011,EA,257,22.44,17.95,127.99,0.00
INV-50291,2,2026-04-24,SO-10301,CT-1001,RL-BRI,CM-3002,BG,567,4.95,3.90,0.00,0.00
INV-50291,3,2026-04-24,SO-10301,CT-1001,RL-BRI,RM-1001,EA,2845,3.67,2.86,0.00,0.00
INV-50292,1,2026-04-23,SO-10302,BL-3001,RL-JCB,PT-5002,EA,131,29.65,23.70,86.20,0.00
INV-50292,2,2026-04-23,SO-10302,BL-3001,RL-JCB,DW-6002,EA,6,251.40,208.10,34.68,0.00
INV-50292,3,2026-04-23,SO-10302,BL-3001,RL-JCB,RM-1022,EA,356,7.96,6.45,0.00,0.00
INV-50292,4,2026-04-23,SO-10302,BL-3001,RL-JCB,RF-4010,RL,83,25.99,21.50,49.63,0.00
INV-50292,5,2026-04-23,SO-10302,BL-3001,RL-JCB,RF-4010,RL,116,27.36,21.50,69.37,0.00
INV-50293,1,2026-04-26,SO-10303,CT-1008,RL-BRI,PT-5010,EA,282,11.96,9.05,71.06,0.00
INV-50293,2,2026-04-26,SO-10303,CT-1008,RL-BRI,RM-1021,EA,76,37.64,28.10,59.13,0.00
INV-50293,3,2026-04-26,SO-10303,CT-1008,RL-BRI,RM-1022,EA,212,8.58,6.45,0.00,0.00
INV-50293,4,2026-04-26,SO-10303,CT-1008,RL-BRI,RM-1021,EA,140,35.67,28.10,108.92,0.00
INV-50294,1,2026-04-26,SO-10304,CT-1004,RL-BRI,RF-4002,BNDL,196,52.00,37.65,205.02,0.00
INV-50294,2,2026-04-26,SO-10304,CT-1004,RL-BRI,PT-5002,EA,144,30.94,23.70,94.75,0.00
INV-50295,1,2026-04-25,SO-10305,CT-1008,RL-KPT,FS-2001,BX,91,28.02,20.60,51.87,0.00
INV-50296,1,2026-04-24,SO-10306,CT-1008,RL-KPT,TL-9002,EA,343,8.60,6.40,0.00,0.00
INV-50296,2,2026-04-24,SO-10306,CT-1008,RL-KPT,TL-9002,EA,252,8.73,6.40,0.00,0.00
INV-50296,3,2026-04-24,SO-10306,CT-1008,RL-KPT,RM-1002,EA,881,6.79,4.95,0.00,0.00
INV-50296,4,2026-04-24,SO-10306,CT-1008,RL-KPT,PT-5011,BG,115,17.37,13.25,42.32,0.00
INV-50296,5,2026-04-24,SO-10306,CT-1008,RL-KPT,RM-1003,EA,138,11.24,8.25,0.00,0.00
INV-50297,1,2026-04-28,SO-10307,CT-1003,RL-KPT,TL-9001,EA,278,5.94,4.50,0.00,0.00
INV-50297,2,2026-04-28,SO-10307,CT-1003,RL-KPT,DW-6001,EA,19,83.46,64.10,33.82,0.00
INV-50297,3,2026-04-28,SO-10307,CT-1003,RL-KPT,PT-5002,EA,84,29.81,23.70,55.27,0.00
INV-50297,4,2026-04-28,SO-10307,CT-1003,RL-KPT,RM-1003,EA,106,11.18,8.25,0.00,0.00
INV-50298,1,2026-04-28,SO-10308,BL-3002,RL-BRI,CM-3020,EA,177,12.93,10.25,50.45,0.00
INV-50299,1,2026-04-26,SO-10310,RT-2002,RL-KPT,RM-1021,EA,124,38.90,28.10,96.47,470.30
INV-50299,2,2026-04-26,SO-10310,RT-2002,RL-KPT,TL-9002,EA,251,8.90,6.40,0.00,217.81
INV-50299,3,2026-04-26,SO-10310,RT-2002,RL-KPT,PT-5001,EA,113,44.75,32.20,101.14,493.03
INV-50299,4,2026-04-26,SO-10310,RT-2002,RL-KPT,DW-6010,EA,14,312.00,224.60,87.36,425.88
INV-50300,1,2026-04-29,SO-10311,RT-2001,RL-JCB,CM-3010,BG,98,12.90,9.30,25.28,123.26
INV-50300,2,2026-04-29,SO-10311,RT-2001,RL-JCB,RM-1021,EA,46,38.90,28.10,35.79,174.47
INV-50301,1,2026-04-28,SO-10312,RT-2003,RL-KPT,RF-4011,RL,61,109.50,78.85,133.59,651.25
INV-50301,2,2026-04-28,SO-10312,RT-2003,RL-KPT,CM-3001,BG,646,6.85,4.95,0.00,431.45
INV-50301,3,2026-04-28,SO-10312,RT-2003,RL-KPT,SX-7010,EA,217,14.80,10.65,64.23,313.13
INV-50302,1,2026-04-29,SO-10313,RT-2003,RL-KPT,DW-6010,EA,34,312.00,224.60,212.16,1034.28
INV-50302,2,2026-04-29,SO-10313,RT-2003,RL-KPT,RM-1010,EA,630,18.75,13.50,236.25,1151.72
INV-50302,3,2026-04-29,SO-10313,RT-2003,RL-KPT,FS-2002,BX,169,32.75,23.60,110.69,539.64
INV-50302,4,2026-04-29,SO-10313,RT-2003,RL-KPT,RF-4011,RL,96,109.50,78.85,210.24,1024.92
INV-50302,5,2026-04-29,SO-10313,RT-2003,RL-KPT,RM-1011,EA,456,24.90,17.95,227.09,1107.05
INV-50303,1,2026-04-29,SO-10314,CT-1005,RL-KPT,CM-3020,EA,268,13.52,10.25,76.38,0.00
INV-50303,2,2026-04-29,SO-10314,CT-1005,RL-KPT,DW-6010,EA,20,287.10,224.60,124.80,0.00
INV-50303,3,2026-04-29,SO-10314,CT-1005,RL-KPT,RF-4002,BNDL,60,51.27,37.65,62.76,0.00
INV-50303,4,2026-04-29,SO-10314,CT-1005,RL-KPT,FS-2011,EA,50,47.44,34.90,48.50,0.00
INV-50303,5,2026-04-29,SO-10314,CT-1005,RL-KPT,RM-1010,EA,890,18.00,13.50,333.75,0.00
INV-50304,1,2026-04-29,SO-10315,CT-1002,RL-JCB,RM-1022,EA,357,8.90,6.45,0.00,0.00
INV-50305,1,2026-04-30,SO-10316,BL-3001,RL-BRI,PT-5011,BG,226,17.20,13.25,83.17,0.00
INV-50305,2,2026-04-30,SO-10316,BL-3001,RL-BRI,CM-3002,BG,246,5.06,3.90,0.00,0.00
INV-50305,3,2026-04-30,SO-10316,BL-3001,RL-BRI,SX-7001,SQ,74,81.69,68.05,139.86,0.00
INV-50305,4,2026-04-30,SO-10316,BL-3001,RL-BRI,PT-5010,EA,697,11.39,9.05,175.64,0.00
INV-50305,5,2026-04-30,SO-10316,BL-3001,RL-BRI,TL-9001,EA,594,5.81,4.50,0.00,0.00
INV-50306,1,2026-04-29,SO-10317,CT-1006,RL-KPT,RM-1010,EA,760,17.32,13.50,285.00,0.00
INV-50307,1,2026-05-02,SO-10318,BL-3001,RL-BRI,DW-6001,EA,82,78.68,64.10,145.96,0.00
INV-50308,1,2026-05-03,SO-10319,CT-1005,RL-BRI,RF-4002,BNDL,217,51.99,37.65,226.98,0.00
INV-50308,2,2026-05-03,SO-10319,CT-1005,RL-BRI,TL-9001,EA,627,5.83,4.50,0.00,0.00
INV-50308,3,2026-05-03,SO-10319,CT-1005,RL-BRI,DW-6010,EA,44,306.52,224.60,274.56,0.00
INV-50309,1,2026-05-02,SO-10320,CT-1005,RL-KPT,RM-1002,EA,1111,6.29,4.95,0.00,0.00
INV-50309,2,2026-05-02,SO-10320,CT-1005,RL-KPT,SX-7001,SQ,86,88.84,68.05,162.54,0.00
INV-50309,3,2026-05-02,SO-10320,CT-1005,RL-KPT,RF-4011,RL,51,100.28,78.85,111.69,0.00
INV-50309,4,2026-05-02,SO-10320,CT-1005,RL-KPT,FS-2001,BX,320,27.91,20.60,182.40,0.00
INV-50309,5,2026-05-02,SO-10320,CT-1005,RL-KPT,RF-4020,LF,627,2.15,1.69,0.00,0.00
INV-50310,1,2026-05-04,SO-10321,BL-3002,RL-JCB,CM-3010,BG,29,11.73,9.30,7.48,0.00
INV-50311,1,2026-05-04,SO-10322,CT-1004,RL-JCB,RF-4001,BNDL,205,35.53,27.90,158.88,0.00
INV-50311,2,2026-05-04,SO-10322,CT-1004,RL-JCB,RM-1022,EA,135,8.75,6.45,0.00,0.00
INV-50311,3,2026-05-04,SO-10322,CT-1004,RL-JCB,SX-7010,EA,185,13.65,10.65,54.76,0.00
INV-50312,1,2026-05-03,SO-10323,CT-1004,RL-JCB,RF-4010,RL,179,27.45,21.50,107.04,0.00
INV-50312,2,2026-05-03,SO-10323,CT-1004,RL-JCB,FS-2002,BX,85,30.25,23.60,55.67,0.00
INV-50312,3,2026-05-03,SO-10323,CT-1004,RL-JCB,SX-7001,SQ,78,91.52,68.05,147.42,0.00
INV-50312,4,2026-05-03,SO-10323,CT-1004,RL-JCB,SX-7010,EA,71,14.61,10.65,21.02,0.00
INV-50313,1,2026-05-02,SO-10324,CT-1007,RL-KPT,RM-1010,EA,550,18.58,13.50,206.25,0.00
INV-50313,2,2026-05-02,SO-10324,CT-1007,RL-KPT,RM-1003,EA,143,10.69,8.25,0.00,0.00
INV-50313,3,2026-05-02,SO-10324,CT-1007,RL-KPT,DW-6001,EA,55,88.04,64.10,97.90,0.00
INV-50313,4,2026-05-02,SO-10324,CT-1007,RL-KPT,RM-1003,EA,418,10.83,8.25,0.00,0.00
INV-50314,1,2026-05-11,SO-10325,RT-2001,RL-BRI,TL-9002,EA,557,8.90,6.40,0.00,483.34
INV-50314,2,2026-05-11,SO-10325,RT-2001,RL-BRI,PT-5010,EA,972,12.60,9.05,244.94,1194.10
INV-50314,3,2026-05-11,SO-10325,RT-2001,RL-BRI,RF-4001,BNDL,867,38.75,27.90,671.92,3275.63
INV-50314,4,2026-05-11,SO-10325,RT-2001,RL-BRI,RF-4001,BNDL,776,38.75,27.90,601.40,2931.83
INV-50314,5,2026-05-11,SO-10325,RT-2001,RL-BRI,FS-2010,EA,1036,1.85,1.33,0.00,186.87
INV-50315,1,2026-05-04,SO-10326,RT-2001,RL-KPT,TL-9001,EA,287,6.25,4.50,0.00,174.89
INV-50315,2,2026-05-04,SO-10326,RT-2001,RL-KPT,DW-6010,EA,13,312.00,224.60,81.12,395.46
INV-50315,3,2026-05-04,SO-10326,RT-2001,RL-KPT,TL-9002,EA,120,8.90,6.40,0.00,104.13
INV-50315,4,2026-05-04,SO-10326,RT-2001,RL-KPT,TL-9002,EA,270,8.90,6.40,0.00,234.29
INV-50316,1,2026-05-04,SO-10327,RT-2001,RL-BRI,RF-4002,BNDL,182,52.30,37.65,190.37,928.06
INV-50316,2,2026-05-04,SO-10327,RT-2001,RL-BRI,CM-3002,BG,560,5.40,3.90,0.00,294.84
INV-50317,1,2026-05-05,SO-10328,RT-2003,RL-BRI,DW-6001,EA,51,89.00,64.10,90.78,442.55
INV-50317,2,2026-05-05,SO-10328,RT-2003,RL-BRI,RM-1021,EA,216,38.90,28.10,168.05,819.23
INV-50318,1,2026-05-05,SO-10329,CT-1008,RL-JCB,SX-7001,SQ,30,91.99,68.05,56.70,0.00
INV-50318,2,2026-05-05,SO-10329,CT-1008,RL-JCB,FS-2001,BX,55,27.48,20.60,31.35,0.00
INV-50318,3,2026-05-05,SO-10329,CT-1008,RL-JCB,RF-4020,LF,573,2.24,1.69,0.00,0.00
INV-50319,1,2026-05-10,SO-10330,BL-3002,RL-BRI,FS-2010,EA,1160,1.69,1.33,0.00,0.00
INV-50319,2,2026-05-10,SO-10330,BL-3002,RL-BRI,FS-2002,BX,198,29.30,23.60,129.69,0.00
INV-50320,1,2026-05-09,SO-10331,BL-3002,RL-BRI,DW-6010,EA,16,277.51,224.60,99.84,0.00
INV-50320,2,2026-05-09,SO-10331,BL-3002,RL-BRI,FS-2011,EA,74,41.87,34.90,71.78,0.00
INV-50320,3,2026-05-09,SO-10331,BL-3002,RL-BRI,PT-5001,EA,471,40.80,32.20,421.55,0.00
INV-50320,4,2026-05-09,SO-10331,BL-3002,RL-BRI,FS-2002,BX,586,29.86,23.60,383.83,0.00
INV-50320,5,2026-05-09,SO-10331,BL-3002,RL-BRI,RM-1020,EA,342,5.22,4.05,0.00,0.00
INV-50321,1,2026-05-08,SO-10332,CT-1008,RL-BRI,RM-1011,EA,901,23.68,17.95,448.70,0.00
INV-50321,2,2026-05-08,SO-10332,CT-1008,RL-BRI,DW-6002,EA,14,276.53,208.10,80.92,0.00
INV-50321,3,2026-05-08,SO-10332,CT-1008,RL-BRI,RF-4001,BNDL,621,37.85,27.90,481.27,0.00
INV-50322,1,2026-05-09,SO-10333,CT-1001,RL-BRI,RF-4011,RL,58,106.84,78.85,127.02,0.00
INV-50322,2,2026-05-09,SO-10333,CT-1001,RL-BRI,SX-7001,SQ,61,94.19,68.05,115.29,0.00
INV-50323,1,2026-05-10,SO-10334,CT-1004,RL-BRI,RM-1022,EA,198,8.47,6.45,0.00,0.00
INV-50324,1,2026-05-10,SO-10335,CT-1007,RL-JCB,RM-1020,EA,74,5.05,4.05,0.00,0.00
INV-50324,2,2026-05-10,SO-10335,CT-1007,RL-JCB,CM-3001,BG,876,6.61,4.95,0.00,0.00
INV-50324,3,2026-05-10,SO-10335,CT-1007,RL-JCB,CM-3020,EA,149,13.95,10.25,42.46,0.00
INV-50324,4,2026-05-10,SO-10335,CT-1007,RL-JCB,CM-3001,BG,289,6.27,4.95,0.00,0.00
INV-50324,5,2026-05-10,SO-10335,CT-1007,RL-JCB,DW-6010,EA,7,285.56,224.60,43.68,0.00
INV-50325,1,2026-05-10,SO-10336,CT-1008,RL-JCB,RM-1021,EA,97,38.82,28.10,75.47,0.00
INV-50325,2,2026-05-10,SO-10336,CT-1008,RL-JCB,TL-9002,EA,271,8.50,6.40,0.00,0.00
INV-50325,3,2026-05-10,SO-10336,CT-1008,RL-JCB,RF-4010,RL,58,28.44,21.50,34.68,0.00
INV-50325,4,2026-05-10,SO-10336,CT-1008,RL-JCB,TL-9002,EA,70,8.52,6.40,0.00,0.00
INV-50326,1,2026-05-10,SO-10337,BL-3001,RL-BRI,DW-6010,EA,14,273.12,224.60,87.36,0.00
INV-50327,1,2026-05-11,SO-10338,CT-1006,RL-KPT,RF-4010,RL,243,28.16,21.50,145.31,0.00
INV-50327,2,2026-05-11,SO-10338,CT-1006,RL-KPT,PT-5010,EA,651,12.40,9.05,164.05,0.00
INV-50327,3,2026-05-11,SO-10338,CT-1006,RL-KPT,CM-3002,BG,276,5.22,3.90,0.00,0.00
INV-50328,1,2026-05-11,SO-10339,CT-1003,RL-BRI,CM-3002,BG,542,5.05,3.90,0.00,0.00
INV-50328,2,2026-05-11,SO-10339,CT-1003,RL-BRI,RF-4001,BNDL,623,38.08,27.90,482.83,0.00
INV-50328,3,2026-05-11,SO-10339,CT-1003,RL-BRI,RM-1003,EA,702,10.39,8.25,0.00,0.00
INV-50328,4,2026-05-11,SO-10339,CT-1003,RL-BRI,CM-3010,BG,110,11.94,9.30,28.38,0.00
INV-50329,1,2026-05-09,SO-10340,CT-1006,RL-JCB,SX-7001,SQ,59,92.19,68.05,111.51,0.00
INV-50329,2,2026-05-09,SO-10340,CT-1006,RL-JCB,RM-1021,EA,78,38.35,28.10,60.68,0.00
INV-50329,3,2026-05-09,SO-10340,CT-1006,RL-JCB,RM-1021,EA,55,35.42,28.10,42.79,0.00
INV-50329,4,2026-05-09,SO-10340,CT-1006,RL-JCB,RM-1022,EA,472,8.20,6.45,0.00,0.00
INV-50329,5,2026-05-09,SO-10340,CT-1006,RL-JCB,RF-4010,RL,133,28.40,21.50,79.53,0.00
INV-50330,1,2026-05-12,SO-10341,CT-1002,RL-BRI,RM-1001,EA,1376,3.72,2.86,0.00,0.00
INV-50330,2,2026-05-12,SO-10341,CT-1002,RL-BRI,FS-2010,EA,645,1.80,1.33,0.00,0.00
INV-50331,1,2026-05-12,SO-10342,CT-1006,RL-KPT,DW-6002,EA,30,275.02,208.10,173.40,0.00
INV-50331,2,2026-05-12,SO-10342,CT-1006,RL-KPT,PT-5010,EA,740,12.31,9.05,186.48,0.00
INV-50331,3,2026-05-12,SO-10342,CT-1006,RL-KPT,RM-1011,EA,211,24.86,17.95,105.08,0.00
INV-50331,4,2026-05-12,SO-10342,CT-1006,RL-KPT,FS-2010,EA,928,1.67,1.33,0.00,0.00
INV-50331,5,2026-05-12,SO-10342,CT-1006,RL-KPT,FS-2002,BX,323,31.81,23.60,211.56,0.00
INV-50332,1,2026-05-12,SO-10343,RT-2003,RL-KPT,FS-2002,BX,224,32.75,23.60,146.72,715.26
INV-50332,2,2026-05-12,SO-10343,RT-2003,RL-KPT,CM-3002,BG,395,5.40,3.90,0.00,207.97
INV-50332,3,2026-05-12,SO-10343,RT-2003,RL-KPT,SX-7001,SQ,72,94.50,68.05,136.08,663.39
INV-50333,1,2026-05-12,SO-10345,RT-2001,RL-KPT,FS-2010,EA,405,1.85,1.33,0.00,73.05
INV-50333,2,2026-05-12,SO-10345,RT-2001,RL-KPT,RF-4001,BNDL,384,38.75,27.90,297.60,1450.80
INV-50333,3,2026-05-12,SO-10345,RT-2001,RL-KPT,DW-6010,EA,41,312.00,224.60,255.84,1247.22
INV-50334,1,2026-05-10,SO-10346,RT-2002,RL-BRI,RM-1001,EA,1906,3.98,2.86,0.00,739.62
INV-50334,2,2026-05-10,SO-10346,RT-2002,RL-BRI,CM-3010,BG,171,12.90,9.30,44.12,215.08
INV-50334,3,2026-05-10,SO-10346,RT-2002,RL-BRI,FS-2001,BX,429,28.50,20.60,244.53,1192.08
INV-50335,1,2026-05-16,SO-10347,CT-1002,RL-BRI,DW-6010,EA,50,294.72,224.60,312.00,0.00
INV-50335,2,2026-05-16,SO-10347,CT-1002,RL-BRI,PT-5010,EA,774,12.04,9.05,195.05,0.00
INV-50335,3,2026-05-16,SO-10347,CT-1002,RL-BRI,DW-6001,EA,90,85.76,64.10,160.20,0.00
INV-50335,4,2026-05-16,SO-10347,CT-1002,RL-BRI,SX-7001,SQ,117,91.96,68.05,221.13,0.00
INV-50336,1,2026-05-12,SO-10348,CT-1007,RL-JCB,SX-7010,EA,143,14.72,10.65,42.33,0.00
INV-50336,2,2026-05-12,SO-10348,CT-1007,RL-JCB,PT-5010,EA,533,12.41,9.05,134.32,0.00
INV-50337,1,2026-05-15,SO-10349,CT-1002,RL-BRI,TL-9002,EA,154,8.71,6.40,0.00,0.00
INV-50337,2,2026-05-15,SO-10349,CT-1002,RL-BRI,DW-6002,EA,12,285.79,208.10,69.36,0.00
INV-50337,3,2026-05-15,SO-10349,CT-1002,RL-BRI,CM-3002,BG,304,4.86,3.90,0.00,0.00
INV-50337,4,2026-05-15,SO-10349,CT-1002,RL-BRI,PT-5002,EA,53,30.63,23.70,34.87,0.00
INV-50337,5,2026-05-15,SO-10349,CT-1002,RL-BRI,SX-7001,SQ,142,89.54,68.05,268.38,0.00
INV-50338,1,2026-05-14,SO-10350,BL-3002,RL-BRI,RF-4020,LF,489,2.14,1.69,0.00,0.00
INV-50338,2,2026-05-14,SO-10350,BL-3002,RL-BRI,PT-5011,BG,123,16.62,13.25,45.26,0.00
INV-50338,3,2026-05-14,SO-10350,BL-3002,RL-BRI,SX-7001,SQ,122,87.82,68.05,230.58,0.00
INV-50338,4,2026-05-14,SO-10350,BL-3002,RL-BRI,RM-1002,EA,1380,6.28,4.95,0.00,0.00
INV-50339,1,2026-05-15,SO-10351,CT-1002,RL-KPT,RM-1002,EA,495,6.29,4.95,0.00,0.00
INV-50339,2,2026-05-15,SO-10351,CT-1002,RL-KPT,RM-1002,EA,680,6.73,4.95,0.00,0.00
INV-50339,3,2026-05-15,SO-10351,CT-1002,RL-KPT,SX-7001,SQ,34,88.08,68.05,64.26,0.00
INV-50339,4,2026-05-15,SO-10351,CT-1002,RL-KPT,RM-1003,EA,376,10.65,8.25,0.00,0.00
INV-50339,5,2026-05-15,SO-10351,CT-1002,RL-KPT,FS-2011,EA,54,45.19,34.90,52.38,0.00
INV-50340,1,2026-05-14,SO-10352,CT-1005,RL-BRI,DW-6002,EA,29,265.34,208.10,167.62,0.00
INV-50340,2,2026-05-14,SO-10352,CT-1005,RL-BRI,RM-1010,EA,692,17.14,13.50,259.50,0.00
INV-50341,1,2026-05-15,SO-10353,CT-1006,RL-BRI,PT-5011,BG,291,17.15,13.25,107.09,0.00
INV-50341,2,2026-05-15,SO-10353,CT-1006,RL-BRI,DW-6002,EA,9,286.51,208.10,52.02,0.00
INV-50342,1,2026-05-17,SO-10354,CT-1001,RL-BRI,CM-3002,BG,687,5.15,3.90,0.00,0.00
INV-50342,2,2026-05-17,SO-10354,CT-1001,RL-BRI,FS-2010,EA,1829,1.74,1.33,0.00,0.00
INV-50342,3,2026-05-17,SO-10354,CT-1001,RL-BRI,SX-7001,SQ,40,94.13,68.05,75.60,0.00
INV-50342,4,2026-05-17,SO-10354,CT-1001,RL-BRI,RF-4010,RL,302,27.09,21.50,180.60,0.00
INV-50342,5,2026-05-17,SO-10354,CT-1001,RL-BRI,TL-9001,EA,392,6.05,4.50,0.00,0.00
INV-50343,1,2026-05-17,SO-10355,CT-1004,RL-KPT,FS-2001,BX,325,28.15,20.60,185.25,0.00
INV-50343,2,2026-05-17,SO-10355,CT-1004,RL-KPT,CM-3002,BG,432,5.03,3.90,0.00,0.00
INV-50344,1,2026-05-16,SO-10356,CT-1006,RL-KPT,PT-5001,EA,86,43.17,32.20,76.97,0.00
INV-50344,2,2026-05-16,SO-10356,CT-1006,RL-KPT,RM-1001,EA,870,3.65,2.86,0.00,0.00
INV-50345,1,2026-05-15,SO-10357,BL-3001,RL-JCB,SX-7001,SQ,63,87.41,68.05,119.07,0.00
INV-50345,2,2026-05-15,SO-10357,BL-3001,RL-JCB,PT-5002,EA,80,30.43,23.70,52.64,0.00
INV-50345,3,2026-05-15,SO-10357,BL-3001,RL-JCB,RM-1001,EA,587,3.48,2.86,0.00,0.00
INV-50345,4,2026-05-15,SO-10357,BL-3001,RL-JCB,RM-1001,EA,443,3.72,2.86,0.00,0.00
INV-50345,5,2026-05-15,SO-10357,BL-3001,RL-JCB,PT-5002,EA,57,29.94,23.70,37.51,0.00
INV-50346,1,2026-05-23,SO-10358,CT-1004,RL-BRI,RM-1022,EA,1051,8.50,6.45,0.00,0.00
INV-50347,1,2026-05-18,SO-10359,BL-3001,RL-BRI,CM-3010,BG,231,11.38,9.30,59.60,0.00
INV-50347,2,2026-05-18,SO-10359,BL-3001,RL-BRI,RM-1002,EA,1491,6.18,4.95,0.00,0.00
INV-50347,3,2026-05-18,SO-10359,BL-3001,RL-BRI,RF-4001,BNDL,749,33.33,27.90,580.48,0.00
INV-50347,4,2026-05-18,SO-10359,BL-3001,RL-BRI,DW-6010,EA,33,269.61,224.60,205.92,0.00
INV-50347,5,2026-05-18,SO-10359,BL-3001,RL-BRI,RF-4020,LF,785,2.07,1.69,0.00,0.00
INV-50348,1,2026-05-18,SO-10360,BL-3001,RL-KPT,SX-7001,SQ,54,83.80,68.05,102.06,0.00
INV-50349,1,2026-05-17,SO-10361,BL-3002,RL-JCB,RF-4011,RL,25,94.41,78.85,54.75,0.00
INV-50349,2,2026-05-17,SO-10361,BL-3002,RL-JCB,DW-6010,EA,26,283.95,224.60,162.24,0.00
INV-50349,3,2026-05-17,SO-10361,BL-3002,RL-JCB,PT-5001,EA,232,40.18,32.20,207.64,0.00
INV-50349,4,2026-05-17,SO-10361,BL-3002,RL-JCB,PT-5001,EA,230,40.35,32.20,205.85,0.00
INV-50350,1,2026-05-17,SO-10362,RT-2003,RL-KPT,RM-1003,EA,259,11.40,8.25,0.00,287.88
INV-50350,2,2026-05-17,SO-10362,RT-2003,RL-KPT,RM-1011,EA,285,24.90,17.95,141.93,691.91
INV-50350,3,2026-05-17,SO-10362,RT-2003,RL-KPT,SX-7001,SQ,22,94.50,68.05,41.58,202.70
INV-50350,4,2026-05-17,SO-10362,RT-2003,RL-KPT,DW-6010,EA,8,312.00,224.60,49.92,243.36
INV-50351,1,2026-05-17,SO-10363,RT-2002,RL-JCB,SX-7010,EA,204,14.80,10.65,60.38,294.37
INV-50352,1,2026-05-18,SO-10364,RT-2002,RL-KPT,RM-1001,EA,1388,3.98,2.86,0.00,538.61
INV-50353,1,2026-05-20,SO-10365,BL-3002,RL-BRI,RM-1003,EA,226,10.20,8.25,0.00,0.00
INV-50353,2,2026-05-20,SO-10365,BL-3002,RL-BRI,PT-5002,EA,129,30.34,23.70,84.88,0.00
INV-50353,3,2026-05-20,SO-10365,BL-3002,RL-BRI,FS-2002,BX,365,28.93,23.60,239.07,0.00
INV-50353,4,2026-05-20,SO-10365,BL-3002,RL-BRI,RM-1001,EA,2070,3.47,2.86,0.00,0.00
INV-50354,1,2026-05-20,SO-10366,CT-1004,RL-KPT,PT-5001,EA,135,43.37,32.20,120.83,0.00
INV-50354,2,2026-05-20,SO-10366,CT-1004,RL-KPT,SX-7010,EA,228,14.18,10.65,67.49,0.00
INV-50354,3,2026-05-20,SO-10366,CT-1004,RL-KPT,PT-5001,EA,254,41.00,32.20,227.33,0.00
INV-50355,1,2026-05-21,SO-10367,CT-1001,RL-KPT,PT-5001,EA,307,42.07,32.20,274.77,0.00
INV-50355,2,2026-05-21,SO-10367,CT-1001,RL-KPT,RM-1001,EA,1256,3.59,2.86,0.00,0.00
INV-50356,1,2026-05-20,SO-10368,CT-1002,RL-BRI,RF-4010,RL,149,29.06,21.50,89.10,0.00
INV-50356,2,2026-05-20,SO-10368,CT-1002,RL-BRI,PT-5001,EA,425,41.15,32.20,380.38,0.00
INV-50356,3,2026-05-20,SO-10368,CT-1002,RL-BRI,FS-2011,EA,116,43.75,34.90,112.52,0.00
INV-50356,4,2026-05-20,SO-10368,CT-1002,RL-BRI,FS-2001,BX,286,25.97,20.60,163.02,0.00
INV-50356,5,2026-05-20,SO-10368,CT-1002,RL-BRI,CM-3002,BG,382,5.30,3.90,0.00,0.00
INV-50357,1,2026-05-21,SO-10369,CT-1003,RL-JCB,CM-3001,BG,628,6.38,4.95,0.00,0.00
INV-50358,1,2026-05-21,SO-10370,CT-1004,RL-JCB,RF-4002,BNDL,136,52.13,37.65,142.26,0.00
INV-50358,2,2026-05-21,SO-10370,CT-1004,RL-JCB,TL-9002,EA,132,8.43,6.40,0.00,0.00
INV-50358,3,2026-05-21,SO-10370,CT-1004,RL-JCB,RM-1011,EA,189,24.61,17.95,94.12,0.00
INV-50359,1,2026-05-24,SO-10371,BL-3001,RL-BRI,TL-9002,EA,367,8.11,6.40,0.00,0.00
INV-50359,2,2026-05-24,SO-10371,BL-3001,RL-BRI,RM-1003,EA,320,10.22,8.25,0.00,0.00
INV-50359,3,2026-05-24,SO-10371,BL-3001,RL-BRI,CM-3020,EA,257,13.27,10.25,73.24,0.00
INV-50360,1,2026-05-23,SO-10372,BL-3002,RL-BRI,PT-5002,EA,78,29.18,23.70,51.32,0.00
INV-50360,2,2026-05-23,SO-10372,BL-3002,RL-BRI,SX-7001,SQ,90,87.35,68.05,170.10,0.00
INV-50360,3,2026-05-23,SO-10372,BL-3002,RL-BRI,RF-4020,LF,489,2.07,1.69,0.00,0.00
INV-50360,4,2026-05-23,SO-10372,BL-3002,RL-BRI,RM-1011,EA,486,23.09,17.95,242.03,0.00
INV-50360,5,2026-05-23,SO-10372,BL-3002,RL-BRI,RM-1020,EA,631,4.86,4.05,0.00,0.00
INV-50361,1,2026-05-24,SO-10373,CT-1006,RL-BRI,FS-2001,BX,549,27.76,20.60,312.93,0.00
INV-50361,2,2026-05-24,SO-10373,CT-1006,RL-BRI,RF-4001,BNDL,289,38.06,27.90,223.98,0.00
INV-50362,1,2026-05-25,SO-10374,CT-1007,RL-JCB,CM-3002,BG,269,5.28,3.90,0.00,0.00
INV-50362,2,2026-05-25,SO-10374,CT-1007,RL-JCB,SX-7010,EA,190,14.49,10.65,56.24,0.00
INV-50362,3,2026-05-25,SO-10374,CT-1007,RL-JCB,RF-4020,LF,799,2.34,1.69,0.00,0.00
INV-50362,4,2026-05-25,SO-10374,CT-1007,RL-JCB,DW-6002,EA,10,276.24,208.10,57.80,0.00
INV-50362,5,2026-05-25,SO-10374,CT-1007,RL-JCB,PT-5010,EA,190,11.73,9.05,47.88,0.00
INV-50363,1,2026-05-26,SO-10375,CT-1001,RL-KPT,RF-4011,RL,48,108.65,78.85,105.12,0.00
INV-50363,2,2026-05-26,SO-10375,CT-1001,RL-KPT,FS-2002,BX,456,31.34,23.60,298.68,0.00
INV-50364,1,2026-05-26,SO-10376,BL-3002,RL-JCB,CM-3001,BG,340,6.42,4.95,0.00,0.00
INV-50364,2,2026-05-26,SO-10376,BL-3002,RL-JCB,RF-4011,RL,13,99.01,78.85,28.47,0.00
INV-50365,1,2026-05-26,SO-10377,CT-1001,RL-JCB,CM-3010,BG,85,12.20,9.30,21.93,0.00
INV-50365,2,2026-05-26,SO-10377,CT-1001,RL-JCB,PT-5010,EA,356,12.42,9.05,89.71,0.00
INV-50366,1,2026-05-26,SO-10378,CT-1007,RL-BRI,CM-3002,BG,270,5.09,3.90,0.00,0.00
INV-50366,2,2026-05-26,SO-10378,CT-1007,RL-BRI,TL-9001,EA,313,5.82,4.50,0.00,0.00
INV-50366,3,2026-05-26,SO-10378,CT-1007,RL-BRI,CM-3001,BG,1100,6.35,4.95,0.00,0.00
INV-50366,4,2026-05-26,SO-10378,CT-1007,RL-BRI,RM-1001,EA,3277,3.91,2.86,0.00,0.00
INV-50366,5,2026-05-26,SO-10378,CT-1007,RL-BRI,CM-3020,EA,305,14.08,10.25,86.93,0.00
INV-50367,1,2026-05-26,SO-10379,RT-2001,RL-KPT,FS-2011,EA,54,48.50,34.90,52.38,255.35
INV-50367,2,2026-05-26,SO-10379,RT-2001,RL-KPT,DW-6010,EA,24,312.00,224.60,149.76,730.08
INV-50367,3,2026-05-26,SO-10379,RT-2001,RL-KPT,FS-2011,EA,76,48.50,34.90,73.72,359.38
INV-50367,4,2026-05-26,SO-10379,RT-2001,RL-KPT,RM-1003,EA,255,11.40,8.25,0.00,283.43
INV-50368,1,2026-05-25,SO-10380,RT-2003,RL-KPT,DW-6002,EA,33,289.00,208.10,190.74,929.86
INV-50369,1,2026-05-25,SO-10381,RT-2001,RL-KPT,SX-7010,EA,82,14.80,10.65,24.27,118.33
INV-50369,2,2026-05-25,SO-10381,RT-2001,RL-KPT,SX-7010,EA,172,14.80,10.65,50.91,248.20
INV-50369,3,2026-05-25,SO-10381,RT-2001,RL-KPT,CM-3001,BG,391,6.85,4.95,0.00,261.14
INV-50370,1,2026-05-25,SO-10382,RT-2002,RL-KPT,SX-7001,SQ,30,94.50,68.05,56.70,276.41
INV-50370,2,2026-05-25,SO-10382,RT-2002,RL-KPT,FS-2010,EA,271,1.85,1.33,0.00,48.88
INV-50370,3,2026-05-25,SO-10382,RT-2002,RL-KPT,RM-1021,EA,34,38.90,28.10,26.45,128.95
INV-50370,4,2026-05-25,SO-10382,RT-2002,RL-KPT,DW-6001,EA,19,89.00,64.10,33.82,164.87
INV-50371,1,2026-05-25,SO-10383,RT-2002,RL-BRI,SX-7001,SQ,93,94.50,68.05,175.77,856.88
INV-50371,2,2026-05-25,SO-10383,RT-2002,RL-BRI,RM-1021,EA,75,38.90,28.10,58.35,284.46
INV-50372,1,2026-05-30,SO-10384,BL-3002,RL-BRI,RM-1001,EA,1610,3.64,2.86,0.00,0.00
INV-50372,2,2026-05-30,SO-10384,BL-3002,RL-BRI,CM-3010,BG,333,11.96,9.30,85.91,0.00
INV-50373,1,2026-05-28,SO-10385,CT-1003,RL-KPT,DW-6001,EA,70,82.00,64.10,124.60,0.00
INV-50373,2,2026-05-28,SO-10385,CT-1003,RL-KPT,PT-5002,EA,75,29.65,23.70,49.35,0.00
INV-50373,3,2026-05-28,SO-10385,CT-1003,RL-KPT,CM-3002,BG,297,5.21,3.90,0.00,0.00
INV-50373,4,2026-05-28,SO-10385,CT-1003,RL-KPT,PT-5010,EA,202,11.86,9.05,50.90,0.00
INV-50373,5,2026-05-28,SO-10385,CT-1003,RL-KPT,TL-9002,EA,458,8.49,6.40,0.00,0.00
INV-50374,1,2026-05-29,SO-10386,CT-1003,RL-BRI,RF-4020,LF,1622,2.13,1.69,0.00,0.00
INV-50374,2,2026-05-29,SO-10386,CT-1003,RL-BRI,RM-1002,EA,1439,6.43,4.95,0.00,0.00
INV-50374,3,2026-05-29,SO-10386,CT-1003,RL-BRI,CM-3010,BG,212,11.63,9.30,54.70,0.00
INV-50375,1,2026-06-03,SO-10387,CT-1001,RL-KPT,TL-9002,EA,212,8.19,6.40,0.00,0.00
INV-50375,2,2026-06-03,SO-10387,CT-1001,RL-KPT,RM-1003,EA,254,11.39,8.25,0.00,0.00
INV-50376,1,2026-05-28,SO-10388,CT-1008,RL-KPT,DW-6002,EA,24,260.78,208.10,138.72,0.00
INV-50376,2,2026-05-28,SO-10388,CT-1008,RL-KPT,PT-5001,EA,178,40.52,32.20,159.31,0.00
INV-50376,3,2026-05-28,SO-10388,CT-1008,RL-KPT,CM-3020,EA,306,13.14,10.25,87.21,0.00
INV-50377,1,2026-06-03,SO-10389,CT-1007,RL-KPT,CM-3002,BG,201,5.16,3.90,0.00,0.00
INV-50378,1,2026-05-30,SO-10390,CT-1004,RL-KPT,CM-3020,EA,167,14.20,10.25,47.59,0.00
INV-50378,2,2026-05-30,SO-10390,CT-1004,RL-KPT,CM-3001,BG,586,6.22,4.95,0.00,0.00
INV-50378,3,2026-05-30,SO-10390,CT-1004,RL-KPT,PT-5010,EA,414,11.90,9.05,104.33,0.00
INV-50378,4,2026-05-30,SO-10390,CT-1004,RL-KPT,DW-6010,EA,34,305.56,224.60,212.16,0.00
INV-50379,1,2026-05-30,SO-10391,CT-1001,RL-JCB,SX-7010,EA,112,14.15,10.65,33.15,0.00
INV-50379,2,2026-05-30,SO-10391,CT-1001,RL-JCB,TL-9001,EA,139,5.92,4.50,0.00,0.00
INV-50379,3,2026-05-30,SO-10391,CT-1001,RL-JCB,FS-2002,BX,269,31.87,23.60,176.19,0.00
INV-50380,1,2026-05-30,SO-10392,CT-1008,RL-BRI,RM-1003,EA,820,11.32,8.25,0.00,0.00
INV-50380,2,2026-05-30,SO-10392,CT-1008,RL-BRI,FS-2010,EA,830,1.71,1.33,0.00,0.00
INV-50380,3,2026-05-30,SO-10392,CT-1008,RL-BRI,PT-5002,EA,171,31.88,23.70,112.52,0.00
INV-50381,1,2026-06-01,SO-10393,CT-1001,RL-KPT,RM-1002,EA,839,6.34,4.95,0.00,0.00
INV-50381,2,2026-06-01,SO-10393,CT-1001,RL-KPT,SX-7010,EA,161,13.69,10.65,47.66,0.00
INV-50382,1,2026-06-02,SO-10394,BL-3002,RL-JCB,RM-1020,EA,261,5.01,4.05,0.00,0.00
INV-50383,1,2026-05-31,SO-10395,RT-2002,RL-KPT,PT-5002,EA,177,32.90,23.70,116.47,567.77
INV-50383,2,2026-05-31,SO-10395,RT-2002,RL-KPT,CM-3002,BG,585,5.40,3.90,0.00,308.00
INV-50383,3,2026-05-31,SO-10395,RT-2002,RL-KPT,RF-4011,RL,29,109.50,78.85,63.51,309.61
INV-50383,4,2026-05-31,SO-10395,RT-2002,RL-KPT,TL-9002,EA,83,8.90,6.40,0.00,72.02
INV-50384,1,2026-06-01,SO-10396,RT-2003,RL-BRI,FS-2011,EA,82,48.50,34.90,79.54,387.76
INV-50384,2,2026-06-01,SO-10396,RT-2003,RL-BRI,CM-3002,BG,175,5.40,3.90,0.00,92.14
INV-50385,1,2026-06-05,SO-10397,RT-2002,RL-JCB,PT-5011,BG,28,18.40,13.25,10.30,50.23
INV-50385,2,2026-06-05,SO-10397,RT-2002,RL-JCB,CM-3020,EA,158,14.25,10.25,45.03,219.52
INV-50385,3,2026-06-05,SO-10397,RT-2002,RL-JCB,RM-1021,EA,32,38.90,28.10,24.90,121.37
INV-50385,4,2026-06-05,SO-10397,RT-2002,RL-JCB,RM-1001,EA,1346,3.98,2.86,0.00,522.32
INV-50386,1,2026-06-02,SO-10398,RT-2001,RL-KPT,TL-9001,EA,544,6.25,4.50,0.00,331.50
INV-50386,2,2026-06-02,SO-10398,RT-2001,RL-KPT,PT-5001,EA,185,44.75,32.20,165.58,807.18
INV-50386,3,2026-06-02,SO-10398,RT-2001,RL-KPT,RF-4020,LF,1062,2.35,1.69,0.00,243.33
INV-50386,4,2026-06-02,SO-10398,RT-2001,RL-KPT,DW-6001,EA,24,89.00,64.10,42.72,208.26
INV-50387,1,2026-06-07,SO-10399,RT-2001,RL-BRI,RF-4002,BNDL,265,52.30,37.65,277.19,1351.30
INV-50387,2,2026-06-07,SO-10399,RT-2001,RL-BRI,CM-3020,EA,246,14.25,10.25,70.11,341.79
INV-50387,3,2026-06-07,SO-10399,RT-2001,RL-BRI,TL-9001,EA,559,6.25,4.50,0.00,340.64
INV-50387,4,2026-06-07,SO-10399,RT-2001,RL-BRI,RM-1001,EA,3265,3.98,2.86,0.00,1266.98
INV-50388,1,2026-06-05,SO-10400,CT-1001,RL-KPT,RM-1020,EA,293,5.57,4.05,0.00,0.00
INV-50388,2,2026-06-05,SO-10400,CT-1001,RL-KPT,TL-9001,EA,690,6.19,4.50,0.00,0.00
INV-50388,3,2026-06-05,SO-10400,CT-1001,RL-KPT,PT-5011,BG,107,16.82,13.25,39.38,0.00
INV-50389,1,2026-06-05,SO-10401,BL-3001,RL-JCB,SX-7001,SQ,85,85.36,68.05,160.65,0.00
INV-50389,2,2026-06-05,SO-10401,BL-3001,RL-JCB,CM-3020,EA,108,13.01,10.25,30.78,0.00
INV-50389,3,2026-06-05,SO-10401,BL-3001,RL-JCB,RM-1020,EA,134,4.83,4.05,0.00,0.00
INV-50389,4,2026-06-05,SO-10401,BL-3001,RL-JCB,RF-4020,LF,873,2.06,1.69,0.00,0.00
INV-50390,1,2026-06-05,SO-10402,CT-1005,RL-KPT,PT-5001,EA,338,43.70,32.20,302.51,0.00
INV-50390,2,2026-06-05,SO-10402,CT-1005,RL-KPT,RM-1011,EA,544,24.20,17.95,270.91,0.00
INV-50391,1,2026-06-10,SO-10403,CT-1007,RL-KPT,CM-3001,BG,1119,6.42,4.95,0.00,0.00
INV-50391,2,2026-06-10,SO-10403,CT-1007,RL-KPT,RF-4020,LF,1241,2.12,1.69,0.00,0.00
INV-50392,1,2026-06-04,SO-10404,CT-1001,RL-KPT,CM-3010,BG,70,12.02,9.30,18.06,0.00
INV-50392,2,2026-06-04,SO-10404,CT-1001,RL-KPT,RF-4010,RL,281,28.27,21.50,168.04,0.00
INV-50392,3,2026-06-04,SO-10404,CT-1001,RL-KPT,RF-4010,RL,109,29.31,21.50,65.18,0.00
INV-50392,4,2026-06-04,SO-10404,CT-1001,RL-KPT,RM-1003,EA,444,11.39,8.25,0.00,0.00
INV-50393,1,2026-06-12,SO-10405,CT-1002,RL-BRI,FS-2002,BX,558,31.87,23.60,365.49,0.00
INV-50393,2,2026-06-12,SO-10405,CT-1002,RL-BRI,CM-3010,BG,233,11.84,9.30,60.11,0.00
INV-50394,1,2026-06-05,SO-10406,CT-1008,RL-KPT,TL-9001,EA,692,5.87,4.50,0.00,0.00
INV-50394,2,2026-06-05,SO-10406,CT-1008,RL-KPT,RF-4010,RL,143,29.01,21.50,85.51,0.00
INV-50395,1,2026-06-07,SO-10407,CT-1007,RL-BRI,FS-2001,BX,325,28.21,20.60,185.25,0.00
INV-50396,1,2026-06-04,SO-10408,CT-1004,RL-BRI,FS-2002,BX,333,31.70,23.60,218.12,0.00
INV-50397,1,2026-06-06,SO-10409,CT-1003,RL-JCB,DW-6010,EA,21,293.40,224.60,131.04,0.00
INV-50397,2,2026-06-06,SO-10409,CT-1003,RL-JCB,RM-1003,EA,92,10.61,8.25,0.00,0.00
INV-50397,3,2026-06-06,SO-10409,CT-1003,RL-JCB,FS-2011,EA,33,47.01,34.90,32.01,0.00
INV-50397,4,2026-06-06,SO-10409,CT-1003,RL-JCB,RM-1020,EA,285,5.40,4.05,0.00,0.00
INV-50398,1,2026-06-07,SO-10410,CT-1005,RL-KPT,CM-3010,BG,45,12.35,9.30,11.61,0.00
INV-50399,1,2026-06-07,SO-10411,CT-1002,RL-JCB,RM-1021,EA,68,38.36,28.10,52.90,0.00
INV-50399,2,2026-06-07,SO-10411,CT-1002,RL-JCB,FS-2011,EA,41,45.56,34.90,39.77,0.00
INV-50399,3,2026-06-07,SO-10411,CT-1002,RL-JCB,TL-9002,EA,98,8.49,6.40,0.00,0.00
INV-50399,4,2026-06-07,SO-10411,CT-1002,RL-JCB,RM-1022,EA,541,8.64,6.45,0.00,0.00
INV-50400,1,2026-06-05,SO-10412,CT-1002,RL-BRI,CM-3002,BG,628,5.00,3.90,0.00,0.00
INV-50400,2,2026-06-05,SO-10412,CT-1002,RL-BRI,RM-1003,EA,251,10.60,8.25,0.00,0.00
INV-50400,3,2026-06-05,SO-10412,CT-1002,RL-BRI,FS-2010,EA,1268,1.67,1.33,0.00,0.00
INV-50400,4,2026-06-05,SO-10412,CT-1002,RL-BRI,RF-4011,RL,45,108.46,78.85,98.55,0.00
INV-50400,5,2026-06-05,SO-10412,CT-1002,RL-BRI,RF-4010,RL,316,28.64,21.50,188.97,0.00
INV-50401,1,2026-06-05,SO-10413,CT-1006,RL-KPT,CM-3001,BG,470,6.31,4.95,0.00,0.00
INV-50401,2,2026-06-05,SO-10413,CT-1006,RL-KPT,FS-2001,BX,297,26.67,20.60,169.29,0.00
INV-50401,3,2026-06-05,SO-10413,CT-1006,RL-KPT,FS-2001,BX,339,27.22,20.60,193.23,0.00
INV-50401,4,2026-06-05,SO-10413,CT-1006,RL-KPT,RF-4001,BNDL,504,36.43,27.90,390.60,0.00
INV-50401,5,2026-06-05,SO-10413,CT-1006,RL-KPT,RM-1020,EA,565,5.57,4.05,0.00,0.00
INV-50402,1,2026-06-07,SO-10414,BL-3001,RL-BRI,FS-2002,BX,304,29.16,23.60,199.12,0.00
INV-50402,2,2026-06-07,SO-10414,BL-3001,RL-BRI,CM-3020,EA,144,12.38,10.25,41.04,0.00
INV-50403,1,2026-06-08,SO-10415,BL-3001,RL-BRI,CM-3010,BG,157,12.10,9.30,40.51,0.00
INV-50404,1,2026-06-10,SO-10416,RT-2001,RL-JCB,PT-5002,EA,121,32.90,23.70,79.62,388.14
INV-50404,2,2026-06-10,SO-10416,RT-2001,RL-JCB,RF-4002,BNDL,110,52.30,37.65,115.06,560.92
INV-50405,1,2026-06-10,SO-10417,RT-2002,RL-BRI,FS-2001,BX,245,28.50,20.60,139.65,680.79
INV-50405,2,2026-06-10,SO-10417,RT-2002,RL-BRI,FS-2002,BX,473,32.75,23.60,309.82,1510.35
INV-50405,3,2026-06-10,SO-10417,RT-2002,RL-BRI,RF-4002,BNDL,77,52.30,37.65,80.54,392.64
INV-50405,4,2026-06-10,SO-10417,RT-2002,RL-BRI,PT-5010,EA,830,12.60,9.05,209.16,1019.66
INV-50405,5,2026-06-10,SO-10417,RT-2002,RL-BRI,DW-6002,EA,35,289.00,208.10,202.30,986.21
INV-50406,1,2026-06-08,SO-10418,RT-2002,RL-KPT,RM-1020,EA,566,5.60,4.05,0.00,309.04
INV-50406,2,2026-06-08,SO-10418,RT-2002,RL-KPT,RF-4020,LF,1133,2.35,1.69,0.00,259.60
INV-50406,3,2026-06-08,SO-10418,RT-2002,RL-KPT,RM-1011,EA,594,24.90,17.95,295.81,1442.08
INV-50406,4,2026-06-08,SO-10418,RT-2002,RL-KPT,FS-2010,EA,1153,1.85,1.33,0.00,207.97
INV-50407,1,2026-06-12,SO-10419,BL-3001,RL-JCB,RM-1022,EA,361,8.35,6.45,0.00,0.00
INV-50407,2,2026-06-12,SO-10419,BL-3001,RL-JCB,RM-1001,EA,1471,3.66,2.86,0.00,0.00
INV-50407,3,2026-06-12,SO-10419,BL-3001,RL-JCB,CM-3020,EA,274,13.30,10.25,78.09,0.00
INV-50407,4,2026-06-12,SO-10419,BL-3001,RL-JCB,RM-1003,EA,329,10.42,8.25,0.00,0.00
INV-50407,5,2026-06-12,SO-10419,BL-3001,RL-JCB,CM-3010,BG,71,11.23,9.30,18.32,0.00
INV-50408,1,2026-06-11,SO-10420,CT-1006,RL-JCB,CM-3020,EA,239,14.05,10.25,68.12,0.00
INV-50408,2,2026-06-11,SO-10420,CT-1006,RL-JCB,RF-4010,RL,108,27.55,21.50,64.58,0.00
INV-50408,3,2026-06-11,SO-10420,CT-1006,RL-JCB,DW-6001,EA,22,88.40,64.10,39.16,0.00
INV-50408,4,2026-06-11,SO-10420,CT-1006,RL-JCB,RM-1003,EA,448,11.23,8.25,0.00,0.00
INV-50409,1,2026-06-10,SO-10421,CT-1001,RL-BRI,DW-6001,EA,26,84.48,64.10,46.28,0.00
INV-50409,2,2026-06-10,SO-10421,CT-1001,RL-BRI,RM-1020,EA,405,5.27,4.05,0.00,0.00
INV-50409,3,2026-06-10,SO-10421,CT-1001,RL-BRI,TL-9002,EA,114,8.23,6.40,0.00,0.00
INV-50410,1,2026-06-13,SO-10422,CT-1007,RL-BRI,SX-7001,SQ,57,89.15,68.05,107.73,0.00
INV-50410,2,2026-06-13,SO-10422,CT-1007,RL-BRI,PT-5002,EA,260,29.97,23.70,171.08,0.00
INV-50411,1,2026-06-11,SO-10423,CT-1005,RL-BRI,RF-4002,BNDL,91,49.66,37.65,95.19,0.00
INV-50411,2,2026-06-11,SO-10423,CT-1005,RL-BRI,FS-2001,BX,274,28.16,20.60,156.18,0.00
INV-50411,3,2026-06-11,SO-10423,CT-1005,RL-BRI,PT-5011,BG,103,18.02,13.25,37.90,0.00
INV-50412,1,2026-06-13,SO-10424,CT-1003,RL-BRI,RM-1001,EA,1932,3.78,2.86,0.00,0.00
INV-50412,2,2026-06-13,SO-10424,CT-1003,RL-BRI,DW-6010,EA,24,296.75,224.60,149.76,0.00
INV-50413,1,2026-06-14,SO-10425,CT-1005,RL-JCB,RM-1021,EA,109,35.71,28.10,84.80,0.00
INV-50413,2,2026-06-14,SO-10425,CT-1005,RL-JCB,FS-2002,BX,143,29.60,23.60,93.66,0.00
INV-50414,1,2026-06-14,SO-10426,CT-1004,RL-JCB,RF-4011,RL,73,100.98,78.85,159.87,0.00
INV-50414,2,2026-06-14,SO-10426,CT-1004,RL-JCB,DW-6010,EA,18,300.89,224.60,112.32,0.00
INV-50414,3,2026-06-14,SO-10426,CT-1004,RL-JCB,RF-4011,RL,30,108.88,78.85,65.70,0.00
INV-50414,4,2026-06-14,SO-10426,CT-1004,RL-JCB,DW-6002,EA,10,265.35,208.10,57.80,0.00
INV-50414,5,2026-06-14,SO-10426,CT-1004,RL-JCB,RM-1001,EA,505,3.67,2.86,0.00,0.00
INV-50415,1,2026-06-14,SO-10427,CT-1005,RL-JCB,RM-1021,EA,105,38.01,28.10,81.69,0.00
INV-50415,2,2026-06-14,SO-10427,CT-1005,RL-JCB,FS-2001,BX,152,26.68,20.60,86.64,0.00
INV-50416,1,2026-06-12,SO-10428,BL-3002,RL-KPT,RM-1022,EA,236,8.33,6.45,0.00,0.00
INV-50416,2,2026-06-12,SO-10428,BL-3002,RL-KPT,CM-3001,BG,525,5.95,4.95,0.00,0.00
INV-50416,3,2026-06-12,SO-10428,BL-3002,RL-KPT,PT-5001,EA,173,41.21,32.20,154.84,0.00
INV-50417,1,2026-06-14,SO-10429,BL-3001,RL-KPT,SX-7001,SQ,86,84.57,68.05,162.54,0.00
INV-50417,2,2026-06-14,SO-10429,BL-3001,RL-KPT,TL-9001,EA,384,5.63,4.50,0.00,0.00
INV-50418,1,2026-06-14,SO-10430,CT-1003,RL-KPT,DW-6001,EA,31,84.67,64.10,55.18,0.00
INV-50419,1,2026-06-23,SO-10431,CT-1002,RL-BRI,CM-3002,BG,512,5.14,3.90,0.00,0.00
INV-50419,2,2026-06-23,SO-10431,CT-1002,RL-BRI,RF-4001,BNDL,594,37.62,27.90,460.35,0.00
INV-50419,3,2026-06-23,SO-10431,CT-1002,RL-BRI,RM-1022,EA,260,8.09,6.45,0.00,0.00
INV-50419,4,2026-06-23,SO-10431,CT-1002,RL-BRI,FS-2002,BX,615,29.91,23.60,402.83,0.00
INV-50420,1,2026-06-16,SO-10432,RT-2001,RL-JCB,RF-4001,BNDL,556,38.75,27.90,430.90,2100.64
INV-50420,2,2026-06-16,SO-10432,RT-2001,RL-JCB,RF-4010,RL,93,29.90,21.50,55.61,271.12
INV-50420,3,2026-06-16,SO-10432,RT-2001,RL-JCB,PT-5002,EA,62,32.90,23.70,40.80,198.88
INV-50420,4,2026-06-16,SO-10432,RT-2001,RL-JCB,FS-2011,EA,24,48.50,34.90,23.28,113.49
INV-50420,5,2026-06-16,SO-10432,RT-2001,RL-JCB,RM-1021,EA,111,38.90,28.10,86.36,421.00
INV-50421,1,2026-06-15,SO-10433,RT-2002,RL-JCB,CM-3002,BG,319,5.40,3.90,0.00,167.95
INV-50421,2,2026-06-15,SO-10433,RT-2002,RL-JCB,DW-6001,EA,20,89.00,64.10,35.60,173.55
INV-50421,3,2026-06-15,SO-10433,RT-2002,RL-JCB,DW-6010,EA,16,312.00,224.60,99.84,486.72
INV-50421,4,2026-06-15,SO-10433,RT-2002,RL-JCB,RM-1020,EA,264,5.60,4.05,0.00,144.14
INV-50421,5,2026-06-15,SO-10433,RT-2002,RL-JCB,FS-2011,EA,28,48.50,34.90,27.16,132.41
INV-50422,1,2026-06-20,SO-10434,CT-1003,RL-KPT,DW-6010,EA,18,311.08,224.60,112.32,0.00
INV-50422,2,2026-06-20,SO-10434,CT-1003,RL-KPT,RM-1021,EA,152,37.93,28.10,118.26,0.00
INV-50423,1,2026-06-16,SO-10435,CT-1001,RL-KPT,FS-2001,BX,87,26.06,20.60,49.59,0.00
INV-50424,1,2026-06-16,SO-10436,BL-3002,RL-BRI,TL-9001,EA,757,5.78,4.50,0.00,0.00
INV-50424,2,2026-06-16,SO-10436,BL-3002,RL-BRI,RF-4011,RL,83,94.66,78.85,181.77,0.00
INV-50424,3,2026-06-16,SO-10436,BL-3002,RL-BRI,RF-4002,BNDL,204,48.43,37.65,213.38,0.00
INV-50424,4,2026-06-16,SO-10436,BL-3002,RL-BRI,RM-1021,EA,167,36.21,28.10,129.93,0.00
INV-50424,5,2026-06-16,SO-10436,BL-3002,RL-BRI,DW-6002,EA,15,249.09,208.10,86.70,0.00
INV-50425,1,2026-06-19,SO-10437,CT-1007,RL-BRI,RM-1022,EA,738,8.26,6.45,0.00,0.00
INV-50425,2,2026-06-19,SO-10437,CT-1007,RL-BRI,RF-4010,RL,216,27.26,21.50,129.17,0.00
INV-50425,3,2026-06-19,SO-10437,CT-1007,RL-BRI,RM-1020,EA,723,5.14,4.05,0.00,0.00
INV-50426,1,2026-06-17,SO-10438,CT-1006,RL-KPT,TL-9002,EA,356,8.73,6.40,0.00,0.00
INV-50426,2,2026-06-17,SO-10438,CT-1006,RL-KPT,RM-1011,EA,628,24.85,17.95,312.74,0.00
INV-50426,3,2026-06-17,SO-10438,CT-1006,RL-KPT,FS-2002,BX,229,31.84,23.60,150.00,0.00
INV-50427,1,2026-06-17,SO-10439,CT-1008,RL-JCB,FS-2001,BX,116,26.56,20.60,66.12,0.00
INV-50427,2,2026-06-17,SO-10439,CT-1008,RL-JCB,DW-6010,EA,19,299.57,224.60,118.56,0.00
INV-50427,3,2026-06-17,SO-10439,CT-1008,RL-JCB,PT-5001,EA,92,44.40,32.20,82.34,0.00
INV-50427,4,2026-06-17,SO-10439,CT-1008,RL-JCB,PT-5011,BG,95,17.54,13.25,34.96,0.00
INV-50428,1,2026-06-18,SO-10440,BL-3001,RL-KPT,CM-3020,EA,190,13.22,10.25,54.15,0.00
INV-50429,1,2026-06-18,SO-10441,CT-1006,RL-KPT,FS-2002,BX,421,32.53,23.60,275.75,0.00
INV-50430,1,2026-06-19,SO-10442,CT-1004,RL-BRI,RM-1002,EA,1641,6.20,4.95,0.00,0.00
INV-50430,2,2026-06-19,SO-10442,CT-1004,RL-BRI,RM-1021,EA,190,38.27,28.10,147.82,0.00
INV-50431,1,2026-06-21,SO-10443,CT-1003,RL-BRI,FS-2002,BX,336,29.93,23.60,220.08,0.00
INV-50432,1,2026-06-18,SO-10444,BL-3001,RL-KPT,FS-2002,BX,132,29.75,23.60,86.46,0.00
INV-50432,2,2026-06-18,SO-10444,BL-3001,RL-KPT,FS-2011,EA,52,44.35,34.90,50.44,0.00
INV-50432,3,2026-06-18,SO-10444,BL-3001,RL-KPT,SX-7010,EA,225,13.82,10.65,66.60,0.00
INV-50432,4,2026-06-18,SO-10444,BL-3001,RL-KPT,RF-4011,RL,100,95.54,78.85,219.00,0.00
INV-50433,1,2026-06-22,SO-10445,BL-3001,RL-BRI,FS-2011,EA,99,44.06,34.90,96.03,0.00
INV-50433,2,2026-06-22,SO-10445,BL-3001,RL-BRI,RM-1011,EA,548,22.04,17.95,272.90,0.00
INV-50434,1,2026-06-19,SO-10446,CT-1007,RL-JCB,PT-5010,EA,409,11.38,9.05,103.07,0.00
INV-50434,2,2026-06-19,SO-10446,CT-1007,RL-JCB,RF-4010,RL,83,27.54,21.50,49.63,0.00
INV-50434,3,2026-06-19,SO-10446,CT-1007,RL-JCB,RM-1001,EA,1532,3.80,2.86,0.00,0.00
INV-50435,1,2026-06-21,SO-10449,CT-1008,RL-BRI,FS-2010,EA,2276,1.85,1.33,0.00,0.00
INV-50435,2,2026-06-21,SO-10449,CT-1008,RL-BRI,PT-5001,EA,287,41.58,32.20,256.87,0.00
INV-50436,1,2026-06-20,SO-10450,BL-3002,RL-JCB,TL-9002,EA,86,7.87,6.40,0.00,0.00
INV-50436,2,2026-06-20,SO-10450,BL-3002,RL-JCB,RM-1020,EA,265,4.89,4.05,0.00,0.00
INV-50436,3,2026-06-20,SO-10450,BL-3002,RL-JCB,RF-4010,RL,83,26.58,21.50,49.63,0.00
INV-50436,4,2026-06-20,SO-10450,BL-3002,RL-JCB,RM-1020,EA,122,5.02,4.05,0.00,0.00
INV-50437,1,2026-06-23,SO-10451,RT-2002,RL-KPT,DW-6001,EA,42,89.00,64.10,74.76,364.45
INV-50438,1,2026-06-24,SO-10452,RT-2002,RL-BRI,RM-1003,EA,606,11.40,8.25,0.00,673.57
INV-50438,2,2026-06-24,SO-10452,RT-2002,RL-BRI,CM-3020,EA,384,14.25,10.25,109.44,533.52
INV-50438,3,2026-06-24,SO-10452,RT-2002,RL-BRI,FS-2002,BX,570,32.75,23.60,373.35,1820.08
INV-50439,1,2026-06-23,SO-10453,RT-2002,RL-JCB,SX-7010,EA,78,14.80,10.65,23.09,112.55
INV-50439,2,2026-06-23,SO-10453,RT-2002,RL-JCB,RM-1021,EA,133,38.90,28.10,103.47,504.44
INV-50439,3,2026-06-23,SO-10453,RT-2002,RL-JCB,DW-6010,EA,12,312.00,224.60,74.88,365.04
INV-50439,4,2026-06-23,SO-10453,RT-2002,RL-JCB,RF-4020,LF,464,2.35,1.69,0.00,106.31
INV-50440,1,2026-06-24,SO-10455,RT-2002,RL-JCB,RF-4002,BNDL,34,52.30,37.65,35.56,173.37
INV-50441,1,2026-06-25,SO-10456,CT-1002,RL-BRI,RM-1010,EA,470,17.52,13.50,176.25,0.00
INV-50441,2,2026-06-25,SO-10456,CT-1002,RL-BRI,RF-4011,RL,61,103.14,78.85,133.59,0.00
INV-50441,3,2026-06-25,SO-10456,CT-1002,RL-BRI,TL-9001,EA,596,6.23,4.50,0.00,0.00
INV-50441,4,2026-06-25,SO-10456,CT-1002,RL-BRI,DW-6010,EA,29,292.94,224.60,180.96,0.00
INV-50442,1,2026-06-28,SO-10457,CT-1001,RL-KPT,FS-2002,BX,296,32.07,23.60,193.88,0.00
INV-50442,2,2026-06-28,SO-10457,CT-1001,RL-KPT,DW-6002,EA,14,288.66,208.10,80.92,0.00
INV-50442,3,2026-06-28,SO-10457,CT-1001,RL-KPT,FS-2001,BX,308,27.30,20.60,175.56,0.00
INV-50442,4,2026-06-28,SO-10457,CT-1001,RL-KPT,RM-1003,EA,255,10.74,8.25,0.00,0.00
INV-50442,5,2026-06-28,SO-10457,CT-1001,RL-KPT,FS-2010,EA,1187,1.70,1.33,0.00,0.00
INV-50443,1,2026-06-24,SO-10458,BL-3002,RL-JCB,SX-7010,EA,138,13.71,10.65,40.85,0.00
INV-50444,1,2026-06-25,SO-10459,CT-1007,RL-KPT,PT-5011,BG,106,17.81,13.25,39.01,0.00
INV-50444,2,2026-06-25,SO-10459,CT-1007,RL-KPT,RF-4010,RL,248,29.62,21.50,148.30,0.00
INV-50445,1,2026-06-28,SO-10460,CT-1002,RL-JCB,RM-1021,EA,101,38.14,28.10,78.58,0.00
INV-50446,1,2026-06-28,SO-10461,CT-1005,RL-JCB,RM-1022,EA,256,8.47,6.45,0.00,0.00
INV-50446,2,2026-06-28,SO-10461,CT-1005,RL-JCB,DW-6001,EA,8,82.09,64.10,14.24,0.00
INV-50446,3,2026-06-28,SO-10461,CT-1005,RL-JCB,RF-4010,RL,73,27.83,21.50,43.65,0.00
INV-50446,4,2026-06-28,SO-10461,CT-1005,RL-JCB,DW-6002,EA,9,286.37,208.10,52.02,0.00
INV-50447,1,2026-06-29,SO-10462,CT-1001,RL-BRI,DW-6001,EA,38,87.47,64.10,67.64,0.00
INV-50447,2,2026-06-29,SO-10462,CT-1001,RL-BRI,DW-6010,EA,18,311.29,224.60,112.32,0.00
INV-50447,3,2026-06-29,SO-10462,CT-1001,RL-BRI,FS-2011,EA,74,44.42,34.90,71.78,0.00
INV-50447,4,2026-06-29,SO-10462,CT-1001,RL-BRI,CM-3010,BG,109,12.26,9.30,28.12,0.00
INV-50447,5,2026-06-29,SO-10462,CT-1001,RL-BRI,DW-6001,EA,90,82.42,64.10,160.20,0.00
INV-50448,1,2026-07-03,SO-10463,BL-3001,RL-BRI,RM-1020,EA,417,5.26,4.05,0.00,0.00
INV-50449,1,2026-06-30,SO-10464,CT-1006,RL-BRI,RM-1010,EA,692,18.05,13.50,259.50,0.00
INV-50449,2,2026-06-30,SO-10464,CT-1006,RL-BRI,RM-1021,EA,81,35.49,28.10,63.02,0.00
INV-50450,1,2026-06-28,SO-10465,CT-1003,RL-BRI,TL-9002,EA,542,8.44,6.40,0.00,0.00
INV-50451,1,2026-06-28,SO-10466,CT-1002,RL-BRI,RM-1001,EA,3176,3.83,2.86,0.00,0.00
INV-50451,2,2026-06-28,SO-10466,CT-1002,RL-BRI,RM-1003,EA,273,10.66,8.25,0.00,0.00
INV-50451,3,2026-06-28,SO-10466,CT-1002,RL-BRI,RM-1001,EA,1200,3.95,2.86,0.00,0.00
INV-50452,1,2026-06-29,SO-10467,CT-1004,RL-KPT,CM-3002,BG,161,4.91,3.90,0.00,0.00
INV-50452,2,2026-06-29,SO-10467,CT-1004,RL-KPT,FS-2001,BX,186,28.37,20.60,106.02,0.00
INV-50452,3,2026-06-29,SO-10467,CT-1004,RL-KPT,PT-5002,EA,166,31.15,23.70,109.23,0.00
INV-50452,4,2026-06-29,SO-10467,CT-1004,RL-KPT,TL-9002,EA,272,8.83,6.40,0.00,0.00
INV-50452,5,2026-06-29,SO-10467,CT-1004,RL-KPT,RF-4001,BNDL,348,38.31,27.90,269.70,0.00
INV-50453,1,2026-07-01,SO-10468,RT-2001,RL-KPT,SX-7001,SQ,66,94.50,68.05,124.74,608.11
INV-50453,2,2026-07-01,SO-10468,RT-2001,RL-KPT,RF-4020,LF,912,2.35,1.69,0.00,208.96
INV-50453,3,2026-07-01,SO-10468,RT-2001,RL-KPT,DW-6010,EA,16,312.00,224.60,99.84,486.72
INV-50454,1,2026-06-30,SO-10469,RT-2001,RL-KPT,RM-1022,EA,334,8.95,6.45,0.00,291.46
INV-50454,2,2026-06-30,SO-10469,RT-2001,RL-KPT,FS-2011,EA,52,48.50,34.90,50.44,245.90
INV-50454,3,2026-06-30,SO-10469,RT-2001,RL-KPT,PT-5010,EA,414,12.60,9.05,104.33,508.60
INV-50454,4,2026-06-30,SO-10469,RT-2001,RL-KPT,RM-1022,EA,214,8.95,6.45,0.00,186.74
INV-50454,5,2026-06-30,SO-10469,RT-2001,RL-KPT,PT-5001,EA,147,44.75,32.20,131.56,641.38
INV-50455,1,2026-06-28,SO-10470,RT-2001,RL-KPT,RM-1011,EA,504,24.90,17.95,250.99,1223.59
INV-50455,2,2026-06-28,SO-10470,RT-2001,RL-KPT,DW-6010,EA,20,312.00,224.60,124.80,608.40
INV-50455,3,2026-06-28,SO-10470,RT-2001,RL-KPT,CM-3001,BG,370,6.85,4.95,0.00,247.11
INV-50456,1,2026-07-01,SO-10471,RT-2002,RL-BRI,RM-1002,EA,960,6.85,4.95,0.00,641.16
INV-50456,2,2026-07-01,SO-10471,RT-2002,RL-BRI,RM-1001,EA,3198,3.98,2.86,0.00,1240.98
INV-50456,3,2026-07-01,SO-10471,RT-2002,RL-BRI,DW-6001,EA,26,89.00,64.10,46.28,225.62
INV-50456,4,2026-07-01,SO-10471,RT-2002,RL-BRI,RM-1003,EA,288,11.40,8.25,0.00,320.11
INV-50457,1,2026-06-30,SO-10472,CT-1005,RL-BRI,SX-7010,EA,278,14.67,10.65,82.29,0.00
INV-50458,1,2026-06-30,SO-10473,CT-1006,RL-JCB,RF-4020,LF,624,2.17,1.69,0.00,0.00
INV-50458,2,2026-06-30,SO-10473,CT-1006,RL-JCB,RM-1020,EA,131,5.25,4.05,0.00,0.00
INV-50459,1,2026-06-30,SO-10474,BL-3001,RL-JCB,PT-5011,BG,75,16.03,13.25,27.60,0.00
INV-50460,1,2026-07-02,SO-10475,CT-1002,RL-BRI,TL-9002,EA,632,8.66,6.40,0.00,0.00
INV-50460,2,2026-07-02,SO-10475,CT-1002,RL-BRI,CM-3010,BG,107,12.53,9.30,27.61,0.00
INV-50460,3,2026-07-02,SO-10475,CT-1002,RL-BRI,PT-5002,EA,188,31.78,23.70,123.70,0.00
INV-50460,4,2026-07-02,SO-10475,CT-1002,RL-BRI,CM-3002,BG,656,5.13,3.90,0.00,0.00
INV-50461,1,2026-07-02,SO-10476,CT-1004,RL-BRI,RF-4020,LF,803,2.22,1.69,0.00,0.00
INV-50461,2,2026-07-02,SO-10476,CT-1004,RL-BRI,FS-2002,BX,280,29.90,23.60,183.40,0.00
INV-50461,3,2026-07-02,SO-10476,CT-1004,RL-BRI,PT-5010,EA,355,12.12,9.05,89.46,0.00
INV-50461,4,2026-07-02,SO-10476,CT-1004,RL-BRI,CM-3001,BG,810,6.36,4.95,0.00,0.00
INV-50462,1,2026-07-07,SO-10477,CT-1003,RL-KPT,FS-2011,EA,45,46.22,34.90,43.65,0.00
INV-50462,2,2026-07-07,SO-10477,CT-1003,RL-KPT,PT-5002,EA,93,29.89,23.70,61.19,0.00
INV-50462,3,2026-07-07,SO-10477,CT-1003,RL-KPT,DW-6010,EA,17,294.24,224.60,106.08,0.00
INV-50462,4,2026-07-07,SO-10477,CT-1003,RL-KPT,PT-5001,EA,101,40.71,32.20,90.39,0.00
INV-50463,1,2026-07-04,SO-10478,CT-1007,RL-KPT,TL-9002,EA,280,8.05,6.40,0.00,0.00
INV-50463,2,2026-07-04,SO-10478,CT-1007,RL-KPT,CM-3020,EA,336,12.90,10.25,95.76,0.00
INV-50463,3,2026-07-04,SO-10478,CT-1007,RL-KPT,RM-1003,EA,399,10.87,8.25,0.00,0.00
INV-50464,1,2026-07-04,SO-10479,CT-1005,RL-BRI,FS-2010,EA,1762,1.72,1.33,0.00,0.00
INV-50464,2,2026-07-04,SO-10479,CT-1005,RL-BRI,RF-4010,RL,315,28.41,21.50,188.37,0.00
INV-50464,3,2026-07-04,SO-10479,CT-1005,RL-BRI,TL-9001,EA,685,6.05,4.50,0.00,0.00
INV-50464,4,2026-07-04,SO-10479,CT-1005,RL-BRI,FS-2010,EA,571,1.83,1.33,0.00,0.00
INV-50465,1,2026-07-03,SO-10481,CT-1002,RL-BRI,RM-1021,EA,72,36.32,28.10,56.02,0.00
INV-50465,2,2026-07-03,SO-10481,CT-1002,RL-BRI,TL-9002,EA,472,8.24,6.40,0.00,0.00
INV-50465,3,2026-07-03,SO-10481,CT-1002,RL-BRI,TL-9002,EA,251,8.75,6.40,0.00,0.00
INV-50466,1,2026-07-03,SO-10482,CT-1006,RL-JCB,DW-6002,EA,21,264.19,208.10,121.38,0.00
INV-50466,2,2026-07-03,SO-10482,CT-1006,RL-JCB,TL-9002,EA,82,8.63,6.40,0.00,0.00
INV-50466,3,2026-07-03,SO-10482,CT-1006,RL-JCB,DW-6010,EA,14,286.85,224.60,87.36,0.00
INV-50467,1,2026-07-04,SO-10483,CT-1007,RL-KPT,PT-5002,EA,181,30.98,23.70,119.10,0.00
INV-50467,2,2026-07-04,SO-10483,CT-1007,RL-KPT,RF-4002,BNDL,65,48.87,37.65,67.99,0.00
INV-50467,3,2026-07-04,SO-10483,CT-1007,RL-KPT,RM-1022,EA,473,8.92,6.45,0.00,0.00
INV-50467,4,2026-07-04,SO-10483,CT-1007,RL-KPT,PT-5002,EA,89,31.25,23.70,58.56,0.00
INV-50467,5,2026-07-04,SO-10483,CT-1007,RL-KPT,FS-2002,BX,262,32.64,23.60,171.61,0.00
INV-50468,1,2026-07-03,SO-10484,BL-3002,RL-KPT,CM-3002,BG,265,4.67,3.90,0.00,0.00
INV-50468,2,2026-07-03,SO-10484,BL-3002,RL-KPT,RF-4011,RL,27,101.48,78.85,59.13,0.00
INV-50468,3,2026-07-03,SO-10484,BL-3002,RL-KPT,RM-1010,EA,459,16.55,13.50,172.12,0.00
INV-50468,4,2026-07-03,SO-10484,BL-3002,RL-KPT,FS-2002,BX,430,28.54,23.60,281.65,0.00
INV-50469,1,2026-07-08,SO-10485,RT-2001,RL-BRI,RM-1021,EA,218,38.90,28.10,169.60,826.82
INV-50469,2,2026-07-08,SO-10485,RT-2001,RL-BRI,RF-4011,RL,58,109.50,78.85,127.02,619.22
INV-50469,3,2026-07-08,SO-10485,RT-2001,RL-BRI,RF-4020,LF,1345,2.35,1.69,0.00,308.17
INV-50469,4,2026-07-08,SO-10485,RT-2001,RL-BRI,CM-3001,BG,722,6.85,4.95,0.00,482.21
INV-50470,1,2026-07-08,SO-10486,RT-2002,RL-BRI,SX-7001,SQ,113,94.50,68.05,213.57,1041.15
INV-50470,2,2026-07-08,SO-10486,RT-2002,RL-BRI,PT-5002,EA,156,32.90,23.70,102.65,500.41
INV-50470,3,2026-07-08,SO-10486,RT-2002,RL-BRI,DW-6002,EA,41,289.00,208.10,236.98,1155.28
INV-50470,4,2026-07-08,SO-10486,RT-2002,RL-BRI,RM-1002,EA,1915,6.85,4.95,0.00,1278.98
INV-50471,1,2026-07-11,SO-10487,RT-2003,RL-JCB,FS-2001,BX,128,28.50,20.60,72.96,355.68
INV-50471,2,2026-07-11,SO-10487,RT-2003,RL-JCB,SX-7010,EA,203,14.80,10.65,60.09,292.93
INV-50471,3,2026-07-11,SO-10487,RT-2003,RL-JCB,RF-4002,BNDL,126,52.30,37.65,131.80,642.51
INV-50471,4,2026-07-11,SO-10487,RT-2003,RL-JCB,PT-5001,EA,174,44.75,32.20,155.73,759.18
INV-50471,5,2026-07-11,SO-10487,RT-2003,RL-JCB,TL-9001,EA,359,6.25,4.50,0.00,218.77
INV-50472,1,2026-07-10,SO-10488,BL-3002,RL-KPT,FS-2002,BX,205,30.76,23.60,134.27,0.00
INV-50472,2,2026-07-10,SO-10488,BL-3002,RL-KPT,RM-1001,EA,2019,3.49,2.86,0.00,0.00
INV-50473,1,2026-07-07,SO-10489,CT-1002,RL-BRI,SX-7001,SQ,64,87.88,68.05,120.96,0.00
INV-50474,1,2026-07-11,SO-10490,CT-1003,RL-JCB,RM-1002,EA,403,6.62,4.95,0.00,0.00
INV-50474,2,2026-07-11,SO-10490,CT-1003,RL-JCB,FS-2010,EA,723,1.70,1.33,0.00,0.00
INV-50474,3,2026-07-11,SO-10490,CT-1003,RL-JCB,TL-9001,EA,213,6.22,4.50,0.00,0.00
INV-50474,4,2026-07-11,SO-10490,CT-1003,RL-JCB,TL-9002,EA,167,8.35,6.40,0.00,0.00
INV-50475,1,2026-07-13,SO-10491,CT-1002,RL-KPT,RM-1003,EA,431,10.97,8.25,0.00,0.00
INV-50476,1,2026-07-08,SO-10492,CT-1001,RL-JCB,PT-5002,EA,89,30.30,23.70,58.56,0.00
INV-50476,2,2026-07-08,SO-10492,CT-1001,RL-JCB,PT-5011,BG,100,16.84,13.25,36.80,0.00
INV-50476,3,2026-07-08,SO-10492,CT-1001,RL-JCB,PT-5001,EA,148,40.90,32.20,132.46,0.00
INV-50476,4,2026-07-08,SO-10492,CT-1001,RL-JCB,RF-4011,RL,69,103.85,78.85,151.11,0.00
INV-50477,1,2026-07-12,SO-10493,BL-3002,RL-KPT,FS-2010,EA,644,1.66,1.33,0.00,0.00
INV-50477,2,2026-07-12,SO-10493,BL-3002,RL-KPT,TL-9001,EA,307,5.76,4.50,0.00,0.00
INV-50477,3,2026-07-12,SO-10493,BL-3002,RL-KPT,CM-3020,EA,107,13.09,10.25,30.50,0.00
INV-50478,1,2026-07-09,SO-10494,CT-1007,RL-KPT,SX-7001,SQ,62,92.99,68.05,117.18,0.00
INV-50479,1,2026-07-10,SO-10495,CT-1003,RL-BRI,TL-9002,EA,336,8.19,6.40,0.00,0.00
INV-50479,2,2026-07-10,SO-10495,CT-1003,RL-BRI,FS-2010,EA,1188,1.81,1.33,0.00,0.00
INV-50480,1,2026-07-12,SO-10496,BL-3002,RL-BRI,RM-1011,EA,453,23.32,17.95,225.59,0.00
INV-50481,1,2026-07-11,SO-10497,BL-3001,RL-KPT,SX-7001,SQ,62,81.81,68.05,117.18,0.00
INV-50481,2,2026-07-11,SO-10497,BL-3001,RL-KPT,RM-1020,EA,177,4.86,4.05,0.00,0.00
INV-50481,3,2026-07-11,SO-10497,BL-3001,RL-KPT,TL-9002,EA,181,7.89,6.40,0.00,0.00
INV-50481,4,2026-07-11,SO-10497,BL-3001,RL-KPT,CM-3010,BG,213,11.95,9.30,54.95,0.00
INV-50482,1,2026-07-13,SO-10498,CT-1006,RL-BRI,RM-1010,EA,943,17.97,13.50,353.62,0.00
INV-50483,1,2026-07-11,SO-10499,CT-1005,RL-KPT,PT-5001,EA,326,44.21,32.20,291.77,0.00
INV-50483,2,2026-07-11,SO-10499,CT-1005,RL-KPT,CM-3020,EA,211,13.63,10.25,60.13,0.00
INV-50483,3,2026-07-11,SO-10499,CT-1005,RL-KPT,RM-1003,EA,294,10.73,8.25,0.00,0.00
INV-50483,4,2026-07-11,SO-10499,CT-1005,RL-KPT,RM-1020,EA,497,5.11,4.05,0.00,0.00
INV-50484,1,2026-07-13,SO-10500,CT-1001,RL-BRI,CM-3010,BG,65,12.66,9.30,16.77,0.00
INV-50484,2,2026-07-13,SO-10500,CT-1001,RL-BRI,PT-5011,BG,219,17.58,13.25,80.59,0.00
INV-50485,1,2026-07-12,SO-10501,RT-2002,RL-KPT,PT-5010,EA,218,12.60,9.05,54.94,267.81
INV-50485,2,2026-07-12,SO-10501,RT-2002,RL-KPT,RM-1010,EA,218,18.75,13.50,81.75,398.53
INV-50485,3,2026-07-12,SO-10501,RT-2002,RL-KPT,RM-1001,EA,717,3.98,2.86,0.00,278.23
INV-50485,4,2026-07-12,SO-10501,RT-2002,RL-KPT,RM-1003,EA,269,11.40,8.25,0.00,298.99
INV-50486,1,2026-07-14,SO-10502,RT-2001,RL-BRI,CM-3020,EA,231,14.25,10.25,65.84,320.95
INV-50486,2,2026-07-14,SO-10502,RT-2001,RL-BRI,DW-6001,EA,28,89.00,64.10,49.84,242.97
INV-50486,3,2026-07-14,SO-10502,RT-2001,RL-BRI,RM-1011,EA,219,24.90,17.95,109.06,531.68
INV-50486,4,2026-07-14,SO-10502,RT-2001,RL-BRI,CM-3002,BG,359,5.40,3.90,0.00,189.01
INV-50487,1,2026-07-16,SO-10503,CT-1004,RL-KPT,RM-1021,EA,48,37.75,28.10,37.34,0.00
INV-50487,2,2026-07-16,SO-10503,CT-1004,RL-KPT,TL-9002,EA,198,8.13,6.40,0.00,0.00
INV-50487,3,2026-07-16,SO-10503,CT-1004,RL-KPT,CM-3010,BG,115,11.77,9.30,29.67,0.00
INV-50487,4,2026-07-16,SO-10503,CT-1004,RL-KPT,FS-2002,BX,114,30.92,23.60,74.67,0.00
INV-50487,5,2026-07-16,SO-10503,CT-1004,RL-KPT,SX-7010,EA,255,13.72,10.65,75.48,0.00
INV-50488,1,2026-07-14,SO-10504,BL-3002,RL-BRI,PT-5011,BG,166,16.38,13.25,61.09,0.00
INV-50488,2,2026-07-14,SO-10504,BL-3002,RL-BRI,DW-6010,EA,34,269.10,224.60,212.16,0.00
INV-50488,3,2026-07-14,SO-10504,BL-3002,RL-BRI,PT-5002,EA,251,30.28,23.70,165.16,0.00
INV-50489,1,2026-07-17,SO-10505,CT-1006,RL-JCB,RM-1010,EA,680,18.66,13.50,255.00,0.00
INV-50489,2,2026-07-17,SO-10505,CT-1006,RL-JCB,RF-4010,RL,194,28.30,21.50,116.01,0.00
INV-50490,1,2026-07-16,SO-10506,BL-3002,RL-JCB,RM-1001,EA,774,3.51,2.86,0.00,0.00
INV-50490,2,2026-07-16,SO-10506,BL-3002,RL-JCB,CM-3020,EA,209,12.91,10.25,59.56,0.00
INV-50490,3,2026-07-16,SO-10506,BL-3002,RL-JCB,RM-1003,EA,306,10.41,8.25,0.00,0.00
INV-50490,4,2026-07-16,SO-10506,BL-3002,RL-JCB,RM-1001,EA,563,3.53,2.86,0.00,0.00
INV-50491,1,2026-07-17,SO-10507,CT-1005,RL-JCB,CM-3002,BG,237,4.90,3.90,0.00,0.00
INV-50492,1,2026-07-17,SO-10508,BL-3002,RL-KPT,FS-2001,BX,160,26.50,20.60,91.20,0.00
INV-50492,2,2026-07-17,SO-10508,BL-3002,RL-KPT,RM-1010,EA,443,16.40,13.50,166.12,0.00
INV-50493,1,2026-07-17,SO-10509,BL-3001,RL-JCB,RF-4001,BNDL,124,35.96,27.90,96.10,0.00
INV-50493,2,2026-07-17,SO-10509,BL-3001,RL-JCB,RM-1003,EA,178,9.87,8.25,0.00,0.00
INV-50493,3,2026-07-17,SO-10509,BL-3001,RL-JCB,SX-7001,SQ,13,82.81,68.05,24.57,0.00
INV-50493,4,2026-07-17,SO-10509,BL-3001,RL-JCB,PT-5010,EA,342,10.91,9.05,86.18,0.00
INV-50493,5,2026-07-17,SO-10509,BL-3001,RL-JCB,DW-6010,EA,13,276.47,224.60,81.12,0.00
INV-50494,1,2026-07-16,SO-10510,CT-1006,RL-JCB,FS-2002,BX,226,32.12,23.60,148.03,0.00
INV-50494,2,2026-07-16,SO-10510,CT-1006,RL-JCB,PT-5002,EA,138,31.53,23.70,90.80,0.00
INV-50494,3,2026-07-16,SO-10510,CT-1006,RL-JCB,FS-2002,BX,170,29.73,23.60,111.35,0.00
INV-50495,1,2026-07-19,SO-10511,CT-1002,RL-JCB,RM-1022,EA,544,8.10,6.45,0.00,0.00
INV-50495,2,2026-07-19,SO-10511,CT-1002,RL-JCB,TL-9001,EA,348,5.82,4.50,0.00,0.00
INV-50495,3,2026-07-19,SO-10511,CT-1002,RL-JCB,CM-3001,BG,824,6.33,4.95,0.00,0.00
INV-50495,4,2026-07-19,SO-10511,CT-1002,RL-JCB,CM-3020,EA,215,13.15,10.25,61.27,0.00
INV-50495,5,2026-07-19,SO-10511,CT-1002,RL-JCB,RF-4020,LF,702,2.17,1.69,0.00,0.00
INV-50496,1,2026-07-19,SO-10512,CT-1007,RL-BRI,SX-7001,SQ,123,92.87,68.05,232.47,0.00
INV-50496,2,2026-07-19,SO-10512,CT-1007,RL-BRI,FS-2001,BX,498,28.24,20.60,283.86,0.00
INV-50496,3,2026-07-19,SO-10512,CT-1007,RL-BRI,FS-2001,BX,367,26.62,20.60,209.19,0.00
INV-50496,4,2026-07-19,SO-10512,CT-1007,RL-BRI,RM-1022,EA,326,8.94,6.45,0.00,0.00
INV-50496,5,2026-07-19,SO-10512,CT-1007,RL-BRI,TL-9002,EA,425,8.81,6.40,0.00,0.00
INV-50497,1,2026-07-17,SO-10513,CT-1001,RL-BRI,RM-1003,EA,391,10.34,8.25,0.00,0.00
INV-50497,2,2026-07-17,SO-10513,CT-1001,RL-BRI,PT-5011,BG,269,17.30,13.25,98.99,0.00
INV-50497,3,2026-07-17,SO-10513,CT-1001,RL-BRI,CM-3020,EA,359,14.10,10.25,102.31,0.00
INV-50497,4,2026-07-17,SO-10513,CT-1001,RL-BRI,PT-5001,EA,316,44.72,32.20,282.82,0.00
INV-50497,5,2026-07-17,SO-10513,CT-1001,RL-BRI,RM-1003,EA,225,11.34,8.25,0.00,0.00
INV-50498,1,2026-07-17,SO-10514,CT-1007,RL-KPT,RM-1001,EA,1630,3.84,2.86,0.00,0.00
INV-50498,2,2026-07-17,SO-10514,CT-1007,RL-KPT,PT-5011,BG,103,17.89,13.25,37.90,0.00
INV-50498,3,2026-07-17,SO-10514,CT-1007,RL-KPT,RF-4002,BNDL,190,48.63,37.65,198.74,0.00
INV-50498,4,2026-07-17,SO-10514,CT-1007,RL-KPT,PT-5001,EA,92,42.63,32.20,82.34,0.00
INV-50499,1,2026-07-22,SO-10515,BL-3001,RL-JCB,DW-6010,EA,18,283.68,224.60,112.32,0.00
INV-50499,2,2026-07-22,SO-10515,BL-3001,RL-JCB,RM-1021,EA,65,34.35,28.10,50.57,0.00
INV-50499,3,2026-07-22,SO-10515,BL-3001,RL-JCB,TL-9002,EA,185,7.86,6.40,0.00,0.00
INV-50500,1,2026-07-25,SO-10516,BL-3002,RL-KPT,CM-3001,BG,299,5.91,4.95,0.00,0.00
INV-50500,2,2026-07-25,SO-10516,BL-3002,RL-KPT,CM-3002,BG,264,4.83,3.90,0.00,0.00
INV-50500,3,2026-07-25,SO-10516,BL-3002,RL-KPT,SX-7001,SQ,70,83.50,68.05,132.30,0.00
INV-50501,1,2026-07-19,SO-10517,CT-1002,RL-KPT,RF-4002,BNDL,78,48.92,37.65,81.59,0.00
INV-50501,2,2026-07-19,SO-10517,CT-1002,RL-KPT,RM-1020,EA,236,5.08,4.05,0.00,0.00
INV-50501,3,2026-07-19,SO-10517,CT-1002,RL-KPT,FS-2010,EA,550,1.78,1.33,0.00,0.00
INV-50501,4,2026-07-19,SO-10517,CT-1002,RL-KPT,RM-1011,EA,309,24.71,17.95,153.88,0.00
INV-50502,1,2026-07-18,SO-10518,CT-1007,RL-BRI,RM-1001,EA,1322,3.93,2.86,0.00,0.00
INV-50502,2,2026-07-18,SO-10518,CT-1007,RL-BRI,CM-3010,BG,247,11.81,9.30,63.73,0.00
INV-50502,3,2026-07-18,SO-10518,CT-1007,RL-BRI,FS-2011,EA,101,44.61,34.90,97.97,0.00
INV-50502,4,2026-07-18,SO-10518,CT-1007,RL-BRI,RM-1020,EA,698,5.46,4.05,0.00,0.00
INV-50502,5,2026-07-18,SO-10518,CT-1007,RL-BRI,RM-1001,EA,1783,3.83,2.86,0.00,0.00
INV-50503,1,2026-07-20,SO-10519,RT-2003,RL-BRI,CM-3010,BG,298,12.90,9.30,76.88,374.81
INV-50503,2,2026-07-20,SO-10519,RT-2003,RL-BRI,TL-9002,EA,501,8.90,6.40,0.00,434.74
INV-50503,3,2026-07-20,SO-10519,RT-2003,RL-BRI,PT-5002,EA,171,32.90,23.70,112.52,548.53
INV-50503,4,2026-07-20,SO-10519,RT-2003,RL-BRI,CM-3010,BG,104,12.90,9.30,26.83,130.81
INV-50503,5,2026-07-20,SO-10519,RT-2003,RL-BRI,RF-4010,RL,218,29.90,21.50,130.36,635.52
INV-50504,1,2026-07-22,SO-10520,RT-2002,RL-BRI,TL-9001,EA,752,6.25,4.50,0.00,458.25
INV-50504,2,2026-07-22,SO-10520,RT-2002,RL-BRI,DW-6002,EA,19,289.00,208.10,109.82,535.37
INV-50504,3,2026-07-22,SO-10520,RT-2002,RL-BRI,CM-3002,BG,725,5.40,3.90,0.00,381.71
INV-50505,1,2026-07-22,SO-10521,RT-2002,RL-BRI,RM-1010,EA,631,18.75,13.50,236.63,1153.55
INV-50505,2,2026-07-22,SO-10521,RT-2002,RL-BRI,PT-5001,EA,225,44.75,32.20,201.38,981.70
INV-50505,3,2026-07-22,SO-10521,RT-2002,RL-BRI,CM-3010,BG,221,12.90,9.30,57.02,277.96
INV-50505,4,2026-07-22,SO-10521,RT-2002,RL-BRI,CM-3002,BG,657,5.40,3.90,0.00,345.91
INV-50506,1,2026-07-23,SO-10522,BL-3002,RL-BRI,PT-5002,EA,145,30.02,23.70,95.41,0.00
INV-50507,1,2026-07-23,SO-10523,BL-3001,RL-BRI,PT-5010,EA,479,11.58,9.05,120.71,0.00
INV-50507,2,2026-07-23,SO-10523,BL-3001,RL-BRI,RM-1001,EA,708,3.46,2.86,0.00,0.00
INV-50507,3,2026-07-23,SO-10523,BL-3001,RL-BRI,DW-6001,EA,49,76.71,64.10,87.22,0.00
INV-50507,4,2026-07-23,SO-10523,BL-3001,RL-BRI,CM-3020,EA,117,13.18,10.25,33.34,0.00
INV-50507,5,2026-07-23,SO-10523,BL-3001,RL-BRI,PT-5011,BG,213,16.91,13.25,78.38,0.00
INV-50508,1,2026-07-27,SO-10524,CT-1005,RL-JCB,FS-2002,BX,98,30.76,23.60,64.19,0.00
INV-50508,2,2026-07-27,SO-10524,CT-1005,RL-JCB,RF-4011,RL,73,106.69,78.85,159.87,0.00
INV-50508,3,2026-07-27,SO-10524,CT-1005,RL-JCB,RF-4011,RL,38,101.44,78.85,83.22,0.00
INV-50508,4,2026-07-27,SO-10524,CT-1005,RL-JCB,TL-9001,EA,245,5.76,4.50,0.00,0.00
INV-50508,5,2026-07-27,SO-10524,CT-1005,RL-JCB,DW-6002,EA,15,286.33,208.10,86.70,0.00
INV-50509,1,2026-07-21,SO-10525,BL-3001,RL-KPT,RM-1002,EA,793,6.09,4.95,0.00,0.00
INV-50509,2,2026-07-21,SO-10525,BL-3001,RL-KPT,RM-1021,EA,129,35.97,28.10,100.36,0.00
INV-50509,3,2026-07-21,SO-10525,BL-3001,RL-KPT,RM-1020,EA,164,5.20,4.05,0.00,0.00
INV-50509,4,2026-07-21,SO-10525,BL-3001,RL-KPT,TL-9002,EA,306,7.94,6.40,0.00,0.00
INV-50510,1,2026-07-24,SO-10526,BL-3001,RL-KPT,RM-1003,EA,283,10.17,8.25,0.00,0.00
INV-50510,2,2026-07-24,SO-10526,BL-3001,RL-KPT,RM-1001,EA,1032,3.60,2.86,0.00,0.00
INV-50510,3,2026-07-24,SO-10526,BL-3001,RL-KPT,TL-9002,EA,289,8.12,6.40,0.00,0.00
INV-50510,4,2026-07-24,SO-10526,BL-3001,RL-KPT,RF-4020,LF,694,2.13,1.69,0.00,0.00
INV-50511,1,2026-07-23,SO-10527,CT-1002,RL-JCB,RM-1022,EA,220,8.92,6.45,0.00,0.00
INV-50512,1,2026-07-25,SO-10528,CT-1001,RL-JCB,RF-4010,RL,69,29.06,21.50,41.26,0.00
INV-50512,2,2026-07-25,SO-10528,CT-1001,RL-JCB,RF-4002,BNDL,92,49.01,37.65,96.23,0.00
INV-50512,3,2026-07-25,SO-10528,CT-1001,RL-JCB,FS-2010,EA,391,1.70,1.33,0.00,0.00
INV-50512,4,2026-07-25,SO-10528,CT-1001,RL-JCB,PT-5010,EA,342,11.92,9.05,86.18,0.00
INV-50512,5,2026-07-25,SO-10528,CT-1001,RL-JCB,PT-5001,EA,240,44.09,32.20,214.80,0.00
INV-50513,1,2026-07-23,SO-10529,CT-1003,RL-KPT,RM-1001,EA,1113,3.86,2.86,0.00,0.00
INV-50513,2,2026-07-23,SO-10529,CT-1003,RL-KPT,SX-7010,EA,105,13.55,10.65,31.08,0.00
INV-50513,3,2026-07-23,SO-10529,CT-1003,RL-KPT,PT-5002,EA,142,30.74,23.70,93.44,0.00
INV-50514,1,2026-07-26,SO-10530,CT-1001,RL-JCB,CM-3001,BG,271,6.67,4.95,0.00,0.00
INV-50514,2,2026-07-26,SO-10530,CT-1001,RL-JCB,RF-4002,BNDL,53,47.73,37.65,55.44,0.00
INV-50514,3,2026-07-26,SO-10530,CT-1001,RL-JCB,PT-5011,BG,77,17.65,13.25,28.34,0.00
INV-50514,4,2026-07-26,SO-10530,CT-1001,RL-JCB,RF-4002,BNDL,141,50.29,37.65,147.49,0.00
INV-50515,1,2026-07-25,SO-10531,CT-1004,RL-BRI,RM-1001,EA,1512,3.60,2.86,0.00,0.00
INV-50516,1,2026-07-24,SO-10532,BL-3001,RL-JCB,DW-6001,EA,27,79.92,64.10,48.06,0.00
INV-50516,2,2026-07-24,SO-10532,BL-3001,RL-JCB,RF-4011,RL,76,94.86,78.85,166.44,0.00
INV-50516,3,2026-07-24,SO-10532,BL-3001,RL-JCB,CM-3002,BG,421,5.00,3.90,0.00,0.00
INV-50516,4,2026-07-24,SO-10532,BL-3001,RL-JCB,FS-2002,BX,286,29.45,23.60,187.33,0.00
INV-50517,1,2026-07-27,SO-10533,CT-1005,RL-KPT,PT-5002,EA,156,31.45,23.70,102.65,0.00
INV-50517,2,2026-07-27,SO-10533,CT-1005,RL-KPT,CM-3001,BG,673,6.68,4.95,0.00,0.00
INV-50517,3,2026-07-27,SO-10533,CT-1005,RL-KPT,RM-1001,EA,900,3.66,2.86,0.00,0.00
INV-50518,1,2026-07-25,SO-10534,CT-1005,RL-BRI,TL-9001,EA,459,6.07,4.50,0.00,0.00
INV-50518,2,2026-07-25,SO-10534,CT-1005,RL-BRI,RF-4002,BNDL,188,51.38,37.65,196.65,0.00
INV-50518,3,2026-07-25,SO-10534,CT-1005,RL-BRI,TL-9001,EA,856,5.93,4.50,0.00,0.00
INV-50518,4,2026-07-25,SO-10534,CT-1005,RL-BRI,TL-9001,EA,692,5.97,4.50,0.00,0.00
INV-50518,5,2026-07-25,SO-10534,CT-1005,RL-BRI,RM-1021,EA,52,35.61,28.10,40.46,0.00
INV-50519,1,2026-07-28,SO-10535,CT-1003,RL-JCB,RM-1010,EA,297,17.40,13.50,111.38,0.00
INV-50519,2,2026-07-28,SO-10535,CT-1003,RL-JCB,CM-3001,BG,516,6.39,4.95,0.00,0.00
INV-50519,3,2026-07-28,SO-10535,CT-1003,RL-JCB,RF-4020,LF,415,2.35,1.69,0.00,0.00
INV-50519,4,2026-07-28,SO-10535,CT-1003,RL-JCB,PT-5010,EA,282,11.85,9.05,71.06,0.00
INV-50520,1,2026-07-27,SO-10536,CT-1001,RL-BRI,DW-6002,EA,15,284.31,208.10,86.70,0.00
INV-50520,2,2026-07-27,SO-10536,CT-1001,RL-BRI,RM-1001,EA,1482,3.63,2.86,0.00,0.00
INV-50520,3,2026-07-27,SO-10536,CT-1001,RL-BRI,SX-7010,EA,282,14.16,10.65,83.47,0.00
INV-50521,1,2026-07-25,SO-10537,CT-1008,RL-BRI,RM-1001,EA,1253,3.61,2.86,0.00,0.00
INV-50522,1,2026-07-28,SO-10538,RT-2003,RL-KPT,FS-2001,BX,263,28.50,20.60,149.91,730.81
INV-50522,2,2026-07-28,SO-10538,RT-2003,RL-KPT,CM-3001,BG,564,6.85,4.95,0.00,376.68
INV-50523,1,2026-07-28,SO-10539,RT-2002,RL-KPT,SX-7001,SQ,96,94.50,68.05,181.44,884.52
INV-50524,1,2026-07-28,SO-10540,RT-2003,RL-BRI,RF-4010,RL,153,29.90,21.50,91.49,446.03
INV-50524,2,2026-07-28,SO-10540,RT-2003,RL-BRI,RF-4002,BNDL,79,52.30,37.65,82.63,402.84
INV-50524,3,2026-07-28,SO-10540,RT-2003,RL-BRI,RF-4001,BNDL,470,38.75,27.90,364.25,1775.72
INV-50524,4,2026-07-28,SO-10540,RT-2003,RL-BRI,RM-1022,EA,703,8.95,6.45,0.00,613.46
INV-50524,5,2026-07-28,SO-10540,RT-2003,RL-BRI,TL-9001,EA,288,6.25,4.50,0.00,175.50
INV-50525,1,2026-07-28,SO-10541,BL-3002,RL-BRI,TL-9001,EA,417,5.43,4.50,0.00,0.00
INV-50526,1,2026-07-31,SO-10542,CT-1006,RL-BRI,DW-6010,EA,42,288.40,224.60,262.08,0.00
INV-50526,2,2026-07-31,SO-10542,CT-1006,RL-BRI,PT-5010,EA,685,11.85,9.05,172.62,0.00
INV-50527,1,2026-07-31,SO-10543,CT-1001,RL-JCB,FS-2010,EA,724,1.83,1.33,0.00,0.00
INV-50528,1,2026-07-29,SO-10544,BL-3001,RL-BRI,RF-4011,RL,67,97.20,78.85,146.73,0.00
INV-50528,2,2026-07-29,SO-10544,BL-3001,RL-BRI,DW-6001,EA,15,77.59,64.10,26.70,0.00
INV-50528,3,2026-07-29,SO-10544,BL-3001,RL-BRI,FS-2011,EA,28,42.63,34.90,27.16,0.00
INV-50529,1,2026-08-01,SO-10545,CT-1004,RL-KPT,RM-1021,EA,105,37.73,28.10,81.69,0.00
INV-50529,2,2026-08-01,SO-10545,CT-1004,RL-KPT,TL-9001,EA,479,6.07,4.50,0.00,0.00
INV-50529,3,2026-08-01,SO-10545,CT-1004,RL-KPT,RM-1021,EA,94,38.65,28.10,73.13,0.00
INV-50529,4,2026-08-01,SO-10545,CT-1004,RL-KPT,DW-6001,EA,58,87.40,64.10,103.24,0.00
INV-50529,5,2026-08-01,SO-10545,CT-1004,RL-KPT,DW-6010,EA,27,291.62,224.60,168.48,0.00
INV-50530,1,2026-07-29,SO-10546,BL-3002,RL-BRI,DW-6001,EA,89,77.52,64.10,158.42,0.00
INV-50530,2,2026-07-29,SO-10546,BL-3002,RL-BRI,CM-3001,BG,449,5.94,4.95,0.00,0.00
INV-50530,3,2026-07-29,SO-10546,BL-3002,RL-BRI,PT-5011,BG,213,16.24,13.25,78.38,0.00
INV-50531,1,2026-07-30,SO-10547,CT-1007,RL-KPT,RM-1021,EA,105,37.68,28.10,81.69,0.00
INV-50531,2,2026-07-30,SO-10547,CT-1007,RL-KPT,RM-1021,EA,131,38.15,28.10,101.92,0.00
INV-50531,3,2026-07-30,SO-10547,CT-1007,RL-KPT,FS-2010,EA,750,1.74,1.33,0.00,0.00
INV-50532,1,2026-07-30,SO-10548,CT-1001,RL-KPT,SX-7001,SQ,68,91.78,68.05,128.52,0.00
INV-50533,1,2026-07-30,SO-10549,BL-3001,RL-JCB,PT-5001,EA,244,39.41,32.20,218.38,0.00
INV-50533,2,2026-07-30,SO-10549,BL-3001,RL-JCB,SX-7010,EA,131,12.78,10.65,38.78,0.00
INV-50533,3,2026-07-30,SO-10549,BL-3001,RL-JCB,TL-9002,EA,141,7.92,6.40,0.00,0.00
INV-50533,4,2026-07-30,SO-10549,BL-3001,RL-JCB,DW-6010,EA,14,288.77,224.60,87.36,0.00
INV-50534,1,2026-08-07,SO-10551,CT-1007,RL-JCB,PT-5010,EA,140,12.25,9.05,35.28,0.00
INV-50534,2,2026-08-07,SO-10551,CT-1007,RL-JCB,RM-1021,EA,68,35.32,28.10,52.90,0.00
INV-50534,3,2026-08-07,SO-10551,CT-1007,RL-JCB,RF-4011,RL,42,101.36,78.85,91.98,0.00
INV-50534,4,2026-08-07,SO-10551,CT-1007,RL-JCB,RM-1020,EA,349,5.11,4.05,0.00,0.00
INV-50534,5,2026-08-07,SO-10551,CT-1007,RL-JCB,CM-3001,BG,631,6.59,4.95,0.00,0.00
INV-50535,1,2026-08-03,SO-10552,BL-3001,RL-JCB,FS-2011,EA,30,44.06,34.90,29.10,0.00
INV-50536,1,2026-08-01,SO-10553,CT-1003,RL-KPT,SX-7010,EA,218,13.79,10.65,64.53,0.00
INV-50536,2,2026-08-01,SO-10553,CT-1003,RL-KPT,CM-3010,BG,99,11.90,9.30,25.54,0.00
INV-50536,3,2026-08-01,SO-10553,CT-1003,RL-KPT,RF-4010,RL,235,28.29,21.50,140.53,0.00
INV-50536,4,2026-08-01,SO-10553,CT-1003,RL-KPT,DW-6002,EA,22,271.34,208.10,127.16,0.00
INV-50537,1,2026-08-04,SO-10554,CT-1001,RL-BRI,FS-2010,EA,1578,1.67,1.33,0.00,0.00
INV-50537,2,2026-08-04,SO-10554,CT-1001,RL-BRI,RM-1020,EA,519,5.23,4.05,0.00,0.00
INV-50537,3,2026-08-04,SO-10554,CT-1001,RL-BRI,CM-3002,BG,638,5.02,3.90,0.00,0.00
INV-50537,4,2026-08-04,SO-10554,CT-1001,RL-BRI,RF-4020,LF,913,2.15,1.69,0.00,0.00
INV-50538,1,2026-08-03,SO-10555,BL-3002,RL-BRI,TL-9002,EA,589,8.04,6.40,0.00,0.00
INV-50538,2,2026-08-03,SO-10555,BL-3002,RL-BRI,PT-5011,BG,202,15.97,13.25,74.34,0.00
INV-50538,3,2026-08-03,SO-10555,BL-3002,RL-BRI,CM-3002,BG,309,4.77,3.90,0.00,0.00
INV-50538,4,2026-08-03,SO-10555,BL-3002,RL-BRI,FS-2010,EA,1732,1.74,1.33,0.00,0.00
INV-50539,1,2026-08-01,SO-10556,BL-3001,RL-BRI,RF-4020,LF,975,2.06,1.69,0.00,0.00
INV-50539,2,2026-08-01,SO-10556,BL-3001,RL-BRI,DW-6001,EA,58,82.42,64.10,103.24,0.00
INV-50539,3,2026-08-01,SO-10556,BL-3001,RL-BRI,SX-7001,SQ,51,84.29,68.05,96.39,0.00
INV-50539,4,2026-08-01,SO-10556,BL-3001,RL-BRI,RM-1001,EA,2024,3.57,2.86,0.00,0.00
INV-50539,5,2026-08-01,SO-10556,BL-3001,RL-BRI,FS-2011,EA,96,43.96,34.90,93.12,0.00
INV-50540,1,2026-08-01,SO-10557,CT-1007,RL-JCB,DW-6002,EA,22,267.32,208.10,127.16,0.00
INV-50541,1,2026-08-03,SO-10558,RT-2002,RL-BRI,CM-3020,EA,154,14.25,10.25,43.89,213.96
INV-50541,2,2026-08-03,SO-10558,RT-2002,RL-BRI,CM-3001,BG,750,6.85,4.95,0.00,500.91
INV-50541,3,2026-08-03,SO-10558,RT-2002,RL-BRI,RM-1002,EA,703,6.85,4.95,0.00,469.52
INV-50541,4,2026-08-03,SO-10558,RT-2002,RL-BRI,CM-3020,EA,320,14.25,10.25,91.20,444.60
INV-50542,1,2026-08-03,SO-10559,RT-2001,RL-JCB,RM-1011,EA,83,24.90,17.95,41.33,201.50
INV-50543,1,2026-08-02,SO-10560,RT-2002,RL-JCB,RM-1002,EA,565,6.85,4.95,0.00,377.35
INV-50543,2,2026-08-02,SO-10560,RT-2002,RL-JCB,RM-1010,EA,332,18.75,13.50,124.50,606.94
INV-50543,3,2026-08-02,SO-10560,RT-2002,RL-JCB,RM-1003,EA,203,11.40,8.25,0.00,225.63
INV-50543,4,2026-08-02,SO-10560,RT-2002,RL-JCB,SX-7001,SQ,42,94.50,68.05,79.38,386.98
INV-50544,1,2026-08-04,SO-10561,RT-2002,RL-KPT,CM-3020,EA,267,14.25,10.25,76.09,370.96
INV-50545,1,2026-08-04,SO-10562,RT-2003,RL-KPT,SX-7001,SQ,49,94.50,68.05,92.61,451.47
INV-50545,2,2026-08-04,SO-10562,RT-2003,RL-KPT,RF-4001,BNDL,544,38.75,27.90,421.60,2055.30
INV-50545,3,2026-08-04,SO-10562,RT-2003,RL-KPT,FS-2001,BX,124,28.50,20.60,70.68,344.56
INV-50545,4,2026-08-04,SO-10562,RT-2003,RL-KPT,CM-3010,BG,206,12.90,9.30,53.15,259.10
INV-50546,1,2026-08-06,SO-10563,CT-1005,RL-BRI,FS-2001,BX,165,26.75,20.60,94.05,0.00
INV-50546,2,2026-08-06,SO-10563,CT-1005,RL-BRI,CM-3010,BG,75,12.00,9.30,19.35,0.00
INV-50546,3,2026-08-06,SO-10563,CT-1005,RL-BRI,RM-1001,EA,1242,3.88,2.86,0.00,0.00
INV-50547,1,2026-08-06,SO-10564,BL-3001,RL-BRI,TL-9002,EA,397,8.00,6.40,0.00,0.00
INV-50547,2,2026-08-06,SO-10564,BL-3001,RL-BRI,TL-9001,EA,636,5.55,4.50,0.00,0.00
INV-50548,1,2026-08-05,SO-10565,CT-1005,RL-BRI,SX-7010,EA,258,13.34,10.65,76.37,0.00
INV-50548,2,2026-08-05,SO-10565,CT-1005,RL-BRI,CM-3010,BG,242,11.65,9.30,62.44,0.00
INV-50548,3,2026-08-05,SO-10565,CT-1005,RL-BRI,RM-1021,EA,210,36.07,28.10,163.38,0.00
INV-50548,4,2026-08-05,SO-10565,CT-1005,RL-BRI,RM-1020,EA,472,5.18,4.05,0.00,0.00
INV-50548,5,2026-08-05,SO-10565,CT-1005,RL-BRI,RF-4001,BNDL,918,38.50,27.90,711.45,0.00
INV-50549,1,2026-08-06,SO-10566,CT-1004,RL-BRI,CM-3001,BG,1249,6.79,4.95,0.00,0.00
INV-50550,1,2026-08-08,SO-10567,BL-3001,RL-BRI,RM-1010,EA,630,16.42,13.50,236.25,0.00
INV-50550,2,2026-08-08,SO-10567,BL-3001,RL-BRI,RM-1022,EA,585,7.77,6.45,0.00,0.00
INV-50551,1,2026-08-09,SO-10569,CT-1005,RL-BRI,FS-2011,EA,70,48.38,34.90,67.90,0.00
INV-50551,2,2026-08-09,SO-10569,CT-1005,RL-BRI,TL-9001,EA,480,6.10,4.50,0.00,0.00
INV-50551,3,2026-08-09,SO-10569,CT-1005,RL-BRI,RF-4011,RL,44,102.30,78.85,96.36,0.00
INV-50552,1,2026-08-08,SO-10570,BL-3001,RL-JCB,TL-9001,EA,133,5.68,4.50,0.00,0.00
INV-50552,2,2026-08-08,SO-10570,BL-3001,RL-JCB,FS-2002,BX,143,29.20,23.60,93.66,0.00
INV-50553,1,2026-08-09,SO-10571,CT-1003,RL-JCB,RF-4002,BNDL,54,51.96,37.65,56.48,0.00
INV-50553,2,2026-08-09,SO-10571,CT-1003,RL-JCB,RF-4011,RL,41,106.51,78.85,89.79,0.00
INV-50553,3,2026-08-09,SO-10571,CT-1003,RL-JCB,RF-4020,LF,459,2.21,1.69,0.00,0.00
INV-50553,4,2026-08-09,SO-10571,CT-1003,RL-JCB,DW-6002,EA,5,261.70,208.10,0.00,0.00
INV-50553,5,2026-08-09,SO-10571,CT-1003,RL-JCB,DW-6002,EA,10,288.28,208.10,57.80,0.00
INV-50554,1,2026-08-09,SO-10572,CT-1001,RL-JCB,PT-5011,BG,70,16.93,13.25,25.76,0.00
INV-50554,2,2026-08-09,SO-10572,CT-1001,RL-JCB,CM-3002,BG,281,5.01,3.90,0.00,0.00
INV-50554,3,2026-08-09,SO-10572,CT-1001,RL-JCB,RM-1011,EA,193,23.60,17.95,96.11,0.00
INV-50555,1,2026-08-10,SO-10573,BL-3002,RL-KPT,PT-5011,BG,35,16.62,13.25,12.88,0.00
INV-50555,2,2026-08-10,SO-10573,BL-3002,RL-KPT,SX-7001,SQ,96,82.29,68.05,181.44,0.00
INV-50555,3,2026-08-10,SO-10573,BL-3002,RL-KPT,RM-1011,EA,304,22.24,17.95,151.39,0.00
INV-50555,4,2026-08-10,SO-10573,BL-3002,RL-KPT,FS-2002,BX,369,29.67,23.60,241.69,0.00
INV-50556,1,2026-08-09,SO-10574,BL-3001,RL-BRI,FS-2001,BX,325,26.13,20.60,185.25,0.00
INV-50556,2,2026-08-09,SO-10574,BL-3001,RL-BRI,RF-4020,LF,1404,2.17,1.69,0.00,0.00
INV-50556,3,2026-08-09,SO-10574,BL-3001,RL-BRI,CM-3002,BG,268,4.84,3.90,0.00,0.00
INV-50556,4,2026-08-09,SO-10574,BL-3001,RL-BRI,PT-5001,EA,161,39.41,32.20,144.09,0.00
INV-50556,5,2026-08-09,SO-10574,BL-3001,RL-BRI,RM-1002,EA,609,6.13,4.95,0.00,0.00
INV-50557,1,2026-08-08,SO-10576,BL-3002,RL-BRI,SX-7010,EA,270,13.62,10.65,79.92,0.00
INV-50557,2,2026-08-08,SO-10576,BL-3002,RL-BRI,DW-6010,EA,42,290.52,224.60,262.08,0.00
INV-50558,1,2026-08-11,SO-10577,CT-1003,RL-KPT,DW-6001,EA,37,80.27,64.10,65.86,0.00
INV-50558,2,2026-08-11,SO-10577,CT-1003,RL-KPT,CM-3010,BG,108,12.71,9.30,27.86,0.00
INV-50558,3,2026-08-11,SO-10577,CT-1003,RL-KPT,RF-4020,LF,695,2.16,1.69,0.00,0.00
INV-50558,4,2026-08-11,SO-10577,CT-1003,RL-KPT,PT-5002,EA,167,31.51,23.70,109.89,0.00
INV-50558,5,2026-08-11,SO-10577,CT-1003,RL-KPT,CM-3001,BG,973,6.29,4.95,0.00,0.00
INV-50559,1,2026-08-11,SO-10578,RT-2001,RL-JCB,CM-3002,BG,153,5.40,3.90,0.00,80.55
INV-50559,2,2026-08-11,SO-10578,RT-2001,RL-JCB,RF-4002,BNDL,54,52.30,37.65,56.48,275.36
INV-50559,3,2026-08-11,SO-10578,RT-2001,RL-JCB,PT-5002,EA,33,32.90,23.70,21.71,105.86
INV-50560,1,2026-08-10,SO-10579,RT-2001,RL-JCB,SX-7001,SQ,42,94.50,68.05,79.38,386.98
INV-50561,1,2026-08-11,SO-10580,BL-3002,RL-JCB,CM-3002,BG,128,4.91,3.90,0.00,0.00
INV-50561,2,2026-08-11,SO-10580,BL-3002,RL-JCB,RF-4020,LF,438,2.04,1.69,0.00,0.00
INV-50561,3,2026-08-11,SO-10580,BL-3002,RL-JCB,PT-5010,EA,298,11.79,9.05,75.10,0.00
INV-50561,4,2026-08-11,SO-10580,BL-3002,RL-JCB,RM-1002,EA,232,6.11,4.95,0.00,0.00
INV-50561,5,2026-08-11,SO-10580,BL-3002,RL-JCB,RM-1021,EA,60,36.06,28.10,46.68,0.00
INV-50562,1,2026-08-16,SO-10581,CT-1007,RL-JCB,RF-4020,LF,209,2.16,1.69,0.00,0.00
INV-50563,1,2026-08-12,SO-10582,CT-1001,RL-BRI,RF-4010,RL,115,27.38,21.50,68.77,0.00
INV-50563,2,2026-08-12,SO-10582,CT-1001,RL-BRI,FS-2011,EA,28,44.38,34.90,27.16,0.00
INV-50563,3,2026-08-12,SO-10582,CT-1001,RL-BRI,FS-2011,EA,48,47.46,34.90,46.56,0.00
INV-50563,4,2026-08-12,SO-10582,CT-1001,RL-BRI,RM-1002,EA,635,6.59,4.95,0.00,0.00
INV-50564,1,2026-08-13,SO-10583,BL-3002,RL-BRI,DW-6002,EA,6,262.38,208.10,34.68,0.00
INV-50565,1,2026-08-12,SO-10584,BL-3001,RL-BRI,RM-1022,EA,638,7.99,6.45,0.00,0.00
INV-50565,2,2026-08-12,SO-10584,BL-3001,RL-BRI,SX-7001,SQ,31,86.08,68.05,58.59,0.00
INV-50565,3,2026-08-12,SO-10584,BL-3001,RL-BRI,RF-4011,RL,70,96.42,78.85,153.30,0.00
INV-50566,1,2026-08-13,SO-10585,CT-1006,RL-KPT,FS-2001,BX,308,27.53,20.60,175.56,0.00
INV-50567,1,2026-08-15,SO-10586,CT-1002,RL-KPT,SX-7010,EA,216,14.17,10.65,63.94,0.00
INV-50568,1,2026-08-13,SO-10587,CT-1005,RL-KPT,PT-5011,BG,143,18.36,13.25,52.62,0.00
INV-50568,2,2026-08-13,SO-10587,CT-1005,RL-KPT,RM-1001,EA,602,3.65,2.86,0.00,0.00
INV-50568,3,2026-08-13,SO-10587,CT-1005,RL-KPT,RF-4020,LF,257,2.32,1.69,0.00,0.00
INV-50568,4,2026-08-13,SO-10587,CT-1005,RL-KPT,CM-3001,BG,841,6.56,4.95,0.00,0.00
INV-50569,1,2026-08-15,SO-10588,CT-1008,RL-JCB,PT-5001,EA,92,41.42,32.20,82.34,0.00
INV-50569,2,2026-08-15,SO-10588,CT-1008,RL-JCB,TL-9002,EA,156,8.10,6.40,0.00,0.00
INV-50569,3,2026-08-15,SO-10588,CT-1008,RL-JCB,PT-5001,EA,105,43.77,32.20,93.98,0.00
INV-50570,1,2026-08-13,SO-10589,CT-1007,RL-KPT,RF-4010,RL,88,28.26,21.50,52.62,0.00
INV-50570,2,2026-08-13,SO-10589,CT-1007,RL-KPT,RM-1020,EA,486,5.14,4.05,0.00,0.00
INV-50571,1,2026-08-15,SO-10590,CT-1004,RL-BRI,RM-1010,EA,1126,17.31,13.50,422.25,0.00
INV-50571,2,2026-08-15,SO-10590,CT-1004,RL-BRI,FS-2010,EA,1000,1.70,1.33,0.00,0.00
INV-50572,1,2026-08-14,SO-10591,BL-3002,RL-BRI,DW-6001,EA,40,83.46,64.10,71.20,0.00
INV-50572,2,2026-08-14,SO-10591,BL-3002,RL-BRI,TL-9001,EA,463,5.84,4.50,0.00,0.00
INV-50572,3,2026-08-14,SO-10591,BL-3002,RL-BRI,RM-1001,EA,828,3.64,2.86,0.00,0.00
INV-50572,4,2026-08-14,SO-10591,BL-3002,RL-BRI,CM-3002,BG,683,5.06,3.90,0.00,0.00
INV-50572,5,2026-08-14,SO-10591,BL-3002,RL-BRI,RM-1010,EA,1079,16.85,13.50,404.63,0.00
INV-50573,1,2026-08-15,SO-10592,CT-1003,RL-JCB,PT-5002,EA,38,30.52,23.70,25.00,0.00
INV-50573,2,2026-08-15,SO-10592,CT-1003,RL-JCB,DW-6001,EA,15,88.50,64.10,26.70,0.00
INV-50574,1,2026-08-14,SO-10593,CT-1003,RL-BRI,RF-4011,RL,70,105.10,78.85,153.30,0.00
INV-50574,2,2026-08-14,SO-10593,CT-1003,RL-BRI,CM-3010,BG,127,11.77,9.30,32.77,0.00
INV-50574,3,2026-08-14,SO-10593,CT-1003,RL-BRI,SX-7010,EA,107,14.44,10.65,31.67,0.00
INV-50575,1,2026-08-16,SO-10594,CT-1006,RL-JCB,TL-9002,EA,244,8.10,6.40,0.00,0.00
INV-50575,2,2026-08-16,SO-10594,CT-1006,RL-JCB,PT-5010,EA,207,11.96,9.05,52.16,0.00
INV-50575,3,2026-08-16,SO-10594,CT-1006,RL-JCB,DW-6010,EA,14,307.79,224.60,87.36,0.00
INV-50576,1,2026-08-17,SO-10595,CT-1005,RL-JCB,RM-1020,EA,87,5.31,4.05,0.00,0.00
INV-50576,2,2026-08-17,SO-10595,CT-1005,RL-JCB,TL-9002,EA,119,8.25,6.40,0.00,0.00
INV-50576,3,2026-08-17,SO-10595,CT-1005,RL-JCB,TL-9002,EA,198,8.34,6.40,0.00,0.00
INV-50576,4,2026-08-17,SO-10595,CT-1005,RL-JCB,PT-5011,BG,38,18.10,13.25,13.98,0.00
INV-50576,5,2026-08-17,SO-10595,CT-1005,RL-JCB,RM-1021,EA,81,37.98,28.10,63.02,0.00
INV-50577,1,2026-08-18,SO-10596,CT-1006,RL-KPT,RM-1003,EA,519,10.98,8.25,0.00,0.00
INV-50578,1,2026-08-17,SO-10597,CT-1007,RL-KPT,DW-6002,EA,25,284.65,208.10,144.50,0.00
INV-50578,2,2026-08-17,SO-10597,CT-1007,RL-KPT,RF-4001,BNDL,412,36.24,27.90,319.30,0.00
INV-50578,3,2026-08-17,SO-10597,CT-1007,RL-KPT,CM-3020,EA,140,13.29,10.25,39.90,0.00
INV-50578,4,2026-08-17,SO-10597,CT-1007,RL-KPT,RF-4001,BNDL,671,37.04,27.90,520.02,0.00
INV-50578,5,2026-08-17,SO-10597,CT-1007,RL-KPT,RF-4020,LF,871,2.30,1.69,0.00,0.00
INV-50579,1,2026-08-17,SO-10598,RT-2001,RL-BRI,RF-4011,RL,44,109.50,78.85,96.36,469.75
INV-50579,2,2026-08-17,SO-10598,RT-2001,RL-BRI,DW-6001,EA,41,89.00,64.10,72.98,355.78
INV-50579,3,2026-08-17,SO-10598,RT-2001,RL-BRI,FS-2011,EA,94,48.50,34.90,91.18,444.50
INV-50579,4,2026-08-17,SO-10598,RT-2001,RL-BRI,TL-9002,EA,271,8.90,6.40,0.00,235.16
INV-50579,5,2026-08-17,SO-10598,RT-2001,RL-BRI,PT-5010,EA,736,12.60,9.05,185.47,904.18
INV-50580,1,2026-08-17,SO-10599,RT-2001,RL-BRI,RM-1011,EA,322,24.90,17.95,160.36,781.74
INV-50580,2,2026-08-17,SO-10599,RT-2001,RL-BRI,DW-6001,EA,77,89.00,64.10,137.06,668.17
INV-50580,3,2026-08-17,SO-10599,RT-2001,RL-BRI,PT-5001,EA,271,44.75,32.20,242.54,1182.41
INV-50580,4,2026-08-17,SO-10599,RT-2001,RL-BRI,PT-5011,BG,82,18.40,13.25,30.18,147.11
INV-50580,5,2026-08-17,SO-10599,RT-2001,RL-BRI,RF-4010,RL,255,29.90,21.50,152.49,743.39
INV-50581,1,2026-08-19,SO-10600,RT-2001,RL-KPT,CM-3010,BG,95,12.90,9.30,24.51,119.49
INV-50581,2,2026-08-19,SO-10600,RT-2001,RL-KPT,CM-3002,BG,185,5.40,3.90,0.00,97.40
INV-50582,1,2026-08-21,SO-10601,BL-3002,RL-KPT,DW-6001,EA,46,83.51,64.10,81.88,0.00
INV-50582,2,2026-08-21,SO-10601,BL-3002,RL-KPT,RF-4001,BNDL,632,35.82,27.90,489.80,0.00
INV-50582,3,2026-08-21,SO-10601,BL-3002,RL-KPT,RF-4001,BNDL,458,36.19,27.90,354.95,0.00
INV-50582,4,2026-08-21,SO-10601,BL-3002,RL-KPT,CM-3020,EA,151,13.35,10.25,43.04,0.00
INV-50582,5,2026-08-21,SO-10601,BL-3002,RL-KPT,FS-2001,BX,173,26.11,20.60,98.61,0.00
INV-50583,1,2026-08-19,SO-10602,BL-3001,RL-KPT,PT-5002,EA,101,29.75,23.70,66.46,0.00
INV-50583,2,2026-08-19,SO-10602,BL-3001,RL-KPT,CM-3010,BG,90,11.15,9.30,23.22,0.00
INV-50583,3,2026-08-19,SO-10602,BL-3001,RL-KPT,SX-7001,SQ,39,88.48,68.05,73.71,0.00
INV-50583,4,2026-08-19,SO-10602,BL-3001,RL-KPT,FS-2010,EA,223,1.69,1.33,0.00,0.00
INV-50584,1,2026-08-21,SO-10603,CT-1008,RL-JCB,RM-1002,EA,777,6.65,4.95,0.00,0.00
INV-50584,2,2026-08-21,SO-10603,CT-1008,RL-JCB,FS-2001,BX,263,26.94,20.60,149.91,0.00
INV-50584,3,2026-08-21,SO-10603,CT-1008,RL-JCB,RF-4011,RL,38,108.14,78.85,83.22,0.00
INV-50585,1,2026-08-19,SO-10604,CT-1007,RL-BRI,RM-1011,EA,594,24.23,17.95,295.81,0.00
INV-50585,2,2026-08-19,SO-10604,CT-1007,RL-BRI,CM-3001,BG,660,6.68,4.95,0.00,0.00
INV-50585,3,2026-08-19,SO-10604,CT-1007,RL-BRI,FS-2011,EA,89,47.18,34.90,86.33,0.00
INV-50585,4,2026-08-19,SO-10604,CT-1007,RL-BRI,PT-5001,EA,125,42.84,32.20,111.88,0.00
INV-50585,5,2026-08-19,SO-10604,CT-1007,RL-BRI,PT-5011,BG,226,17.43,13.25,83.17,0.00
INV-50586,1,2026-08-22,SO-10605,CT-1006,RL-BRI,RF-4001,BNDL,585,38.69,27.90,453.38,0.00
INV-50586,2,2026-08-22,SO-10605,CT-1006,RL-BRI,RM-1020,EA,326,5.33,4.05,0.00,0.00
INV-50587,1,2026-08-20,SO-10606,BL-3002,RL-BRI,RM-1001,EA,798,3.68,2.86,0.00,0.00
INV-50587,2,2026-08-20,SO-10606,BL-3002,RL-BRI,PT-5010,EA,673,11.03,9.05,169.60,0.00
INV-50587,3,2026-08-20,SO-10606,BL-3002,RL-BRI,TL-9002,EA,107,7.90,6.40,0.00,0.00
INV-50588,1,2026-08-25,SO-10607,CT-1003,RL-KPT,RM-1022,EA,656,8.32,6.45,0.00,0.00
INV-50588,2,2026-08-25,SO-10607,CT-1003,RL-KPT,PT-5002,EA,137,30.16,23.70,90.15,0.00
INV-50589,1,2026-08-24,SO-10608,CT-1008,RL-BRI,RM-1022,EA,458,8.18,6.45,0.00,0.00
INV-50589,2,2026-08-24,SO-10608,CT-1008,RL-BRI,TL-9002,EA,203,8.33,6.40,0.00,0.00
INV-50589,3,2026-08-24,SO-10608,CT-1008,RL-BRI,TL-9001,EA,672,6.07,4.50,0.00,0.00
INV-50590,1,2026-08-24,SO-10609,BL-3002,RL-BRI,CM-3001,BG,701,6.31,4.95,0.00,0.00
INV-50590,2,2026-08-24,SO-10609,BL-3002,RL-BRI,RF-4010,RL,347,26.75,21.50,207.51,0.00
INV-50590,3,2026-08-24,SO-10609,BL-3002,RL-BRI,RM-1020,EA,403,4.96,4.05,0.00,0.00
