order_no,line_no,order_date,customer_no,branch_code,salesperson_code,item_no,uom,ordered_qty,filled_qty,cancelled_qty,unit_price,unit_cost,promised_date,shipped_date,order_status
SO-10001,1,2026-01-05,CT-1002,RL-BRI,S102,DW-6010,EA,1,1,0,288.06,224.60,2026-01-08,2026-01-06,PARTIAL
SO-10001,2,2026-01-05,CT-1002,RL-BRI,S102,RM-1002,EA,4,3,0,6.65,4.95,2026-01-08,2026-01-06,PARTIAL
SO-10002,1,2026-01-05,CT-1007,RL-BRI,S102,PT-5001,EA,1,1,0,41.88,32.20,2026-01-07,2026-01-07,SHIPPED
SO-10002,2,2026-01-05,CT-1007,RL-BRI,S102,PT-5002,EA,1,1,0,32.01,23.70,2026-01-07,2026-01-07,SHIPPED
SO-10003,1,2026-01-05,BL-3001,RL-BRI,S102,RM-1011,EA,1,1,0,21.99,17.95,2026-01-07,2026-01-08,SHIPPED
SO-10003,2,2026-01-05,BL-3001,RL-BRI,S102,RM-1020,EA,2,2,0,4.99,4.05,2026-01-07,2026-01-08,SHIPPED
SO-10003,3,2026-01-05,BL-3001,RL-BRI,S102,SX-7010,EA,1,1,0,13.17,10.65,2026-01-07,2026-01-08,SHIPPED
SO-10003,4,2026-01-05,BL-3001,RL-BRI,S102,CM-3002,BG,2,2,0,4.94,3.90,2026-01-07,2026-01-08,SHIPPED
SO-10003,5,2026-01-05,BL-3001,RL-BRI,S102,RM-1011,EA,2,2,0,22.87,17.95,2026-01-07,2026-01-08,SHIPPED
SO-10004,1,2026-01-05,CT-1003,RL-KPT,S105,RM-1003,EA,1,1,0,10.34,8.25,2026-01-12,2026-01-06,SHIPPED
SO-10004,2,2026-01-05,CT-1003,RL-KPT,S105,RF-4020,LF,1,1,0,2.32,1.69,2026-01-12,2026-01-06,SHIPPED
SO-10004,3,2026-01-05,CT-1003,RL-KPT,S105,SX-7010,EA,1,1,0,14.42,10.65,2026-01-12,2026-01-06,SHIPPED
SO-10004,4,2026-01-05,CT-1003,RL-KPT,S105,RF-4001,BNDL,2,2,0,37.14,27.90,2026-01-12,2026-01-06,SHIPPED
SO-10004,5,2026-01-05,CT-1003,RL-KPT,S105,PT-5010,EA,1,1,0,11.98,9.05,2026-01-12,2026-01-06,SHIPPED
SO-10005,1,2026-01-06,CT-1001,RL-JCB,S104,SX-7010,EA,1,1,0,14.59,10.65,2026-01-13,2026-01-07,SHIPPED
SO-10005,2,2026-01-06,CT-1001,RL-JCB,S104,RM-1001,EA,4,4,0,3.93,2.86,2026-01-13,2026-01-07,SHIPPED
SO-10006,1,2026-01-06,CT-1005,RL-JCB,S104,FS-2011,EA,1,1,0,46.68,34.90,2026-01-08,2026-01-09,SHIPPED
SO-10006,2,2026-01-06,CT-1005,RL-JCB,S104,CM-3001,BG,1,1,0,6.53,4.95,2026-01-08,2026-01-09,SHIPPED
SO-10006,3,2026-01-06,CT-1005,RL-JCB,S104,RM-1001,EA,4,4,0,3.63,2.86,2026-01-08,2026-01-09,SHIPPED
SO-10007,1,2026-01-07,CT-1005,RL-BRI,S101,FS-2001,BX,1,1,0,27.22,20.60,2026-01-13,2026-01-08,SHIPPED
SO-10008,1,2026-01-07,CT-1005,RL-KPT,S105,PT-5010,EA,1,1,0,11.49,9.05,2026-01-10,2026-01-10,SHIPPED
SO-10008,2,2026-01-07,CT-1005,RL-KPT,S105,CM-3010,BG,1,1,0,12.37,9.30,2026-01-10,2026-01-10,SHIPPED
SO-10008,3,2026-01-07,CT-1005,RL-KPT,S105,RM-1001,EA,2,2,0,3.67,2.86,2026-01-10,2026-01-10,SHIPPED
SO-10008,4,2026-01-07,CT-1005,RL-KPT,S105,RM-1003,EA,2,2,0,10.53,8.25,2026-01-10,2026-01-10,SHIPPED
SO-10008,5,2026-01-07,CT-1005,RL-KPT,S105,TL-9002,EA,1,1,0,8.84,6.40,2026-01-10,2026-01-10,SHIPPED
SO-10009,1,2026-01-07,BL-3002,RL-KPT,S103,PT-5002,EA,1,1,0,30.21,23.70,2026-01-12,2026-01-11,PARTIAL
SO-10009,2,2026-01-07,BL-3002,RL-KPT,S103,RM-1021,EA,1,1,0,35.95,28.10,2026-01-12,2026-01-11,PARTIAL
SO-10009,3,2026-01-07,BL-3002,RL-KPT,S103,RM-1021,EA,1,1,0,34.85,28.10,2026-01-12,2026-01-11,PARTIAL
SO-10009,4,2026-01-07,BL-3002,RL-KPT,S103,DW-6010,EA,1,1,0,290.15,224.60,2026-01-12,2026-01-11,PARTIAL
SO-10010,1,2026-01-08,CT-1008,RL-JCB,S104,TL-9002,EA,1,1,0,8.81,6.40,2026-01-10,2026-01-10,SHIPPED
SO-10010,2,2026-01-08,CT-1008,RL-JCB,S104,FS-2010,EA,2,2,0,1.71,1.33,2026-01-10,2026-01-10,SHIPPED
SO-10010,3,2026-01-08,CT-1008,RL-JCB,S104,SX-7010,EA,1,1,0,14.40,10.65,2026-01-10,2026-01-10,SHIPPED
SO-10010,4,2026-01-08,CT-1008,RL-JCB,S104,TL-9002,EA,1,1,0,8.87,6.40,2026-01-10,2026-01-10,SHIPPED
SO-10010,5,2026-01-08,CT-1008,RL-JCB,S104,RM-1010,EA,2,1,0,17.82,13.50,2026-01-10,2026-01-10,SHIPPED
SO-10011,1,2026-01-08,BL-3001,RL-BRI,S101,CM-3020,EA,1,1,0,13.00,10.25,2026-01-11,2026-01-10,SHIPPED
SO-10012,1,2026-01-09,BL-3001,RL-BRI,S102,RM-1011,EA,1,1,0,22.54,17.95,2026-01-12,2026-01-12,SHIPPED
SO-10012,2,2026-01-09,BL-3001,RL-BRI,S102,RM-1021,EA,1,1,0,34.28,28.10,2026-01-12,2026-01-12,SHIPPED
SO-10012,3,2026-01-09,BL-3001,RL-BRI,S102,PT-5002,EA,1,1,0,29.27,23.70,2026-01-12,2026-01-12,SHIPPED
SO-10013,1,2026-01-09,CT-1003,RL-KPT,S105,RF-4011,RL,1,0,1,99.68,78.85,2026-01-15,,CANCELLED
SO-10013,2,2026-01-09,CT-1003,RL-KPT,S105,FS-2001,BX,1,0,1,28.19,20.60,2026-01-15,,CANCELLED
SO-10013,3,2026-01-09,CT-1003,RL-KPT,S105,FS-2002,BX,1,0,1,31.46,23.60,2026-01-15,,CANCELLED
SO-10013,4,2026-01-09,CT-1003,RL-KPT,S105,PT-5001,EA,1,0,1,43.11,32.20,2026-01-15,,CANCELLED
SO-10013,5,2026-01-09,CT-1003,RL-KPT,S105,RF-4001,BNDL,2,0,2,35.85,27.90,2026-01-15,,CANCELLED
SO-10014,1,2026-01-09,CT-1001,RL-BRI,S102,FS-2001,BX,1,0,1,26.40,20.60,2026-01-13,,CANCELLED
SO-10015,1,2026-01-09,CT-1008,RL-KPT,S105,PT-5010,EA,1,1,0,11.50,9.05,2026-01-15,2026-01-11,SHIPPED
SO-10016,1,2026-01-10,RT-2001,RL-JCB,S001,FS-2002,BX,1,1,0,32.75,23.60,2026-01-13,2026-01-14,SHIPPED
SO-10016,2,2026-01-10,RT-2001,RL-JCB,S001,FS-2010,EA,3,3,0,1.85,1.33,2026-01-13,2026-01-14,SHIPPED
SO-10017,1,2026-01-10,RT-2001,RL-BRI,S001,RM-1021,EA,1,1,0,38.90,28.10,2026-01-14,2026-01-12,SHIPPED
SO-10017,2,2026-01-10,RT-2001,RL-BRI,S001,CM-3001,BG,4,4,0,6.85,4.95,2026-01-14,2026-01-12,SHIPPED
SO-10017,3,2026-01-10,RT-2001,RL-BRI,S001,RF-4011,RL,1,1,0,109.50,78.85,2026-01-14,2026-01-12,SHIPPED
SO-10017,4,2026-01-10,RT-2001,RL-BRI,S001,CM-3010,BG,1,1,0,12.90,9.30,2026-01-14,2026-01-12,SHIPPED
SO-10018,1,2026-01-10,RT-2001,RL-JCB,S001,RM-1022,EA,2,2,0,8.95,6.45,2026-01-14,2026-01-13,SHIPPED
SO-10018,2,2026-01-10,RT-2001,RL-JCB,S001,RF-4001,BNDL,1,1,0,38.75,27.90,2026-01-14,2026-01-13,SHIPPED
SO-10018,3,2026-01-10,RT-2001,RL-JCB,S001,PT-5002,EA,1,1,0,32.90,23.70,2026-01-14,2026-01-13,SHIPPED
SO-10019,1,2026-01-10,RT-2003,RL-BRI,S001,CM-3001,BG,3,2,0,6.85,4.95,2026-01-16,2026-01-11,SHIPPED
SO-10019,2,2026-01-10,RT-2003,RL-BRI,S001,PT-5001,EA,1,1,0,44.75,32.20,2026-01-16,2026-01-11,SHIPPED
SO-10020,1,2026-01-12,CT-1005,RL-KPT,S105,PT-5011,BG,1,1,0,17.69,13.25,2026-01-16,2026-01-14,SHIPPED
SO-10020,2,2026-01-12,CT-1005,RL-KPT,S105,RF-4011,RL,1,1,0,101.88,78.85,2026-01-16,2026-01-14,SHIPPED
SO-10020,3,2026-01-12,CT-1005,RL-KPT,S105,CM-3002,BG,1,1,0,5.21,3.90,2026-01-16,2026-01-14,SHIPPED
SO-10020,4,2026-01-12,CT-1005,RL-KPT,S105,SX-7010,EA,1,1,0,14.08,10.65,2026-01-16,2026-01-14,SHIPPED
SO-10021,1,2026-01-12,CT-1003,RL-KPT,S105,CM-3010,BG,1,1,0,11.67,9.30,2026-01-18,2026-01-14,SHIPPED
SO-10021,2,2026-01-12,CT-1003,RL-KPT,S105,TL-9001,EA,1,1,0,5.91,4.50,2026-01-18,2026-01-14,SHIPPED
SO-10021,3,2026-01-12,CT-1003,RL-KPT,S105,CM-3001,BG,3,3,0,6.44,4.95,2026-01-18,2026-01-14,SHIPPED
SO-10021,4,2026-01-12,CT-1003,RL-KPT,S105,FS-2002,BX,1,1,0,32.00,23.60,2026-01-18,2026-01-14,SHIPPED
SO-10021,5,2026-01-12,CT-1003,RL-KPT,S105,RM-1021,EA,1,1,0,38.14,28.10,2026-01-18,2026-01-14,SHIPPED
SO-10022,1,2026-01-13,BL-3001,RL-KPT,S103,SX-7001,SQ,1,1,0,85.09,68.05,2026-01-15,2026-01-16,SHIPPED
SO-10022,2,2026-01-13,BL-3001,RL-KPT,S103,SX-7001,SQ,1,1,0,84.86,68.05,2026-01-15,2026-01-16,SHIPPED
SO-10022,3,2026-01-13,BL-3001,RL-KPT,S103,RF-4001,BNDL,2,2,0,34.18,27.90,2026-01-15,2026-01-16,SHIPPED
SO-10022,4,2026-01-13,BL-3001,RL-KPT,S103,TL-9002,EA,1,1,0,7.71,6.40,2026-01-15,2026-01-16,SHIPPED
SO-10023,1,2026-01-13,CT-1005,RL-BRI,S102,CM-3002,BG,1,1,0,5.15,3.90,2026-01-17,2026-01-17,SHIPPED
SO-10023,2,2026-01-13,CT-1005,RL-BRI,S102,DW-6002,EA,1,1,0,271.36,208.10,2026-01-17,2026-01-17,SHIPPED
SO-10023,3,2026-01-13,CT-1005,RL-BRI,S102,RM-1002,EA,5,5,0,6.43,4.95,2026-01-17,2026-01-17,SHIPPED
SO-10023,4,2026-01-13,CT-1005,RL-BRI,S102,RM-1001,EA,9,9,0,3.74,2.86,2026-01-17,2026-01-17,SHIPPED
SO-10023,5,2026-01-13,CT-1005,RL-BRI,S102,DW-6002,EA,1,1,0,283.22,208.10,2026-01-17,2026-01-17,SHIPPED
SO-10024,1,2026-01-13,CT-1004,RL-KPT,S105,PT-5001,EA,1,0,1,43.85,32.20,2026-01-18,,CANCELLED
SO-10024,2,2026-01-13,CT-1004,RL-KPT,S105,FS-2010,EA,4,0,4,1.84,1.33,2026-01-18,,CANCELLED
SO-10024,3,2026-01-13,CT-1004,RL-KPT,S105,RM-1002,EA,4,0,4,6.57,4.95,2026-01-18,,CANCELLED
SO-10024,4,2026-01-13,CT-1004,RL-KPT,S105,RM-1002,EA,1,0,1,6.46,4.95,2026-01-18,,CANCELLED
SO-10025,1,2026-01-13,CT-1008,RL-BRI,S102,DW-6002,EA,1,1,0,260.66,208.10,2026-01-18,2026-01-17,SHIPPED
SO-10025,2,2026-01-13,CT-1008,RL-BRI,S102,RM-1010,EA,4,4,0,18.09,13.50,2026-01-18,2026-01-17,SHIPPED
SO-10025,3,2026-01-13,CT-1008,RL-BRI,S102,RM-1003,EA,2,2,0,10.49,8.25,2026-01-18,2026-01-17,SHIPPED
SO-10026,1,2026-01-14,BL-3002,RL-BRI,S101,FS-2010,EA,4,4,0,1.70,1.33,2026-01-19,2026-01-17,SHIPPED
SO-10027,1,2026-01-14,CT-1003,RL-JCB,S104,CM-3001,BG,1,1,0,6.59,4.95,2026-01-20,2026-01-18,SHIPPED
SO-10028,1,2026-01-15,CT-1005,RL-JCB,S104,RM-1001,EA,4,4,0,3.62,2.86,2026-01-21,2026-01-24,SHIPPED
SO-10029,1,2026-01-15,CT-1006,RL-KPT,S105,TL-9001,EA,1,1,0,6.00,4.50,2026-01-22,2026-01-18,SHIPPED
SO-10029,2,2026-01-15,CT-1006,RL-KPT,S105,RF-4020,LF,3,3,0,2.14,1.69,2026-01-22,2026-01-18,SHIPPED
SO-10030,1,2026-01-16,CT-1004,RL-KPT,S105,RF-4001,BNDL,1,1,0,37.59,27.90,2026-01-20,2026-01-20,SHIPPED
SO-10031,1,2026-01-16,CT-1005,RL-KPT,S103,TL-9002,EA,1,1,0,8.37,6.40,2026-01-18,2026-01-18,SHIPPED
SO-10031,2,2026-01-16,CT-1005,RL-KPT,S103,CM-3020,EA,1,1,0,13.50,10.25,2026-01-18,2026-01-18,SHIPPED
SO-10032,1,2026-01-16,BL-3001,RL-BRI,S102,RF-4020,LF,1,1,0,2.16,1.69,2026-01-20,2026-01-17,SHIPPED
SO-10032,2,2026-01-16,BL-3001,RL-BRI,S102,FS-2011,EA,1,1,0,42.78,34.90,2026-01-20,2026-01-17,SHIPPED
SO-10032,3,2026-01-16,BL-3001,RL-BRI,S102,RF-4010,RL,1,1,0,26.42,21.50,2026-01-20,2026-01-17,SHIPPED
SO-10032,4,2026-01-16,BL-3001,RL-BRI,S102,PT-5010,EA,1,1,0,11.11,9.05,2026-01-20,2026-01-17,SHIPPED
SO-10033,1,2026-01-17,RT-2003,RL-JCB,S001,TL-9001,EA,1,1,0,6.25,4.50,2026-01-24,2026-01-20,PARTIAL
SO-10033,2,2026-01-17,RT-2003,RL-JCB,S001,RM-1010,EA,1,1,0,18.75,13.50,2026-01-24,2026-01-20,PARTIAL
SO-10033,3,2026-01-17,RT-2003,RL-JCB,S001,RM-1022,EA,2,1,0,8.95,6.45,2026-01-24,2026-01-20,PARTIAL
SO-10033,4,2026-01-17,RT-2003,RL-JCB,S001,RM-1011,EA,1,1,0,24.90,17.95,2026-01-24,2026-01-20,PARTIAL
SO-10034,1,2026-01-17,RT-2003,RL-JCB,S001,PT-5011,BG,1,1,0,18.40,13.25,2026-01-19,2026-01-19,SHIPPED
SO-10034,2,2026-01-17,RT-2003,RL-JCB,S001,DW-6010,EA,1,1,0,312.00,224.60,2026-01-19,2026-01-19,SHIPPED
SO-10035,1,2026-01-19,CT-1002,RL-JCB,S104,FS-2011,EA,1,1,0,45.63,34.90,2026-01-26,2026-01-21,PARTIAL
SO-10035,2,2026-01-19,CT-1002,RL-JCB,S104,TL-9001,EA,1,1,0,6.07,4.50,2026-01-26,2026-01-21,PARTIAL
SO-10036,1,2026-01-19,CT-1008,RL-BRI,S101,CM-3010,BG,1,1,0,12.68,9.30,2026-01-23,2026-01-23,SHIPPED
SO-10036,2,2026-01-19,CT-1008,RL-BRI,S101,RM-1011,EA,1,1,0,23.89,17.95,2026-01-23,2026-01-23,SHIPPED
SO-10036,3,2026-01-19,CT-1008,RL-BRI,S101,RF-4010,RL,1,1,0,27.82,21.50,2026-01-23,2026-01-23,SHIPPED
SO-10036,4,2026-01-19,CT-1008,RL-BRI,S101,DW-6001,EA,1,1,0,84.49,64.10,2026-01-23,2026-01-23,SHIPPED
SO-10036,5,2026-01-19,CT-1008,RL-BRI,S101,RM-1020,EA,1,1,0,5.45,4.05,2026-01-23,2026-01-23,SHIPPED
SO-10037,1,2026-01-19,BL-3002,RL-BRI,S101,RM-1003,EA,2,1,0,10.28,8.25,2026-01-22,2026-01-22,PARTIAL
SO-10037,2,2026-01-19,BL-3002,RL-BRI,S101,SX-7001,SQ,1,1,0,85.70,68.05,2026-01-22,2026-01-22,PARTIAL
SO-10037,3,2026-01-19,BL-3002,RL-BRI,S101,TL-9002,EA,2,1,0,7.94,6.40,2026-01-22,2026-01-22,PARTIAL
SO-10037,4,2026-01-19,BL-3002,RL-BRI,S101,RF-4020,LF,3,2,0,2.08,1.69,2026-01-22,2026-01-22,PARTIAL
SO-10037,5,2026-01-19,BL-3002,RL-BRI,S101,TL-9002,EA,1,1,0,8.23,6.40,2026-01-22,2026-01-22,PARTIAL
SO-10038,1,2026-01-19,BL-3001,RL-BRI,S101,RM-1001,EA,7,7,0,3.55,2.86,2026-01-23,2026-01-23,SHIPPED
SO-10038,2,2026-01-19,BL-3001,RL-BRI,S101,CM-3001,BG,3,3,0,6.16,4.95,2026-01-23,2026-01-23,SHIPPED
SO-10038,3,2026-01-19,BL-3001,RL-BRI,S101,SX-7001,SQ,1,1,0,85.42,68.05,2026-01-23,2026-01-23,SHIPPED
SO-10039,1,2026-01-20,CT-1008,RL-JCB,S104,RF-4011,RL,1,1,0,99.57,78.85,2026-01-22,2026-01-22,SHIPPED
SO-10040,1,2026-01-20,CT-1002,RL-KPT,S103,TL-9001,EA,2,2,0,5.97,4.50,2026-01-27,2026-01-23,SHIPPED
SO-10040,2,2026-01-20,CT-1002,RL-KPT,S103,PT-5011,BG,1,1,0,17.93,13.25,2026-01-27,2026-01-23,SHIPPED
SO-10041,1,2026-01-20,CT-1003,RL-JCB,S104,RF-4011,RL,1,1,0,105.78,78.85,2026-01-25,2026-01-21,SHIPPED
SO-10041,2,2026-01-20,CT-1003,RL-JCB,S104,FS-2002,BX,1,1,0,30.56,23.60,2026-01-25,2026-01-21,SHIPPED
SO-10041,3,2026-01-20,CT-1003,RL-JCB,S104,PT-5011,BG,1,1,0,16.91,13.25,2026-01-25,2026-01-21,SHIPPED
SO-10042,1,2026-01-21,CT-1004,RL-KPT,S103,FS-2002,BX,1,1,0,31.41,23.60,2026-01-26,2026-01-25,SHIPPED
SO-10043,1,2026-01-21,CT-1002,RL-JCB,S104,DW-6002,EA,1,1,0,262.26,208.10,2026-01-23,2026-01-23,PARTIAL
SO-10043,2,2026-01-21,CT-1002,RL-JCB,S104,RF-4001,BNDL,1,1,0,37.39,27.90,2026-01-23,2026-01-23,PARTIAL
SO-10043,3,2026-01-21,CT-1002,RL-JCB,S104,PT-5001,EA,1,1,0,41.98,32.20,2026-01-23,2026-01-23,PARTIAL
SO-10043,4,2026-01-21,CT-1002,RL-JCB,S104,RF-4020,LF,2,2,0,2.23,1.69,2026-01-23,2026-01-23,PARTIAL
SO-10043,5,2026-01-21,CT-1002,RL-JCB,S104,RM-1003,EA,1,1,0,11.04,8.25,2026-01-23,2026-01-23,PARTIAL
SO-10044,1,2026-01-21,CT-1005,RL-JCB,S104,RF-4011,RL,1,1,0,101.76,78.85,2026-01-26,2026-01-22,SHIPPED
SO-10045,1,2026-01-21,CT-1006,RL-BRI,S101,PT-5011,BG,1,1,0,18.24,13.25,2026-01-27,2026-01-23,SHIPPED
SO-10045,2,2026-01-21,CT-1006,RL-BRI,S101,FS-2002,BX,1,1,0,30.98,23.60,2026-01-27,2026-01-23,SHIPPED
SO-10045,3,2026-01-21,CT-1006,RL-BRI,S101,RM-1001,EA,9,9,0,3.70,2.86,2026-01-27,2026-01-23,SHIPPED
SO-10045,4,2026-01-21,CT-1006,RL-BRI,S101,FS-2010,EA,2,2,0,1.85,1.33,2026-01-27,2026-01-23,SHIPPED
SO-10046,1,2026-01-22,CT-1007,RL-KPT,S105,PT-5002,EA,1,1,0,30.58,23.70,2026-01-26,2026-01-23,SHIPPED
SO-10046,2,2026-01-22,CT-1007,RL-KPT,S105,DW-6001,EA,1,1,0,86.20,64.10,2026-01-26,2026-01-23,SHIPPED
SO-10047,1,2026-01-22,CT-1001,RL-JCB,S104,FS-2001,BX,1,1,0,27.49,20.60,2026-01-26,2026-01-24,SHIPPED
SO-10047,2,2026-01-22,CT-1001,RL-JCB,S104,RF-4011,RL,1,1,0,99.99,78.85,2026-01-26,2026-01-24,SHIPPED
SO-10048,1,2026-01-22,CT-1005,RL-BRI,S102,RF-4002,BNDL,1,1,0,51.38,37.65,2026-01-25,2026-01-25,SHIPPED
SO-10048,2,2026-01-22,CT-1005,RL-BRI,S102,TL-9001,EA,2,2,0,6.17,4.50,2026-01-25,2026-01-25,SHIPPED
SO-10049,1,2026-01-23,CT-1008,RL-JCB,S104,DW-6001,EA,1,1,0,84.15,64.10,2026-01-26,2026-01-26,SHIPPED
SO-10049,2,2026-01-23,CT-1008,RL-JCB,S104,RF-4001,BNDL,1,1,0,38.52,27.90,2026-01-26,2026-01-26,SHIPPED
SO-10049,3,2026-01-23,CT-1008,RL-JCB,S104,RM-1021,EA,1,1,0,37.42,28.10,2026-01-26,2026-01-26,SHIPPED
SO-10049,4,2026-01-23,CT-1008,RL-JCB,S104,RF-4020,LF,2,2,0,2.13,1.69,2026-01-26,2026-01-26,SHIPPED
SO-10050,1,2026-01-23,CT-1008,RL-JCB,S104,RF-4011,RL,1,1,0,101.12,78.85,2026-01-30,2026-01-24,PARTIAL
SO-10050,2,2026-01-23,CT-1008,RL-JCB,S104,FS-2001,BX,1,1,0,28.36,20.60,2026-01-30,2026-01-24,PARTIAL
SO-10050,3,2026-01-23,CT-1008,RL-JCB,S104,DW-6002,EA,1,1,0,285.69,208.10,2026-01-30,2026-01-24,PARTIAL
SO-10050,4,2026-01-23,CT-1008,RL-JCB,S104,RM-1021,EA,1,1,0,38.66,28.10,2026-01-30,2026-01-24,PARTIAL
SO-10051,1,2026-01-24,RT-2002,RL-BRI,S001,PT-5002,EA,1,1,0,32.90,23.70,2026-01-29,2026-01-27,PARTIAL
SO-10051,2,2026-01-24,RT-2002,RL-BRI,S001,RM-1022,EA,3,2,0,8.95,6.45,2026-01-29,2026-01-27,PARTIAL
SO-10052,1,2026-01-24,RT-2001,RL-KPT,S001,CM-3002,BG,1,1,0,5.40,3.90,2026-01-30,2026-01-26,SHIPPED
SO-10053,1,2026-01-24,RT-2001,RL-JCB,S001,FS-2002,BX,1,1,0,32.75,23.60,2026-01-27,2026-01-25,SHIPPED
SO-10053,2,2026-01-24,RT-2001,RL-JCB,S001,FS-2011,EA,1,1,0,48.50,34.90,2026-01-27,2026-01-25,SHIPPED
SO-10053,3,2026-01-24,RT-2001,RL-JCB,S001,FS-2001,BX,1,1,0,28.50,20.60,2026-01-27,2026-01-25,SHIPPED
SO-10054,1,2026-01-24,RT-2002,RL-BRI,S001,TL-9001,EA,1,1,0,6.25,4.50,2026-01-28,2026-01-25,SHIPPED
SO-10055,1,2026-01-26,CT-1002,RL-KPT,S103,RM-1002,EA,1,1,0,6.44,4.95,2026-02-01,2026-01-29,SHIPPED
SO-10056,1,2026-01-26,CT-1002,RL-KPT,S105,RF-4020,LF,2,2,0,2.18,1.69,2026-01-28,2026-01-28,SHIPPED
SO-10057,1,2026-01-26,BL-3001,RL-KPT,S103,CM-3010,BG,1,1,0,11.51,9.30,2026-02-02,2026-01-28,SHIPPED
SO-10058,1,2026-01-26,CT-1002,RL-BRI,S102,RM-1020,EA,1,1,0,5.25,4.05,2026-02-02,2026-02-03,SHIPPED
SO-10058,2,2026-01-26,CT-1002,RL-BRI,S102,FS-2001,BX,1,1,0,27.25,20.60,2026-02-02,2026-02-03,SHIPPED
SO-10058,3,2026-01-26,CT-1002,RL-BRI,S102,PT-5001,EA,1,1,0,44.18,32.20,2026-02-02,2026-02-03,SHIPPED
SO-10059,1,2026-01-27,CT-1001,RL-JCB,S104,RM-1021,EA,1,1,0,35.46,28.10,2026-01-31,2026-01-31,SHIPPED
SO-10060,1,2026-01-27,CT-1005,RL-KPT,S105,RF-4002,BNDL,1,1,0,51.06,37.65,2026-02-02,2026-01-28,SHIPPED
SO-10060,2,2026-01-27,CT-1005,RL-KPT,S105,PT-5001,EA,1,1,0,40.92,32.20,2026-02-02,2026-01-28,SHIPPED
SO-10060,3,2026-01-27,CT-1005,RL-KPT,S105,DW-6001,EA,1,1,0,88.75,64.10,2026-02-02,2026-01-28,SHIPPED
SO-10060,4,2026-01-27,CT-1005,RL-KPT,S105,RM-1020,EA,1,1,0,5.28,4.05,2026-02-02,2026-01-28,SHIPPED
SO-10060,5,2026-01-27,CT-1005,RL-KPT,S105,PT-5001,EA,1,1,0,41.73,32.20,2026-02-02,2026-01-28,SHIPPED
SO-10061,1,2026-01-27,BL-3002,RL-KPT,S103,RF-4002,BNDL,1,1,0,47.52,37.65,2026-01-30,2026-01-28,PARTIAL
SO-10061,2,2026-01-27,BL-3002,RL-KPT,S103,DW-6002,EA,1,1,0,251.17,208.10,2026-01-30,2026-01-28,PARTIAL
SO-10062,1,2026-01-28,CT-1002,RL-BRI,S102,CM-3002,BG,2,2,0,5.02,3.90,2026-02-03,2026-02-06,SHIPPED
SO-10062,2,2026-01-28,CT-1002,RL-BRI,S102,RM-1022,EA,1,1,0,8.21,6.45,2026-02-03,2026-02-06,SHIPPED
SO-10062,3,2026-01-28,CT-1002,RL-BRI,S102,PT-5011,BG,1,1,0,17.59,13.25,2026-02-03,2026-02-06,SHIPPED
SO-10063,1,2026-01-28,CT-1006,RL-BRI,S101,DW-6010,EA,1,1,0,293.83,224.60,2026-02-02,2026-01-31,PARTIAL
SO-10064,1,2026-01-28,CT-1002,RL-BRI,S102,CM-3020,EA,1,1,0,12.94,10.25,2026-01-31,2026-02-01,SHIPPED
SO-10064,2,2026-01-28,CT-1002,RL-BRI,S102,RF-4011,RL,1,1,0,107.08,78.85,2026-01-31,2026-02-01,SHIPPED
SO-10064,3,2026-01-28,CT-1002,RL-BRI,S102,RM-1011,EA,2,2,0,23.68,17.95,2026-01-31,2026-02-01,SHIPPED
SO-10064,4,2026-01-28,CT-1002,RL-BRI,S102,PT-5002,EA,1,1,0,31.73,23.70,2026-01-31,2026-02-01,SHIPPED
SO-10064,5,2026-01-28,CT-1002,RL-BRI,S102,FS-2002,BX,1,1,0,30.12,23.60,2026-01-31,2026-02-01,SHIPPED
SO-10065,1,2026-01-29,CT-1003,RL-KPT,S103,RF-4020,LF,3,3,0,2.15,1.69,2026-02-01,2026-02-02,SHIPPED
SO-10065,2,2026-01-29,CT-1003,RL-KPT,S103,RM-1011,EA,1,1,0,24.39,17.95,2026-02-01,2026-02-02,SHIPPED
SO-10065,3,2026-01-29,CT-1003,RL-KPT,S103,RM-1010,EA,2,2,0,17.74,13.50,2026-02-01,2026-02-02,SHIPPED
SO-10065,4,2026-01-29,CT-1003,RL-KPT,S103,RM-1003,EA,1,1,0,10.35,8.25,2026-02-01,2026-02-02,SHIPPED
SO-10066,1,2026-01-29,CT-1002,RL-KPT,S105,CM-3001,BG,2,2,0,6.27,4.95,2026-02-03,2026-01-30,SHIPPED
SO-10066,2,2026-01-29,CT-1002,RL-KPT,S105,RM-1010,EA,2,2,0,18.45,13.50,2026-02-03,2026-01-30,SHIPPED
SO-10066,3,2026-01-29,CT-1002,RL-KPT,S105,RM-1020,EA,1,1,0,5.18,4.05,2026-02-03,2026-01-30,SHIPPED
SO-10066,4,2026-01-29,CT-1002,RL-KPT,S105,SX-7001,SQ,1,1,0,90.81,68.05,2026-02-03,2026-01-30,SHIPPED
SO-10066,5,2026-01-29,CT-1002,RL-KPT,S105,PT-5010,EA,1,1,0,11.86,9.05,2026-02-03,2026-01-30,SHIPPED
SO-10067,1,2026-01-29,CT-1006,RL-KPT,S103,RF-4010,RL,1,1,0,29.79,21.50,2026-02-05,2026-02-02,PARTIAL
SO-10067,2,2026-01-29,CT-1006,RL-KPT,S103,FS-2002,BX,1,1,0,29.94,23.60,2026-02-05,2026-02-02,PARTIAL
SO-10067,3,2026-01-29,CT-1006,RL-KPT,S103,PT-5002,EA,1,1,0,31.79,23.70,2026-02-05,2026-02-02,PARTIAL
SO-10068,1,2026-01-29,CT-1003,RL-KPT,S103,RM-1020,EA,1,1,0,5.24,4.05,2026-02-02,2026-01-31,SHIPPED
SO-10068,2,2026-01-29,CT-1003,RL-KPT,S103,PT-5010,EA,1,1,0,11.77,9.05,2026-02-02,2026-01-31,SHIPPED
SO-10068,3,2026-01-29,CT-1003,RL-KPT,S103,TL-9002,EA,1,1,0,8.15,6.40,2026-02-02,2026-01-31,SHIPPED
SO-10068,4,2026-01-29,CT-1003,RL-KPT,S103,RF-4010,RL,1,1,0,29.21,21.50,2026-02-02,2026-01-31,SHIPPED
SO-10068,5,2026-01-29,CT-1003,RL-KPT,S103,RM-1003,EA,1,1,0,10.96,8.25,2026-02-02,2026-01-31,SHIPPED
SO-10069,1,2026-01-30,CT-1007,RL-BRI,S101,CM-3020,EA,1,1,0,13.90,10.25,2026-02-06,2026-02-09,SHIPPED
SO-10069,2,2026-01-30,CT-1007,RL-BRI,S101,SX-7001,SQ,1,1,0,94.17,68.05,2026-02-06,2026-02-09,SHIPPED
SO-10069,3,2026-01-30,CT-1007,RL-BRI,S101,TL-9001,EA,2,2,0,6.05,4.50,2026-02-06,2026-02-09,SHIPPED
SO-10069,4,2026-01-30,CT-1007,RL-BRI,S101,SX-7001,SQ,1,1,0,88.66,68.05,2026-02-06,2026-02-09,SHIPPED
SO-10069,5,2026-01-30,CT-1007,RL-BRI,S101,DW-6002,EA,1,1,0,283.26,208.10,2026-02-06,2026-02-09,SHIPPED
SO-10070,1,2026-01-30,CT-1003,RL-JCB,S104,RM-1022,EA,1,1,0,8.30,6.45,2026-02-06,2026-01-31,SHIPPED
SO-10070,2,2026-01-30,CT-1003,RL-JCB,S104,FS-2002,BX,1,1,0,32.46,23.60,2026-02-06,2026-01-31,SHIPPED
SO-10070,3,2026-01-30,CT-1003,RL-JCB,S104,SX-7001,SQ,1,1,0,88.97,68.05,2026-02-06,2026-01-31,SHIPPED
SO-10070,4,2026-01-30,CT-1003,RL-JCB,S104,DW-6001,EA,1,1,0,88.95,64.10,2026-02-06,2026-01-31,SHIPPED
SO-10071,1,2026-01-30,CT-1006,RL-BRI,S102,TL-9001,EA,2,2,0,6.07,4.50,2026-02-01,2026-02-02,SHIPPED
SO-10071,2,2026-01-30,CT-1006,RL-BRI,S102,SX-7001,SQ,1,1,0,85.23,68.05,2026-02-01,2026-02-02,SHIPPED
SO-10071,3,2026-01-30,CT-1006,RL-BRI,S102,CM-3002,BG,2,2,0,5.25,3.90,2026-02-01,2026-02-02,SHIPPED
SO-10072,1,2026-01-30,BL-3001,RL-BRI,S102,RM-1002,EA,4,4,0,6.28,4.95,2026-02-02,2026-02-06,SHIPPED
SO-10072,2,2026-01-30,BL-3001,RL-BRI,S102,RF-4010,RL,1,1,0,26.29,21.50,2026-02-02,2026-02-06,SHIPPED
SO-10072,3,2026-01-30,BL-3001,RL-BRI,S102,DW-6002,EA,1,1,0,260.64,208.10,2026-02-02,2026-02-06,SHIPPED
SO-10073,1,2026-01-31,RT-2003,RL-KPT,S001,TL-9001,EA,1,0,1,6.25,4.50,2026-02-06,,CANCELLED
SO-10073,2,2026-01-31,RT-2003,RL-KPT,S001,PT-5011,BG,1,0,1,18.40,13.25,2026-02-06,,CANCELLED
SO-10073,3,2026-01-31,RT-2003,RL-KPT,S001,RF-4001,BNDL,2,0,2,38.75,27.90,2026-02-06,,CANCELLED
SO-10073,4,2026-01-31,RT-2003,RL-KPT,S001,PT-5002,EA,1,0,1,32.90,23.70,2026-02-06,,CANCELLED
SO-10073,5,2026-01-31,RT-2003,RL-KPT,S001,PT-5002,EA,1,0,1,32.90,23.70,2026-02-06,,CANCELLED
SO-10074,1,2026-01-31,RT-2001,RL-JCB,S001,FS-2011,EA,1,1,0,48.50,34.90,2026-02-07,2026-02-03,SHIPPED
SO-10074,2,2026-01-31,RT-2001,RL-JCB,S001,TL-9001,EA,1,1,0,6.25,4.50,2026-02-07,2026-02-03,SHIPPED
SO-10074,3,2026-01-31,RT-2001,RL-JCB,S001,RM-1011,EA,1,1,0,24.90,17.95,2026-02-07,2026-02-03,SHIPPED
SO-10075,1,2026-01-31,RT-2001,RL-BRI,S001,TL-9001,EA,1,1,0,6.25,4.50,2026-02-03,2026-02-04,SHIPPED
SO-10076,1,2026-01-31,RT-2002,RL-JCB,S001,SX-7001,SQ,1,1,0,94.50,68.05,2026-02-02,2026-02-04,SHIPPED
SO-10076,2,2026-01-31,RT-2002,RL-JCB,S001,FS-2011,EA,1,1,0,48.50,34.90,2026-02-02,2026-02-04,SHIPPED
SO-10076,3,2026-01-31,RT-2002,RL-JCB,S001,RF-4002,BNDL,1,1,0,52.30,37.65,2026-02-02,2026-02-04,SHIPPED
SO-10077,1,2026-02-02,CT-1007,RL-KPT,S103,RF-4011,RL,1,1,0,100.37,78.85,2026-02-08,2026-02-05,PARTIAL
SO-10077,2,2026-02-02,CT-1007,RL-KPT,S103,SX-7001,SQ,1,1,0,93.27,68.05,2026-02-08,2026-02-05,PARTIAL
SO-10077,3,2026-02-02,CT-1007,RL-KPT,S103,PT-5002,EA,1,1,0,31.71,23.70,2026-02-08,2026-02-05,PARTIAL
SO-10078,1,2026-02-02,CT-1001,RL-BRI,S102,SX-7001,SQ,1,1,0,88.51,68.05,2026-02-06,2026-02-03,SHIPPED
SO-10078,2,2026-02-02,CT-1001,RL-BRI,S102,PT-5011,BG,1,1,0,17.39,13.25,2026-02-06,2026-02-03,SHIPPED
SO-10078,3,2026-02-02,CT-1001,RL-BRI,S102,PT-5010,EA,2,2,0,12.06,9.05,2026-02-06,2026-02-03,SHIPPED
SO-10078,4,2026-02-02,CT-1001,RL-BRI,S102,PT-5010,EA,2,2,0,11.65,9.05,2026-02-06,2026-02-03,SHIPPED
SO-10078,5,2026-02-02,CT-1001,RL-BRI,S102,RM-1022,EA,1,1,0,8.52,6.45,2026-02-06,2026-02-03,SHIPPED
SO-10079,1,2026-02-03,CT-1002,RL-BRI,S102,FS-2001,BX,2,2,0,28.21,20.60,2026-02-10,2026-02-07,SHIPPED
SO-10079,2,2026-02-03,CT-1002,RL-BRI,S102,SX-7001,SQ,1,1,0,94.19,68.05,2026-02-10,2026-02-07,SHIPPED
SO-10079,3,2026-02-03,CT-1002,RL-BRI,S102,RF-4020,LF,4,4,0,2.24,1.69,2026-02-10,2026-02-07,SHIPPED
SO-10079,4,2026-02-03,CT-1002,RL-BRI,S102,RF-4010,RL,1,1,0,29.04,21.50,2026-02-10,2026-02-07,SHIPPED
SO-10080,1,2026-02-03,CT-1003,RL-JCB,S104,PT-5010,EA,1,1,0,11.50,9.05,2026-02-05,2026-02-10,SHIPPED
SO-10080,2,2026-02-03,CT-1003,RL-JCB,S104,RM-1020,EA,1,1,0,5.44,4.05,2026-02-05,2026-02-10,SHIPPED
SO-10081,1,2026-02-03,CT-1008,RL-KPT,S105,PT-5002,EA,1,1,0,31.42,23.70,2026-02-09,2026-02-04,SHIPPED
SO-10082,1,2026-02-03,BL-3002,RL-BRI,S101,FS-2002,BX,1,1,0,30.61,23.60,2026-02-08,2026-02-04,PARTIAL
SO-10082,2,2026-02-03,BL-3002,RL-BRI,S101,CM-3010,BG,1,1,0,12.02,9.30,2026-02-08,2026-02-04,PARTIAL
SO-10082,3,2026-02-03,BL-3002,RL-BRI,S101,RM-1020,EA,1,1,0,5.06,4.05,2026-02-08,2026-02-04,PARTIAL
SO-10082,4,2026-02-03,BL-3002,RL-BRI,S101,FS-2001,BX,1,1,0,24.72,20.60,2026-02-08,2026-02-04,PARTIAL
SO-10082,5,2026-02-03,BL-3002,RL-BRI,S101,FS-2010,EA,5,3,0,1.62,1.33,2026-02-08,2026-02-04,PARTIAL
SO-10083,1,2026-02-04,BL-3002,RL-BRI,S101,DW-6002,EA,1,1,0,261.15,208.10,2026-02-06,2026-02-07,SHIPPED
SO-10084,1,2026-02-04,CT-1005,RL-KPT,S105,DW-6002,EA,1,1,0,277.63,208.10,2026-02-08,2026-02-08,PARTIAL
SO-10084,2,2026-02-04,CT-1005,RL-KPT,S105,RF-4020,LF,4,2,0,2.35,1.69,2026-02-08,2026-02-08,PARTIAL
SO-10084,3,2026-02-04,CT-1005,RL-KPT,S105,PT-5002,EA,1,1,0,30.83,23.70,2026-02-08,2026-02-08,PARTIAL
SO-10084,4,2026-02-04,CT-1005,RL-KPT,S105,RM-1021,EA,1,1,0,36.05,28.10,2026-02-08,2026-02-08,PARTIAL
SO-10085,1,2026-02-04,CT-1004,RL-BRI,S101,RF-4020,LF,2,2,0,2.35,1.69,2026-02-08,2026-02-06,SHIPPED
SO-10085,2,2026-02-04,CT-1004,RL-BRI,S101,SX-7010,EA,1,1,0,13.35,10.65,2026-02-08,2026-02-06,SHIPPED
SO-10085,3,2026-02-04,CT-1004,RL-BRI,S101,DW-6001,EA,1,1,0,82.01,64.10,2026-02-08,2026-02-06,SHIPPED
SO-10085,4,2026-02-04,CT-1004,RL-BRI,S101,PT-5002,EA,1,1,0,31.58,23.70,2026-02-08,2026-02-06,SHIPPED
SO-10086,1,2026-02-04,CT-1008,RL-BRI,S101,PT-5010,EA,1,1,0,11.80,9.05,2026-02-06,2026-02-07,SHIPPED
SO-10086,2,2026-02-04,CT-1008,RL-BRI,S101,RF-4010,RL,1,1,0,29.20,21.50,2026-02-06,2026-02-07,SHIPPED
SO-10086,3,2026-02-04,CT-1008,RL-BRI,S101,RF-4002,BNDL,1,1,0,50.27,37.65,2026-02-06,2026-02-07,SHIPPED
SO-10086,4,2026-02-04,CT-1008,RL-BRI,S101,FS-2001,BX,2,2,0,27.92,20.60,2026-02-06,2026-02-07,SHIPPED
SO-10087,1,2026-02-05,BL-3001,RL-JCB,S104,TL-9001,EA,1,1,0,5.82,4.50,2026-02-08,2026-02-11,SHIPPED
SO-10087,2,2026-02-05,BL-3001,RL-JCB,S104,FS-2001,BX,1,1,0,24.88,20.60,2026-02-08,2026-02-11,SHIPPED
SO-10087,3,2026-02-05,BL-3001,RL-JCB,S104,RF-4011,RL,1,1,0,98.64,78.85,2026-02-08,2026-02-11,SHIPPED
SO-10087,4,2026-02-05,BL-3001,RL-JCB,S104,TL-9002,EA,1,1,0,8.23,6.40,2026-02-08,2026-02-11,SHIPPED
SO-10087,5,2026-02-05,BL-3001,RL-JCB,S104,PT-5010,EA,1,1,0,11.26,9.05,2026-02-08,2026-02-11,SHIPPED
SO-10088,1,2026-02-05,CT-1005,RL-JCB,S104,TL-9001,EA,1,1,0,6.01,4.50,2026-02-11,2026-02-07,SHIPPED
SO-10088,2,2026-02-05,CT-1005,RL-JCB,S104,PT-5011,BG,1,1,0,16.62,13.25,2026-02-11,2026-02-07,SHIPPED
SO-10088,3,2026-02-05,CT-1005,RL-JCB,S104,RM-1022,EA,1,1,0,8.43,6.45,2026-02-11,2026-02-07,SHIPPED
SO-10088,4,2026-02-05,CT-1005,RL-JCB,S104,DW-6002,EA,1,1,0,282.50,208.10,2026-02-11,2026-02-07,SHIPPED
SO-10089,1,2026-02-05,CT-1008,RL-JCB,S104,RF-4020,LF,3,3,0,2.24,1.69,2026-02-12,2026-02-09,SHIPPED
SO-10089,2,2026-02-05,CT-1008,RL-JCB,S104,PT-5002,EA,1,1,0,31.85,23.70,2026-02-12,2026-02-09,SHIPPED
SO-10090,1,2026-02-06,CT-1005,RL-KPT,S103,CM-3002,BG,2,2,0,5.12,3.90,2026-02-09,2026-02-09,SHIPPED
SO-10090,2,2026-02-06,CT-1005,RL-KPT,S103,RF-4002,BNDL,1,1,0,49.91,37.65,2026-02-09,2026-02-09,SHIPPED
SO-10090,3,2026-02-06,CT-1005,RL-KPT,S103,DW-6001,EA,1,1,0,87.26,64.10,2026-02-09,2026-02-09,SHIPPED
SO-10091,1,2026-02-06,CT-1005,RL-BRI,S101,RF-4002,BNDL,1,1,0,47.79,37.65,2026-02-10,2026-02-08,SHIPPED
SO-10091,2,2026-02-06,CT-1005,RL-BRI,S101,CM-3020,EA,1,1,0,13.58,10.25,2026-02-10,2026-02-08,SHIPPED
SO-10091,3,2026-02-06,CT-1005,RL-BRI,S101,CM-3010,BG,1,1,0,12.54,9.30,2026-02-10,2026-02-08,SHIPPED
SO-10091,4,2026-02-06,CT-1005,RL-BRI,S101,RM-1021,EA,1,1,0,38.76,28.10,2026-02-10,2026-02-08,SHIPPED
SO-10092,1,2026-02-06,CT-1003,RL-BRI,S102,RM-1020,EA,2,2,0,5.45,4.05,2026-02-11,2026-02-09,SHIPPED
SO-10092,2,2026-02-06,CT-1003,RL-BRI,S102,RM-1003,EA,2,2,0,11.27,8.25,2026-02-11,2026-02-09,SHIPPED
SO-10093,1,2026-02-06,CT-1003,RL-JCB,S104,RM-1001,EA,3,3,0,3.95,2.86,2026-02-11,2026-02-09,SHIPPED
SO-10093,2,2026-02-06,CT-1003,RL-JCB,S104,PT-5001,EA,1,1,0,42.71,32.20,2026-02-11,2026-02-09,SHIPPED
SO-10093,3,2026-02-06,CT-1003,RL-JCB,S104,TL-9002,EA,1,1,0,8.46,6.40,2026-02-11,2026-02-09,SHIPPED
SO-10093,4,2026-02-06,CT-1003,RL-JCB,S104,RF-4002,BNDL,1,1,0,47.92,37.65,2026-02-11,2026-02-09,SHIPPED
SO-10094,1,2026-02-07,RT-2003,RL-BRI,S001,DW-6001,EA,1,1,0,89.00,64.10,2026-02-14,2026-02-09,SHIPPED
SO-10094,2,2026-02-07,RT-2003,RL-BRI,S001,RM-1020,EA,1,1,0,5.60,4.05,2026-02-14,2026-02-09,SHIPPED
SO-10094,3,2026-02-07,RT-2003,RL-BRI,S001,FS-2001,BX,1,1,0,28.50,20.60,2026-02-14,2026-02-09,SHIPPED
SO-10095,1,2026-02-07,RT-2002,RL-BRI,S001,PT-5010,EA,3,2,0,12.60,9.05,2026-02-11,2026-02-08,SHIPPED
SO-10095,2,2026-02-07,RT-2002,RL-BRI,S001,RF-4011,RL,1,1,0,109.50,78.85,2026-02-11,2026-02-08,SHIPPED
SO-10095,3,2026-02-07,RT-2002,RL-BRI,S001,RF-4011,RL,1,1,0,109.50,78.85,2026-02-11,2026-02-08,SHIPPED
SO-10096,1,2026-02-07,RT-2002,RL-KPT,S001,TL-9001,EA,2,2,0,6.25,4.50,2026-02-10,2026-02-10,SHIPPED
SO-10096,2,2026-02-07,RT-2002,RL-KPT,S001,CM-3002,BG,2,2,0,5.40,3.90,2026-02-10,2026-02-10,SHIPPED
SO-10097,1,2026-02-07,RT-2001,RL-KPT,S001,CM-3001,BG,3,3,0,6.85,4.95,2026-02-13,2026-02-08,SHIPPED
SO-10097,2,2026-02-07,RT-2001,RL-KPT,S001,RF-4020,LF,4,4,0,2.35,1.69,2026-02-13,2026-02-08,SHIPPED
SO-10097,3,2026-02-07,RT-2001,RL-KPT,S001,CM-3002,BG,2,2,0,5.40,3.90,2026-02-13,2026-02-08,SHIPPED
SO-10098,1,2026-02-07,RT-2002,RL-JCB,S001,RF-4011,RL,1,1,0,109.50,78.85,2026-02-12,2026-02-08,SHIPPED
SO-10098,2,2026-02-07,RT-2002,RL-JCB,S001,RM-1001,EA,5,5,0,3.98,2.86,2026-02-12,2026-02-08,SHIPPED
SO-10099,1,2026-02-09,CT-1007,RL-BRI,S101,RM-1003,EA,1,1,0,10.41,8.25,2026-02-15,2026-02-13,PARTIAL
SO-10100,1,2026-02-09,CT-1007,RL-BRI,S102,PT-5002,EA,1,1,0,30.90,23.70,2026-02-14,2026-02-11,SHIPPED
SO-10100,2,2026-02-09,CT-1007,RL-BRI,S102,FS-2001,BX,1,1,0,25.66,20.60,2026-02-14,2026-02-11,SHIPPED
SO-10100,3,2026-02-09,CT-1007,RL-BRI,S102,RM-1002,EA,6,6,0,6.66,4.95,2026-02-14,2026-02-11,SHIPPED
SO-10100,4,2026-02-09,CT-1007,RL-BRI,S102,DW-6010,EA,1,1,0,288.52,224.60,2026-02-14,2026-02-11,SHIPPED
SO-10101,1,2026-02-10,CT-1003,RL-BRI,S101,RM-1011,EA,1,1,0,24.16,17.95,2026-02-12,2026-02-11,SHIPPED
SO-10101,2,2026-02-10,CT-1003,RL-BRI,S101,RM-1010,EA,2,1,0,17.89,13.50,2026-02-12,2026-02-11,SHIPPED
SO-10101,3,2026-02-10,CT-1003,RL-BRI,S101,RM-1010,EA,2,2,0,17.31,13.50,2026-02-12,2026-02-11,SHIPPED
SO-10101,4,2026-02-10,CT-1003,RL-BRI,S101,RF-4020,LF,4,4,0,2.31,1.69,2026-02-12,2026-02-11,SHIPPED
SO-10102,1,2026-02-10,CT-1004,RL-BRI,S101,FS-2011,EA,1,1,0,46.05,34.90,2026-02-17,2026-02-11,SHIPPED
SO-10102,2,2026-02-10,CT-1004,RL-BRI,S101,PT-5002,EA,1,1,0,32.20,23.70,2026-02-17,2026-02-11,SHIPPED
SO-10102,3,2026-02-10,CT-1004,RL-BRI,S101,RF-4020,LF,4,4,0,2.19,1.69,2026-02-17,2026-02-11,SHIPPED
SO-10102,4,2026-02-10,CT-1004,RL-BRI,S101,FS-2011,EA,1,1,0,47.77,34.90,2026-02-17,2026-02-11,SHIPPED
SO-10102,5,2026-02-10,CT-1004,RL-BRI,S101,RF-4011,RL,1,1,0,103.62,78.85,2026-02-17,2026-02-11,SHIPPED
SO-10103,1,2026-02-10,CT-1001,RL-KPT,S105,RM-1020,EA,2,2,0,5.09,4.05,2026-02-16,2026-02-12,SHIPPED
SO-10103,2,2026-02-10,CT-1001,RL-KPT,S105,CM-3001,BG,1,1,0,6.58,4.95,2026-02-16,2026-02-12,SHIPPED
SO-10103,3,2026-02-10,CT-1001,RL-KPT,S105,RM-1003,EA,2,2,0,11.13,8.25,2026-02-16,2026-02-12,SHIPPED
SO-10103,4,2026-02-10,CT-1001,RL-KPT,S105,CM-3002,BG,1,1,0,5.04,3.90,2026-02-16,2026-02-12,SHIPPED
SO-10103,5,2026-02-10,CT-1001,RL-KPT,S105,RM-1001,EA,3,3,0,3.88,2.86,2026-02-16,2026-02-12,SHIPPED
SO-10104,1,2026-02-11,CT-1008,RL-JCB,S104,PT-5002,EA,1,1,0,32.51,23.70,2026-02-16,2026-02-15,SHIPPED
SO-10104,2,2026-02-11,CT-1008,RL-JCB,S104,SX-7010,EA,1,1,0,14.01,10.65,2026-02-16,2026-02-15,SHIPPED
SO-10105,1,2026-02-11,CT-1006,RL-JCB,S104,DW-6002,EA,1,1,0,266.75,208.10,2026-02-15,2026-02-20,SHIPPED
SO-10105,2,2026-02-11,CT-1006,RL-JCB,S104,CM-3020,EA,1,1,0,13.80,10.25,2026-02-15,2026-02-20,SHIPPED
SO-10105,3,2026-02-11,CT-1006,RL-JCB,S104,RF-4001,BNDL,2,2,0,37.68,27.90,2026-02-15,2026-02-20,SHIPPED
SO-10105,4,2026-02-11,CT-1006,RL-JCB,S104,TL-9002,EA,1,1,0,8.32,6.40,2026-02-15,2026-02-20,SHIPPED
SO-10106,1,2026-02-11,CT-1003,RL-KPT,S105,RM-1011,EA,2,2,0,24.31,17.95,2026-02-14,2026-02-12,SHIPPED
SO-10106,2,2026-02-11,CT-1003,RL-KPT,S105,DW-6002,EA,1,1,0,262.06,208.10,2026-02-14,2026-02-12,SHIPPED
SO-10106,3,2026-02-11,CT-1003,RL-KPT,S105,FS-2002,BX,1,1,0,30.70,23.60,2026-02-14,2026-02-12,SHIPPED
SO-10106,4,2026-02-11,CT-1003,RL-KPT,S105,TL-9001,EA,2,1,0,5.88,4.50,2026-02-14,2026-02-12,SHIPPED
SO-10106,5,2026-02-11,CT-1003,RL-KPT,S105,RM-1002,EA,3,3,0,6.83,4.95,2026-02-14,2026-02-12,SHIPPED
SO-10107,1,2026-02-11,CT-1001,RL-KPT,S105,RF-4001,BNDL,3,3,0,36.41,27.90,2026-02-14,2026-02-13,SHIPPED
SO-10108,1,2026-02-12,CT-1007,RL-KPT,S103,RM-1003,EA,1,1,0,10.89,8.25,2026-02-19,2026-02-13,SHIPPED
SO-10108,2,2026-02-12,CT-1007,RL-KPT,S103,RM-1010,EA,3,3,0,17.03,13.50,2026-02-19,2026-02-13,SHIPPED
SO-10109,1,2026-02-12,CT-1007,RL-KPT,S105,TL-9001,EA,1,1,0,6.05,4.50,2026-02-18,2026-02-14,SHIPPED
SO-10110,1,2026-02-12,CT-1005,RL-JCB,S104,CM-3002,BG,1,0,1,5.27,3.90,2026-02-15,,CANCELLED
SO-10110,2,2026-02-12,CT-1005,RL-JCB,S104,DW-6001,EA,1,0,1,82.76,64.10,2026-02-15,,CANCELLED
SO-10110,3,2026-02-12,CT-1005,RL-JCB,S104,CM-3020,EA,1,0,1,14.04,10.25,2026-02-15,,CANCELLED
SO-10111,1,2026-02-13,BL-3001,RL-BRI,S101,CM-3010,BG,1,1,0,11.89,9.30,2026-02-20,2026-02-14,SHIPPED
SO-10112,1,2026-02-13,BL-3002,RL-BRI,S102,PT-5011,BG,1,1,0,16.80,13.25,2026-02-15,2026-02-15,SHIPPED
SO-10112,2,2026-02-13,BL-3002,RL-BRI,S102,RM-1020,EA,2,2,0,4.93,4.05,2026-02-15,2026-02-15,SHIPPED
SO-10112,3,2026-02-13,BL-3002,RL-BRI,S102,RM-1011,EA,1,1,0,22.83,17.95,2026-02-15,2026-02-15,SHIPPED
SO-10113,1,2026-02-13,CT-1003,RL-KPT,S105,RF-4002,BNDL,1,1,0,49.32,37.65,2026-02-17,2026-02-17,SHIPPED
SO-10114,1,2026-02-13,BL-3001,RL-KPT,S105,RM-1001,EA,4,4,0,3.45,2.86,2026-02-15,2026-02-16,SHIPPED
SO-10115,1,2026-02-14,RT-2001,RL-KPT,S001,RF-4002,BNDL,1,1,0,52.30,37.65,2026-02-17,2026-02-21,SHIPPED
SO-10115,2,2026-02-14,RT-2001,RL-KPT,S001,RM-1011,EA,1,1,0,24.90,17.95,2026-02-17,2026-02-21,SHIPPED
SO-10116,1,2026-02-14,RT-2002,RL-KPT,S001,PT-5011,BG,1,1,0,18.40,13.25,2026-02-17,2026-02-18,SHIPPED
SO-10116,2,2026-02-14,RT-2002,RL-KPT,S001,PT-5001,EA,1,1,0,44.75,32.20,2026-02-17,2026-02-18,SHIPPED
SO-10116,3,2026-02-14,RT-2002,RL-KPT,S001,FS-2001,BX,1,1,0,28.50,20.60,2026-02-17,2026-02-18,SHIPPED
SO-10116,4,2026-02-14,RT-2002,RL-KPT,S001,CM-3001,BG,3,3,0,6.85,4.95,2026-02-17,2026-02-18,SHIPPED
SO-10117,1,2026-02-14,RT-2002,RL-BRI,S001,DW-6001,EA,1,1,0,89.00,64.10,2026-02-21,2026-02-17,SHIPPED
SO-10117,2,2026-02-14,RT-2002,RL-BRI,S001,CM-3001,BG,4,4,0,6.85,4.95,2026-02-21,2026-02-17,SHIPPED
SO-10117,3,2026-02-14,RT-2002,RL-BRI,S001,RM-1002,EA,6,6,0,6.85,4.95,2026-02-21,2026-02-17,SHIPPED
SO-10117,4,2026-02-14,RT-2002,RL-BRI,S001,CM-3002,BG,1,1,0,5.40,3.90,2026-02-21,2026-02-17,SHIPPED
SO-10118,1,2026-02-16,CT-1002,RL-JCB,S104,DW-6010,EA,1,1,0,311.71,224.60,2026-02-23,2026-02-19,SHIPPED
SO-10118,2,2026-02-16,CT-1002,RL-JCB,S104,TL-9001,EA,1,1,0,6.20,4.50,2026-02-23,2026-02-19,SHIPPED
SO-10118,3,2026-02-16,CT-1002,RL-JCB,S104,DW-6002,EA,1,1,0,270.49,208.10,2026-02-23,2026-02-19,SHIPPED
SO-10118,4,2026-02-16,CT-1002,RL-JCB,S104,RM-1020,EA,1,1,0,5.41,4.05,2026-02-23,2026-02-19,SHIPPED
SO-10119,1,2026-02-16,CT-1003,RL-KPT,S103,RM-1021,EA,1,1,0,37.03,28.10,2026-02-22,2026-02-20,SHIPPED
SO-10119,2,2026-02-16,CT-1003,RL-KPT,S103,CM-3010,BG,1,1,0,12.61,9.30,2026-02-22,2026-02-20,SHIPPED
SO-10119,3,2026-02-16,CT-1003,RL-KPT,S103,FS-2002,BX,1,1,0,30.84,23.60,2026-02-22,2026-02-20,SHIPPED
SO-10119,4,2026-02-16,CT-1003,RL-KPT,S103,RM-1020,EA,1,1,0,5.12,4.05,2026-02-22,2026-02-20,SHIPPED
SO-10120,1,2026-02-16,CT-1005,RL-BRI,S101,RF-4020,LF,1,1,0,2.28,1.69,2026-02-22,2026-02-20,PARTIAL
SO-10120,2,2026-02-16,CT-1005,RL-BRI,S101,RM-1002,EA,6,4,0,6.63,4.95,2026-02-22,2026-02-20,PARTIAL
SO-10120,3,2026-02-16,CT-1005,RL-BRI,S101,FS-2010,EA,7,5,0,1.76,1.33,2026-02-22,2026-02-20,PARTIAL
SO-10120,4,2026-02-16,CT-1005,RL-BRI,S101,FS-2010,EA,3,2,0,1.75,1.33,2026-02-22,2026-02-20,PARTIAL
SO-10121,1,2026-02-16,CT-1007,RL-KPT,S103,DW-6010,EA,1,1,0,287.22,224.60,2026-02-23,2026-02-18,SHIPPED
SO-10121,2,2026-02-16,CT-1007,RL-KPT,S103,RM-1011,EA,2,2,0,23.75,17.95,2026-02-23,2026-02-18,SHIPPED
SO-10121,3,2026-02-16,CT-1007,RL-KPT,S103,PT-5010,EA,1,1,0,11.67,9.05,2026-02-23,2026-02-18,SHIPPED
SO-10121,4,2026-02-16,CT-1007,RL-KPT,S103,TL-9002,EA,1,1,0,8.54,6.40,2026-02-23,2026-02-18,SHIPPED
SO-10122,1,2026-02-17,CT-1007,RL-KPT,S105,RM-1020,EA,1,1,0,5.17,4.05,2026-02-21,2026-02-20,SHIPPED
SO-10122,2,2026-02-17,CT-1007,RL-KPT,S105,RM-1022,EA,1,1,0,8.51,6.45,2026-02-21,2026-02-20,SHIPPED
SO-10122,3,2026-02-17,CT-1007,RL-KPT,S105,DW-6002,EA,1,1,0,272.33,208.10,2026-02-21,2026-02-20,SHIPPED
SO-10122,4,2026-02-17,CT-1007,RL-KPT,S105,TL-9002,EA,1,1,0,8.58,6.40,2026-02-21,2026-02-20,SHIPPED
SO-10123,1,2026-02-17,CT-1003,RL-KPT,S105,RM-1001,EA,5,5,0,3.73,2.86,2026-02-21,2026-02-18,SHIPPED
SO-10123,2,2026-02-17,CT-1003,RL-KPT,S105,TL-9002,EA,1,1,0,8.64,6.40,2026-02-21,2026-02-18,SHIPPED
SO-10124,1,2026-02-17,CT-1008,RL-KPT,S103,RF-4010,RL,1,1,0,29.13,21.50,2026-02-23,2026-02-18,SHIPPED
SO-10125,1,2026-02-17,CT-1008,RL-KPT,S103,RM-1003,EA,2,2,0,10.51,8.25,2026-02-23,2026-02-20,SHIPPED
SO-10126,1,2026-02-18,CT-1002,RL-KPT,S103,RM-1022,EA,2,2,0,8.78,6.45,2026-02-22,2026-02-19,SHIPPED
SO-10127,1,2026-02-18,BL-3002,RL-KPT,S105,PT-5002,EA,1,1,0,28.74,23.70,2026-02-21,2026-02-20,SHIPPED
SO-10127,2,2026-02-18,BL-3002,RL-KPT,S105,RF-4010,RL,1,1,0,27.77,21.50,2026-02-21,2026-02-20,SHIPPED
SO-10127,3,2026-02-18,BL-3002,RL-KPT,S105,RM-1021,EA,1,1,0,34.73,28.10,2026-02-21,2026-02-20,SHIPPED
SO-10127,4,2026-02-18,BL-3002,RL-KPT,S105,RM-1010,EA,4,4,0,16.32,13.50,2026-02-21,2026-02-20,SHIPPED
SO-10127,5,2026-02-18,BL-3002,RL-KPT,S105,FS-2001,BX,1,1,0,26.40,20.60,2026-02-21,2026-02-20,SHIPPED
SO-10128,1,2026-02-18,CT-1007,RL-KPT,S105,DW-6001,EA,1,1,0,88.43,64.10,2026-02-25,2026-02-19,PARTIAL
SO-10128,2,2026-02-18,CT-1007,RL-KPT,S105,PT-5010,EA,1,1,0,12.07,9.05,2026-02-25,2026-02-19,PARTIAL
SO-10128,3,2026-02-18,CT-1007,RL-KPT,S105,RM-1020,EA,1,1,0,5.41,4.05,2026-02-25,2026-02-19,PARTIAL
SO-10128,4,2026-02-18,CT-1007,RL-KPT,S105,PT-5002,EA,1,1,0,30.92,23.70,2026-02-25,2026-02-19,PARTIAL
SO-10129,1,2026-02-19,CT-1004,RL-KPT,S105,RM-1010,EA,1,1,0,18.44,13.50,2026-02-23,2026-02-23,SHIPPED
SO-10129,2,2026-02-19,CT-1004,RL-KPT,S105,RM-1002,EA,2,2,0,6.47,4.95,2026-02-23,2026-02-23,SHIPPED
SO-10129,3,2026-02-19,CT-1004,RL-KPT,S105,RM-1001,EA,8,8,0,3.98,2.86,2026-02-23,2026-02-23,SHIPPED
SO-10130,1,2026-02-19,CT-1003,RL-JCB,S104,FS-2010,EA,1,1,0,1.80,1.33,2026-02-22,2026-02-20,SHIPPED
SO-10130,2,2026-02-19,CT-1003,RL-JCB,S104,CM-3010,BG,1,1,0,11.73,9.30,2026-02-22,2026-02-20,SHIPPED
SO-10130,3,2026-02-19,CT-1003,RL-JCB,S104,CM-3002,BG,1,1,0,4.98,3.90,2026-02-22,2026-02-20,SHIPPED
SO-10131,1,2026-02-19,CT-1008,RL-BRI,S102,RM-1021,EA,1,1,0,36.17,28.10,2026-02-21,2026-02-21,SHIPPED
SO-10131,2,2026-02-19,CT-1008,RL-BRI,S102,PT-5011,BG,1,1,0,16.80,13.25,2026-02-21,2026-02-21,SHIPPED
SO-10131,3,2026-02-19,CT-1008,RL-BRI,S102,FS-2002,BX,1,1,0,31.47,23.60,2026-02-21,2026-02-21,SHIPPED
SO-10131,4,2026-02-19,CT-1008,RL-BRI,S102,FS-2010,EA,4,4,0,1.78,1.33,2026-02-21,2026-02-21,SHIPPED
SO-10132,1,2026-02-20,CT-1007,RL-KPT,S105,PT-5011,BG,1,1,0,18.02,13.25,2026-02-23,2026-02-21,SHIPPED
SO-10133,1,2026-02-20,CT-1004,RL-BRI,S101,RM-1002,EA,6,6,0,6.37,4.95,2026-02-23,2026-02-23,SHIPPED
SO-10133,2,2026-02-20,CT-1004,RL-BRI,S101,CM-3001,BG,5,5,0,6.20,4.95,2026-02-23,2026-02-23,SHIPPED
SO-10133,3,2026-02-20,CT-1004,RL-BRI,S101,CM-3020,EA,1,1,0,13.54,10.25,2026-02-23,2026-02-23,SHIPPED
SO-10133,4,2026-02-20,CT-1004,RL-BRI,S101,RM-1011,EA,2,2,0,24.87,17.95,2026-02-23,2026-02-23,SHIPPED
SO-10133,5,2026-02-20,CT-1004,RL-BRI,S101,RF-4020,LF,2,2,0,2.25,1.69,2026-02-23,2026-02-23,SHIPPED
SO-10134,1,2026-02-21,RT-2001,RL-JCB,S001,RM-1003,EA,1,1,0,11.40,8.25,2026-02-23,2026-02-23,PARTIAL
SO-10135,1,2026-02-21,RT-2002,RL-KPT,S001,RF-4011,RL,1,1,0,109.50,78.85,2026-02-27,2026-02-23,SHIPPED
SO-10135,2,2026-02-21,RT-2002,RL-KPT,S001,FS-2002,BX,1,1,0,32.75,23.60,2026-02-27,2026-02-23,SHIPPED
SO-10135,3,2026-02-21,RT-2002,RL-KPT,S001,RM-1011,EA,1,1,0,24.90,17.95,2026-02-27,2026-02-23,SHIPPED
SO-10135,4,2026-02-21,RT-2002,RL-KPT,S001,CM-3020,EA,1,1,0,14.25,10.25,2026-02-27,2026-02-23,SHIPPED
SO-10136,1,2026-02-21,RT-2002,RL-KPT,S001,FS-2001,BX,1,1,0,28.50,20.60,2026-02-23,2026-02-23,SHIPPED
SO-10136,2,2026-02-21,RT-2002,RL-KPT,S001,PT-5002,EA,1,1,0,32.90,23.70,2026-02-23,2026-02-23,SHIPPED
SO-10136,3,2026-02-21,RT-2002,RL-KPT,S001,RF-4001,BNDL,1,1,0,38.75,27.90,2026-02-23,2026-02-23,SHIPPED
SO-10137,1,2026-02-21,RT-2002,RL-KPT,S001,RM-1011,EA,1,1,0,24.90,17.95,2026-02-23,2026-02-22,SHIPPED
SO-10138,1,2026-02-23,CT-1008,RL-JCB,S104,CM-3010,BG,1,1,0,12.72,9.30,2026-02-27,2026-02-24,PARTIAL
SO-10138,2,2026-02-23,CT-1008,RL-JCB,S104,RM-1001,EA,2,1,0,3.73,2.86,2026-02-27,2026-02-24,PARTIAL
SO-10139,1,2026-02-23,CT-1003,RL-BRI,S101,RM-1011,EA,2,2,0,24.09,17.95,2026-03-01,2026-02-26,SHIPPED
SO-10139,2,2026-02-23,CT-1003,RL-BRI,S101,RM-1010,EA,2,2,0,18.72,13.50,2026-03-01,2026-02-26,SHIPPED
SO-10139,3,2026-02-23,CT-1003,RL-BRI,S101,DW-6001,EA,1,1,0,82.61,64.10,2026-03-01,2026-02-26,SHIPPED
SO-10139,4,2026-02-23,CT-1003,RL-BRI,S101,RF-4011,RL,1,1,0,98.64,78.85,2026-03-01,2026-02-26,SHIPPED
SO-10140,1,2026-02-24,CT-1005,RL-KPT,S105,CM-3001,BG,3,3,0,6.71,4.95,2026-03-03,2026-02-28,SHIPPED
SO-10140,2,2026-02-24,CT-1005,RL-KPT,S105,FS-2002,BX,1,1,0,30.24,23.60,2026-03-03,2026-02-28,SHIPPED
SO-10140,3,2026-02-24,CT-1005,RL-KPT,S105,PT-5002,EA,1,1,0,29.64,23.70,2026-03-03,2026-02-28,SHIPPED
SO-10140,4,2026-02-24,CT-1005,RL-KPT,S105,PT-5001,EA,1,1,0,44.07,32.20,2026-03-03,2026-02-28,SHIPPED
SO-10140,5,2026-02-24,CT-1005,RL-KPT,S105,RF-4011,RL,1,1,0,101.16,78.85,2026-03-03,2026-02-28,SHIPPED
SO-10141,1,2026-02-24,CT-1008,RL-JCB,S104,PT-5010,EA,1,1,0,12.07,9.05,2026-03-03,2026-02-28,SHIPPED
SO-10141,2,2026-02-24,CT-1008,RL-JCB,S104,FS-2001,BX,1,1,0,27.34,20.60,2026-03-03,2026-02-28,SHIPPED
SO-10141,3,2026-02-24,CT-1008,RL-JCB,S104,RM-1010,EA,1,1,0,17.32,13.50,2026-03-03,2026-02-28,SHIPPED
SO-10142,1,2026-02-25,CT-1006,RL-JCB,S104,FS-2001,BX,1,1,0,26.09,20.60,2026-03-04,2026-02-26,SHIPPED
SO-10142,2,2026-02-25,CT-1006,RL-JCB,S104,FS-2010,EA,2,2,0,1.69,1.33,2026-03-04,2026-02-26,SHIPPED
SO-10142,3,2026-02-25,CT-1006,RL-JCB,S104,PT-5002,EA,1,1,0,30.62,23.70,2026-03-04,2026-02-26,SHIPPED
SO-10143,1,2026-02-25,CT-1005,RL-JCB,S104,RF-4020,LF,1,1,0,2.34,1.69,2026-02-28,2026-02-26,SHIPPED
SO-10143,2,2026-02-25,CT-1005,RL-JCB,S104,DW-6001,EA,1,1,0,82.42,64.10,2026-02-28,2026-02-26,SHIPPED
SO-10143,3,2026-02-25,CT-1005,RL-JCB,S104,FS-2011,EA,1,1,0,45.84,34.90,2026-02-28,2026-02-26,SHIPPED
SO-10144,1,2026-02-25,BL-3001,RL-BRI,S102,FS-2001,BX,1,1,0,26.07,20.60,2026-02-27,2026-02-27,PARTIAL
SO-10144,2,2026-02-25,BL-3001,RL-BRI,S102,RM-1020,EA,2,1,0,5.18,4.05,2026-02-27,2026-02-27,PARTIAL
SO-10145,1,2026-02-26,CT-1002,RL-BRI,S102,SX-7010,EA,1,1,0,13.96,10.65,2026-03-01,2026-03-01,SHIPPED
SO-10146,1,2026-02-26,CT-1007,RL-KPT,S105,SX-7001,SQ,1,1,0,87.37,68.05,2026-03-05,2026-02-28,SHIPPED
SO-10146,2,2026-02-26,CT-1007,RL-KPT,S105,RF-4010,RL,1,1,0,28.34,21.50,2026-03-05,2026-02-28,SHIPPED
SO-10146,3,2026-02-26,CT-1007,RL-KPT,S105,RM-1020,EA,1,1,0,5.15,4.05,2026-03-05,2026-02-28,SHIPPED
SO-10146,4,2026-02-26,CT-1007,RL-KPT,S105,CM-3020,EA,1,1,0,13.96,10.25,2026-03-05,2026-02-28,SHIPPED
SO-10147,1,2026-02-27,CT-1006,RL-KPT,S105,CM-3010,BG,1,1,0,11.97,9.30,2026-03-03,2026-03-08,SHIPPED
SO-10147,2,2026-02-27,CT-1006,RL-KPT,S105,TL-9001,EA,1,1,0,6.25,4.50,2026-03-03,2026-03-08,SHIPPED
SO-10147,3,2026-02-27,CT-1006,RL-KPT,S105,FS-2010,EA,2,2,0,1.71,1.33,2026-03-03,2026-03-08,SHIPPED
SO-10147,4,2026-02-27,CT-1006,RL-KPT,S105,RM-1010,EA,3,3,0,17.95,13.50,2026-03-03,2026-03-08,SHIPPED
SO-10147,5,2026-02-27,CT-1006,RL-KPT,S105,PT-5011,BG,1,1,0,18.12,13.25,2026-03-03,2026-03-08,SHIPPED
SO-10148,1,2026-02-27,CT-1003,RL-BRI,S102,FS-2002,BX,1,1,0,32.71,23.60,2026-03-06,2026-03-02,PARTIAL
SO-10148,2,2026-02-27,CT-1003,RL-BRI,S102,TL-9002,EA,1,1,0,8.04,6.40,2026-03-06,2026-03-02,PARTIAL
SO-10148,3,2026-02-27,CT-1003,RL-BRI,S102,RM-1010,EA,2,1,0,17.86,13.50,2026-03-06,2026-03-02,PARTIAL
SO-10149,1,2026-02-27,CT-1001,RL-BRI,S101,FS-2002,BX,2,2,0,32.29,23.60,2026-03-02,2026-03-04,SHIPPED
SO-10149,2,2026-02-27,CT-1001,RL-BRI,S101,RM-1011,EA,2,2,0,23.40,17.95,2026-03-02,2026-03-04,SHIPPED
SO-10149,3,2026-02-27,CT-1001,RL-BRI,S101,RM-1021,EA,1,1,0,38.81,28.10,2026-03-02,2026-03-04,SHIPPED
SO-10150,1,2026-02-28,RT-2002,RL-KPT,S001,FS-2011,EA,1,1,0,48.50,34.90,2026-03-03,2026-03-03,SHIPPED
SO-10150,2,2026-02-28,RT-2002,RL-KPT,S001,RF-4010,RL,1,1,0,29.90,21.50,2026-03-03,2026-03-03,SHIPPED
SO-10150,3,2026-02-28,RT-2002,RL-KPT,S001,DW-6001,EA,1,1,0,89.00,64.10,2026-03-03,2026-03-03,SHIPPED
SO-10150,4,2026-02-28,RT-2002,RL-KPT,S001,RM-1003,EA,1,1,0,11.40,8.25,2026-03-03,2026-03-03,SHIPPED
SO-10150,5,2026-02-28,RT-2002,RL-KPT,S001,CM-3010,BG,1,1,0,12.90,9.30,2026-03-03,2026-03-03,SHIPPED
SO-10151,1,2026-02-28,RT-2002,RL-KPT,S001,PT-5001,EA,1,1,0,44.75,32.20,2026-03-03,2026-03-01,SHIPPED
SO-10151,2,2026-02-28,RT-2002,RL-KPT,S001,CM-3020,EA,1,1,0,14.25,10.25,2026-03-03,2026-03-01,SHIPPED
SO-10151,3,2026-02-28,RT-2002,RL-KPT,S001,RM-1021,EA,1,1,0,38.90,28.10,2026-03-03,2026-03-01,SHIPPED
SO-10152,1,2026-02-28,RT-2001,RL-JCB,S001,CM-3010,BG,1,1,0,12.90,9.30,2026-03-05,2026-03-04,SHIPPED
SO-10152,2,2026-02-28,RT-2001,RL-JCB,S001,RM-1003,EA,1,1,0,11.40,8.25,2026-03-05,2026-03-04,SHIPPED
SO-10152,3,2026-02-28,RT-2001,RL-JCB,S001,RM-1021,EA,1,1,0,38.90,28.10,2026-03-05,2026-03-04,SHIPPED
SO-10152,4,2026-02-28,RT-2001,RL-JCB,S001,PT-5011,BG,1,1,0,18.40,13.25,2026-03-05,2026-03-04,SHIPPED
SO-10153,1,2026-02-28,RT-2001,RL-BRI,S001,DW-6010,EA,1,1,0,312.00,224.60,2026-03-06,2026-03-02,SHIPPED
SO-10153,2,2026-02-28,RT-2001,RL-BRI,S001,CM-3002,BG,3,3,0,5.40,3.90,2026-03-06,2026-03-02,SHIPPED
SO-10153,3,2026-02-28,RT-2001,RL-BRI,S001,RF-4001,BNDL,3,3,0,38.75,27.90,2026-03-06,2026-03-02,SHIPPED
SO-10153,4,2026-02-28,RT-2001,RL-BRI,S001,RM-1021,EA,1,1,0,38.90,28.10,2026-03-06,2026-03-02,SHIPPED
SO-10154,1,2026-02-28,RT-2001,RL-BRI,S001,RM-1002,EA,3,3,0,6.85,4.95,2026-03-02,2026-03-04,SHIPPED
SO-10154,2,2026-02-28,RT-2001,RL-BRI,S001,RM-1020,EA,1,1,0,5.60,4.05,2026-03-02,2026-03-04,SHIPPED
SO-10154,3,2026-02-28,RT-2001,RL-BRI,S001,DW-6001,EA,1,1,0,89.00,64.10,2026-03-02,2026-03-04,SHIPPED
SO-10154,4,2026-02-28,RT-2001,RL-BRI,S001,RF-4001,BNDL,1,1,0,38.75,27.90,2026-03-02,2026-03-04,SHIPPED
SO-10155,1,2026-03-02,CT-1006,RL-JCB,S104,SX-7001,SQ,1,0,1,87.19,68.05,2026-03-05,,CANCELLED
SO-10155,2,2026-03-02,CT-1006,RL-JCB,S104,RF-4002,BNDL,1,0,1,47.86,37.65,2026-03-05,,CANCELLED
SO-10155,3,2026-03-02,CT-1006,RL-JCB,S104,RM-1021,EA,1,0,1,36.35,28.10,2026-03-05,,CANCELLED
SO-10155,4,2026-03-02,CT-1006,RL-JCB,S104,DW-6002,EA,1,0,1,277.14,208.10,2026-03-05,,CANCELLED
SO-10156,1,2026-03-02,BL-3001,RL-BRI,S102,CM-3020,EA,1,1,0,13.28,10.25,2026-03-08,2026-03-06,SHIPPED
SO-10156,2,2026-03-02,BL-3001,RL-BRI,S102,RM-1003,EA,2,2,0,10.53,8.25,2026-03-08,2026-03-06,SHIPPED
SO-10156,3,2026-03-02,BL-3001,RL-BRI,S102,FS-2002,BX,1,1,0,28.62,23.60,2026-03-08,2026-03-06,SHIPPED
SO-10156,4,2026-03-02,BL-3001,RL-BRI,S102,FS-2010,EA,8,8,0,1.61,1.33,2026-03-08,2026-03-06,SHIPPED
SO-10157,1,2026-03-03,CT-1002,RL-JCB,S104,DW-6001,EA,1,1,0,84.73,64.10,2026-03-06,2026-03-11,SHIPPED
SO-10157,2,2026-03-03,CT-1002,RL-JCB,S104,RM-1001,EA,6,6,0,3.79,2.86,2026-03-06,2026-03-11,SHIPPED
SO-10158,1,2026-03-03,CT-1007,RL-BRI,S101,RM-1021,EA,1,1,0,38.43,28.10,2026-03-06,2026-03-04,SHIPPED
SO-10158,2,2026-03-03,CT-1007,RL-BRI,S101,DW-6002,EA,1,1,0,276.63,208.10,2026-03-06,2026-03-04,SHIPPED
SO-10158,3,2026-03-03,CT-1007,RL-BRI,S101,TL-9001,EA,1,1,0,5.71,4.50,2026-03-06,2026-03-04,SHIPPED
SO-10158,4,2026-03-03,CT-1007,RL-BRI,S101,DW-6001,EA,1,1,0,83.05,64.10,2026-03-06,2026-03-04,SHIPPED
SO-10158,5,2026-03-03,CT-1007,RL-BRI,S101,CM-3020,EA,1,1,0,13.21,10.25,2026-03-06,2026-03-04,SHIPPED
SO-10159,1,2026-03-03,CT-1006,RL-BRI,S102,CM-3010,BG,1,1,0,12.18,9.30,2026-03-07,2026-03-04,SHIPPED
SO-10159,2,2026-03-03,CT-1006,RL-BRI,S102,RF-4020,LF,3,3,0,2.27,1.69,2026-03-07,2026-03-04,SHIPPED
SO-10159,3,2026-03-03,CT-1006,RL-BRI,S102,CM-3001,BG,4,4,0,6.44,4.95,2026-03-07,2026-03-04,SHIPPED
SO-10160,1,2026-03-04,BL-3001,RL-JCB,S104,RM-1002,EA,2,2,0,6.00,4.95,2026-03-10,2026-03-08,SHIPPED
SO-10160,2,2026-03-04,BL-3001,RL-JCB,S104,RM-1010,EA,1,1,0,17.50,13.50,2026-03-10,2026-03-08,SHIPPED
SO-10161,1,2026-03-04,CT-1004,RL-BRI,S102,TL-9002,EA,2,2,0,8.78,6.40,2026-03-10,2026-03-05,SHIPPED
SO-10161,2,2026-03-04,CT-1004,RL-BRI,S102,PT-5002,EA,1,1,0,30.46,23.70,2026-03-10,2026-03-05,SHIPPED
SO-10161,3,2026-03-04,CT-1004,RL-BRI,S102,RM-1020,EA,1,1,0,5.13,4.05,2026-03-10,2026-03-05,SHIPPED
SO-10161,4,2026-03-04,CT-1004,RL-BRI,S102,CM-3002,BG,3,3,0,5.23,3.90,2026-03-10,2026-03-05,SHIPPED
SO-10162,1,2026-03-04,CT-1005,RL-KPT,S103,RM-1001,EA,4,4,0,3.96,2.86,2026-03-11,2026-03-06,SHIPPED
SO-10163,1,2026-03-05,CT-1005,RL-BRI,S102,RM-1001,EA,8,8,0,3.92,2.86,2026-03-09,2026-03-09,SHIPPED
SO-10163,2,2026-03-05,CT-1005,RL-BRI,S102,PT-5010,EA,3,3,0,11.70,9.05,2026-03-09,2026-03-09,SHIPPED
SO-10163,3,2026-03-05,CT-1005,RL-BRI,S102,RM-1021,EA,1,1,0,36.09,28.10,2026-03-09,2026-03-09,SHIPPED
SO-10163,4,2026-03-05,CT-1005,RL-BRI,S102,RF-4020,LF,6,6,0,2.28,1.69,2026-03-09,2026-03-09,SHIPPED
SO-10164,1,2026-03-05,CT-1005,RL-BRI,S101,TL-9002,EA,2,2,0,8.38,6.40,2026-03-07,2026-03-07,SHIPPED
SO-10164,2,2026-03-05,CT-1005,RL-BRI,S101,PT-5011,BG,1,1,0,18.39,13.25,2026-03-07,2026-03-07,SHIPPED
SO-10164,3,2026-03-05,CT-1005,RL-BRI,S101,CM-3001,BG,3,3,0,6.64,4.95,2026-03-07,2026-03-07,SHIPPED
SO-10164,4,2026-03-05,CT-1005,RL-BRI,S101,TL-9001,EA,3,3,0,5.94,4.50,2026-03-07,2026-03-07,SHIPPED
SO-10164,5,2026-03-05,CT-1005,RL-BRI,S101,FS-2010,EA,7,7,0,1.70,1.33,2026-03-07,2026-03-07,SHIPPED
SO-10165,1,2026-03-05,CT-1002,RL-KPT,S105,CM-3010,BG,1,1,0,12.01,9.30,2026-03-12,2026-03-08,SHIPPED
SO-10165,2,2026-03-05,CT-1002,RL-KPT,S105,PT-5001,EA,1,1,0,42.35,32.20,2026-03-12,2026-03-08,SHIPPED
SO-10165,3,2026-03-05,CT-1002,RL-KPT,S105,RM-1022,EA,2,2,0,8.58,6.45,2026-03-12,2026-03-08,SHIPPED
SO-10165,4,2026-03-05,CT-1002,RL-KPT,S105,RM-1011,EA,2,2,0,22.71,17.95,2026-03-12,2026-03-08,SHIPPED
SO-10165,5,2026-03-05,CT-1002,RL-KPT,S105,PT-5011,BG,1,1,0,18.16,13.25,2026-03-12,2026-03-08,SHIPPED
SO-10166,1,2026-03-05,CT-1003,RL-BRI,S101,FS-2011,EA,1,1,0,46.71,34.90,2026-03-09,2026-03-09,SHIPPED
SO-10166,2,2026-03-05,CT-1003,RL-BRI,S101,FS-2011,EA,1,1,0,44.67,34.90,2026-03-09,2026-03-09,SHIPPED
SO-10166,3,2026-03-05,CT-1003,RL-BRI,S101,FS-2010,EA,6,6,0,1.81,1.33,2026-03-09,2026-03-09,SHIPPED
SO-10166,4,2026-03-05,CT-1003,RL-BRI,S101,RM-1020,EA,1,1,0,5.28,4.05,2026-03-09,2026-03-09,SHIPPED
SO-10167,1,2026-03-06,CT-1008,RL-BRI,S101,CM-3001,BG,2,2,0,6.32,4.95,2026-03-12,2026-03-09,SHIPPED
SO-10167,2,2026-03-06,CT-1008,RL-BRI,S101,PT-5002,EA,1,1,0,31.27,23.70,2026-03-12,2026-03-09,SHIPPED
SO-10168,1,2026-03-06,CT-1005,RL-BRI,S101,FS-2001,BX,1,1,0,26.67,20.60,2026-03-10,2026-03-09,SHIPPED
SO-10168,2,2026-03-06,CT-1005,RL-BRI,S101,CM-3001,BG,2,2,0,6.72,4.95,2026-03-10,2026-03-09,SHIPPED
SO-10168,3,2026-03-06,CT-1005,RL-BRI,S101,RM-1002,EA,3,3,0,6.25,4.95,2026-03-10,2026-03-09,SHIPPED
SO-10169,1,2026-03-06,CT-1001,RL-KPT,S103,RF-4001,BNDL,3,3,0,37.18,27.90,2026-03-08,2026-03-10,SHIPPED
SO-10169,2,2026-03-06,CT-1001,RL-KPT,S103,RM-1010,EA,3,3,0,16.91,13.50,2026-03-08,2026-03-10,SHIPPED
SO-10169,3,2026-03-06,CT-1001,RL-KPT,S103,RM-1022,EA,2,2,0,8.54,6.45,2026-03-08,2026-03-10,SHIPPED
SO-10170,1,2026-03-07,RT-2001,RL-KPT,S001,FS-2001,BX,1,1,0,28.50,20.60,2026-03-14,2026-03-10,SHIPPED
SO-10171,1,2026-03-07,RT-2003,RL-BRI,S001,CM-3001,BG,3,3,0,6.85,4.95,2026-03-09,2026-03-10,SHIPPED
SO-10172,1,2026-03-07,RT-2003,RL-KPT,S001,RM-1022,EA,3,2,0,8.95,6.45,2026-03-10,2026-03-08,PARTIAL
SO-10172,2,2026-03-07,RT-2003,RL-KPT,S001,FS-2002,BX,2,2,0,32.75,23.60,2026-03-10,2026-03-08,PARTIAL
SO-10172,3,2026-03-07,RT-2003,RL-KPT,S001,RM-1011,EA,2,1,0,24.90,17.95,2026-03-10,2026-03-08,PARTIAL
SO-10172,4,2026-03-07,RT-2003,RL-KPT,S001,RF-4001,BNDL,3,2,0,38.75,27.90,2026-03-10,2026-03-08,PARTIAL
SO-10173,1,2026-03-07,RT-2002,RL-KPT,S001,RF-4020,LF,3,3,0,2.35,1.69,2026-03-09,2026-03-10,SHIPPED
SO-10173,2,2026-03-07,RT-2002,RL-KPT,S001,RM-1003,EA,1,1,0,11.40,8.25,2026-03-09,2026-03-10,SHIPPED
SO-10174,1,2026-03-07,RT-2002,RL-BRI,S001,FS-2011,EA,1,1,0,48.50,34.90,2026-03-12,2026-03-10,SHIPPED
SO-10174,2,2026-03-07,RT-2002,RL-BRI,S001,SX-7010,EA,1,1,0,14.80,10.65,2026-03-12,2026-03-10,SHIPPED
SO-10174,3,2026-03-07,RT-2002,RL-BRI,S001,TL-9001,EA,3,3,0,6.25,4.50,2026-03-12,2026-03-10,SHIPPED
SO-10174,4,2026-03-07,RT-2002,RL-BRI,S001,FS-2010,EA,3,3,0,1.85,1.33,2026-03-12,2026-03-10,SHIPPED
SO-10174,5,2026-03-07,RT-2002,RL-BRI,S001,RM-1010,EA,6,6,0,18.75,13.50,2026-03-12,2026-03-10,SHIPPED
SO-10175,1,2026-03-09,CT-1007,RL-JCB,S104,FS-2001,BX,1,1,0,28.18,20.60,2026-03-15,2026-03-12,SHIPPED
SO-10175,2,2026-03-09,CT-1007,RL-JCB,S104,SX-7001,SQ,1,1,0,88.02,68.05,2026-03-15,2026-03-12,SHIPPED
SO-10175,3,2026-03-09,CT-1007,RL-JCB,S104,CM-3010,BG,1,1,0,12.05,9.30,2026-03-15,2026-03-12,SHIPPED
SO-10175,4,2026-03-09,CT-1007,RL-JCB,S104,RM-1021,EA,1,1,0,36.88,28.10,2026-03-15,2026-03-12,SHIPPED
SO-10176,1,2026-03-09,CT-1007,RL-BRI,S101,RM-1011,EA,3,3,0,23.23,17.95,2026-03-11,2026-03-13,SHIPPED
SO-10176,2,2026-03-09,CT-1007,RL-BRI,S101,RF-4002,BNDL,1,1,0,50.43,37.65,2026-03-11,2026-03-13,SHIPPED
SO-10177,1,2026-03-10,CT-1004,RL-BRI,S102,TL-9002,EA,2,1,0,8.04,6.40,2026-03-16,2026-03-13,SHIPPED
SO-10177,2,2026-03-10,CT-1004,RL-BRI,S102,RM-1001,EA,11,11,0,3.97,2.86,2026-03-16,2026-03-13,SHIPPED
SO-10177,3,2026-03-10,CT-1004,RL-BRI,S102,RF-4011,RL,1,1,0,105.72,78.85,2026-03-16,2026-03-13,SHIPPED
SO-10177,4,2026-03-10,CT-1004,RL-BRI,S102,SX-7010,EA,1,1,0,13.40,10.65,2026-03-16,2026-03-13,SHIPPED
SO-10178,1,2026-03-10,CT-1004,RL-JCB,S104,RM-1022,EA,1,1,0,8.06,6.45,2026-03-16,2026-03-13,SHIPPED
SO-10178,2,2026-03-10,CT-1004,RL-JCB,S104,PT-5002,EA,1,1,0,30.57,23.70,2026-03-16,2026-03-13,SHIPPED
SO-10178,3,2026-03-10,CT-1004,RL-JCB,S104,PT-5010,EA,2,1,0,11.52,9.05,2026-03-16,2026-03-13,SHIPPED
SO-10178,4,2026-03-10,CT-1004,RL-JCB,S104,DW-6002,EA,1,1,0,265.52,208.10,2026-03-16,2026-03-13,SHIPPED
SO-10178,5,2026-03-10,CT-1004,RL-JCB,S104,DW-6001,EA,1,1,0,81.80,64.10,2026-03-16,2026-03-13,SHIPPED
SO-10179,1,2026-03-10,CT-1006,RL-BRI,S102,FS-2001,BX,2,2,0,27.23,20.60,2026-03-12,2026-03-14,SHIPPED
SO-10179,2,2026-03-10,CT-1006,RL-BRI,S102,DW-6010,EA,1,1,0,296.66,224.60,2026-03-12,2026-03-14,SHIPPED
SO-10179,3,2026-03-10,CT-1006,RL-BRI,S102,FS-2011,EA,1,1,0,47.60,34.90,2026-03-12,2026-03-14,SHIPPED
SO-10179,4,2026-03-10,CT-1006,RL-BRI,S102,RM-1021,EA,1,1,0,38.44,28.10,2026-03-12,2026-03-14,SHIPPED
SO-10179,5,2026-03-10,CT-1006,RL-BRI,S102,PT-5011,BG,1,1,0,17.83,13.25,2026-03-12,2026-03-14,SHIPPED
SO-10180,1,2026-03-11,CT-1005,RL-BRI,S102,RF-4020,LF,5,5,0,2.26,1.69,2026-03-15,2026-03-14,SHIPPED
SO-10180,2,2026-03-11,CT-1005,RL-BRI,S102,CM-3001,BG,3,3,0,6.64,4.95,2026-03-15,2026-03-14,SHIPPED
SO-10180,3,2026-03-11,CT-1005,RL-BRI,S102,FS-2001,BX,2,2,0,28.38,20.60,2026-03-15,2026-03-14,SHIPPED
SO-10180,4,2026-03-11,CT-1005,RL-BRI,S102,RF-4020,LF,5,5,0,2.25,1.69,2026-03-15,2026-03-14,SHIPPED
SO-10181,1,2026-03-11,BL-3002,RL-KPT,S105,RM-1002,EA,3,2,0,6.04,4.95,2026-03-18,2026-03-12,SHIPPED
SO-10181,2,2026-03-11,BL-3002,RL-KPT,S105,FS-2010,EA,6,6,0,1.61,1.33,2026-03-18,2026-03-12,SHIPPED
SO-10181,3,2026-03-11,BL-3002,RL-KPT,S105,RM-1010,EA,3,3,0,17.26,13.50,2026-03-18,2026-03-12,SHIPPED
SO-10181,4,2026-03-11,BL-3002,RL-KPT,S105,RM-1003,EA,1,1,0,10.37,8.25,2026-03-18,2026-03-12,SHIPPED
SO-10181,5,2026-03-11,BL-3002,RL-KPT,S105,CM-3010,BG,1,1,0,11.34,9.30,2026-03-18,2026-03-12,SHIPPED
SO-10182,1,2026-03-12,CT-1005,RL-KPT,S103,RM-1010,EA,1,1,0,18.04,13.50,2026-03-17,2026-03-15,SHIPPED
SO-10182,2,2026-03-12,CT-1005,RL-KPT,S103,SX-7001,SQ,1,1,0,91.71,68.05,2026-03-17,2026-03-15,SHIPPED
SO-10182,3,2026-03-12,CT-1005,RL-KPT,S103,PT-5010,EA,2,2,0,12.10,9.05,2026-03-17,2026-03-15,SHIPPED
SO-10182,4,2026-03-12,CT-1005,RL-KPT,S103,CM-3001,BG,2,2,0,6.63,4.95,2026-03-17,2026-03-15,SHIPPED
SO-10183,1,2026-03-12,CT-1003,RL-JCB,S104,RF-4001,BNDL,1,1,0,38.51,27.90,2026-03-17,2026-03-14,SHIPPED
SO-10184,1,2026-03-12,CT-1001,RL-BRI,S102,PT-5002,EA,1,1,0,31.34,23.70,2026-03-18,2026-03-15,SHIPPED
SO-10185,1,2026-03-12,CT-1003,RL-KPT,S103,CM-3002,BG,2,1,0,5.02,3.90,2026-03-17,2026-03-14,PARTIAL
SO-10185,2,2026-03-12,CT-1003,RL-KPT,S103,TL-9001,EA,3,2,0,6.24,4.50,2026-03-17,2026-03-14,PARTIAL
SO-10185,3,2026-03-12,CT-1003,RL-KPT,S103,RM-1001,EA,3,2,0,3.68,2.86,2026-03-17,2026-03-14,PARTIAL
SO-10185,4,2026-03-12,CT-1003,RL-KPT,S103,CM-3020,EA,1,1,0,13.28,10.25,2026-03-17,2026-03-14,PARTIAL
SO-10185,5,2026-03-12,CT-1003,RL-KPT,S103,RM-1022,EA,2,1,0,8.31,6.45,2026-03-17,2026-03-14,PARTIAL
SO-10186,1,2026-03-13,CT-1006,RL-KPT,S105,RM-1021,EA,1,1,0,37.10,28.10,2026-03-18,2026-03-16,SHIPPED
SO-10187,1,2026-03-13,CT-1001,RL-KPT,S103,DW-6010,EA,1,1,0,304.10,224.60,2026-03-20,2026-03-14,SHIPPED
SO-10187,2,2026-03-13,CT-1001,RL-KPT,S103,FS-2002,BX,1,1,0,29.60,23.60,2026-03-20,2026-03-14,SHIPPED
SO-10188,1,2026-03-13,CT-1002,RL-BRI,S102,SX-7001,SQ,1,1,0,85.21,68.05,2026-03-19,2026-03-16,SHIPPED
SO-10189,1,2026-03-13,CT-1002,RL-KPT,S103,RM-1021,EA,1,1,0,37.37,28.10,2026-03-20,2026-03-16,SHIPPED
SO-10189,2,2026-03-13,CT-1002,RL-KPT,S103,RF-4010,RL,1,1,0,28.09,21.50,2026-03-20,2026-03-16,SHIPPED
SO-10189,3,2026-03-13,CT-1002,RL-KPT,S103,RM-1002,EA,3,3,0,6.26,4.95,2026-03-20,2026-03-16,SHIPPED
SO-10189,4,2026-03-13,CT-1002,RL-KPT,S103,DW-6001,EA,1,1,0,82.73,64.10,2026-03-20,2026-03-16,SHIPPED
SO-10189,5,2026-03-13,CT-1002,RL-KPT,S103,FS-2002,BX,1,1,0,32.64,23.60,2026-03-20,2026-03-16,SHIPPED
SO-10190,1,2026-03-14,RT-2001,RL-KPT,S001,RM-1020,EA,1,1,0,5.60,4.05,2026-03-20,2026-03-18,PARTIAL
SO-10190,2,2026-03-14,RT-2001,RL-KPT,S001,PT-5002,EA,1,1,0,32.90,23.70,2026-03-20,2026-03-18,PARTIAL
SO-10191,1,2026-03-14,RT-2001,RL-BRI,S001,RM-1010,EA,5,5,0,18.75,13.50,2026-03-17,2026-03-16,SHIPPED
SO-10191,2,2026-03-14,RT-2001,RL-BRI,S001,SX-7010,EA,1,1,0,14.80,10.65,2026-03-17,2026-03-16,SHIPPED
SO-10191,3,2026-03-14,RT-2001,RL-BRI,S001,RM-1011,EA,2,2,0,24.90,17.95,2026-03-17,2026-03-16,SHIPPED
SO-10191,4,2026-03-14,RT-2001,RL-BRI,S001,TL-9002,EA,2,2,0,8.90,6.40,2026-03-17,2026-03-16,SHIPPED
SO-10191,5,2026-03-14,RT-2001,RL-BRI,S001,CM-3020,EA,1,1,0,14.25,10.25,2026-03-17,2026-03-16,SHIPPED
SO-10192,1,2026-03-14,RT-2002,RL-KPT,S001,PT-5010,EA,3,3,0,12.60,9.05,2026-03-18,2026-03-16,SHIPPED
SO-10192,2,2026-03-14,RT-2002,RL-KPT,S001,FS-2010,EA,1,1,0,1.85,1.33,2026-03-18,2026-03-16,SHIPPED
SO-10192,3,2026-03-14,RT-2002,RL-KPT,S001,CM-3010,BG,1,1,0,12.90,9.30,2026-03-18,2026-03-16,SHIPPED
SO-10192,4,2026-03-14,RT-2002,RL-KPT,S001,RF-4002,BNDL,1,1,0,52.30,37.65,2026-03-18,2026-03-16,SHIPPED
SO-10192,5,2026-03-14,RT-2002,RL-KPT,S001,PT-5001,EA,1,1,0,44.75,32.20,2026-03-18,2026-03-16,SHIPPED
SO-10193,1,2026-03-14,RT-2002,RL-KPT,S001,FS-2001,BX,1,1,0,28.50,20.60,2026-03-16,2026-03-17,PARTIAL
SO-10193,2,2026-03-14,RT-2002,RL-KPT,S001,RM-1011,EA,2,2,0,24.90,17.95,2026-03-16,2026-03-17,PARTIAL
SO-10194,1,2026-03-16,CT-1001,RL-JCB,S104,FS-2002,BX,1,1,0,32.00,23.60,2026-03-22,2026-03-20,SHIPPED
SO-10194,2,2026-03-16,CT-1001,RL-JCB,S104,RF-4010,RL,1,1,0,27.18,21.50,2026-03-22,2026-03-20,SHIPPED
SO-10195,1,2026-03-16,CT-1006,RL-KPT,S103,FS-2002,BX,1,1,0,30.65,23.60,2026-03-22,2026-03-18,SHIPPED
SO-10195,2,2026-03-16,CT-1006,RL-KPT,S103,CM-3010,BG,1,1,0,11.95,9.30,2026-03-22,2026-03-18,SHIPPED
SO-10196,1,2026-03-16,CT-1004,RL-BRI,S101,RM-1021,EA,1,1,0,38.24,28.10,2026-03-22,2026-03-25,SHIPPED
SO-10196,2,2026-03-16,CT-1004,RL-BRI,S101,RF-4001,BNDL,3,3,0,36.33,27.90,2026-03-22,2026-03-25,SHIPPED
SO-10196,3,2026-03-16,CT-1004,RL-BRI,S101,PT-5011,BG,1,1,0,18.10,13.25,2026-03-22,2026-03-25,SHIPPED
SO-10197,1,2026-03-16,BL-3001,RL-BRI,S101,RM-1001,EA,8,8,0,3.48,2.86,2026-03-22,2026-03-20,SHIPPED
SO-10197,2,2026-03-16,BL-3001,RL-BRI,S101,RM-1011,EA,2,2,0,21.71,17.95,2026-03-22,2026-03-20,SHIPPED
SO-10197,3,2026-03-16,BL-3001,RL-BRI,S101,FS-2010,EA,4,4,0,1.61,1.33,2026-03-22,2026-03-20,SHIPPED
SO-10197,4,2026-03-16,BL-3001,RL-BRI,S101,CM-3010,BG,1,1,0,11.21,9.30,2026-03-22,2026-03-20,SHIPPED
SO-10198,1,2026-03-17,CT-1008,RL-KPT,S103,RM-1003,EA,1,0,1,10.94,8.25,2026-03-24,,CANCELLED
SO-10198,2,2026-03-17,CT-1008,RL-KPT,S103,FS-2001,BX,1,0,1,25.76,20.60,2026-03-24,,CANCELLED
SO-10198,3,2026-03-17,CT-1008,RL-KPT,S103,FS-2002,BX,1,0,1,30.32,23.60,2026-03-24,,CANCELLED
SO-10198,4,2026-03-17,CT-1008,RL-KPT,S103,FS-2011,EA,1,0,1,45.62,34.90,2026-03-24,,CANCELLED
SO-10199,1,2026-03-17,BL-3002,RL-KPT,S105,DW-6002,EA,1,1,0,267.51,208.10,2026-03-19,2026-03-21,SHIPPED
SO-10199,2,2026-03-17,BL-3002,RL-KPT,S105,FS-2011,EA,1,1,0,42.36,34.90,2026-03-19,2026-03-21,SHIPPED
SO-10200,1,2026-03-17,CT-1006,RL-JCB,S104,DW-6002,EA,1,1,0,265.23,208.10,2026-03-20,2026-03-19,PARTIAL
SO-10200,2,2026-03-17,CT-1006,RL-JCB,S104,RM-1003,EA,2,1,0,11.12,8.25,2026-03-20,2026-03-19,PARTIAL
SO-10200,3,2026-03-17,CT-1006,RL-JCB,S104,RM-1020,EA,1,1,0,5.38,4.05,2026-03-20,2026-03-19,PARTIAL
SO-10200,4,2026-03-17,CT-1006,RL-JCB,S104,RM-1001,EA,6,5,0,3.84,2.86,2026-03-20,2026-03-19,PARTIAL
SO-10201,1,2026-03-17,BL-3001,RL-BRI,S101,PT-5011,BG,1,1,0,17.16,13.25,2026-03-24,2026-03-21,SHIPPED
SO-10201,2,2026-03-17,BL-3001,RL-BRI,S101,RM-1021,EA,1,1,0,35.84,28.10,2026-03-24,2026-03-21,SHIPPED
SO-10201,3,2026-03-17,BL-3001,RL-BRI,S101,RM-1020,EA,1,1,0,5.00,4.05,2026-03-24,2026-03-21,SHIPPED
SO-10201,4,2026-03-17,BL-3001,RL-BRI,S101,CM-3001,BG,2,2,0,5.89,4.95,2026-03-24,2026-03-21,SHIPPED
SO-10201,5,2026-03-17,BL-3001,RL-BRI,S101,RM-1022,EA,3,3,0,7.84,6.45,2026-03-24,2026-03-21,SHIPPED
SO-10202,1,2026-03-18,CT-1007,RL-BRI,S101,RF-4002,BNDL,1,1,0,48.14,37.65,2026-03-23,2026-03-22,SHIPPED
SO-10202,2,2026-03-18,CT-1007,RL-BRI,S101,TL-9001,EA,1,1,0,5.93,4.50,2026-03-23,2026-03-22,SHIPPED
SO-10202,3,2026-03-18,CT-1007,RL-BRI,S101,RF-4011,RL,1,1,0,102.91,78.85,2026-03-23,2026-03-22,SHIPPED
SO-10202,4,2026-03-18,CT-1007,RL-BRI,S101,FS-2001,BX,2,2,0,27.78,20.60,2026-03-23,2026-03-22,SHIPPED
SO-10202,5,2026-03-18,CT-1007,RL-BRI,S101,SX-7001,SQ,1,1,0,86.00,68.05,2026-03-23,2026-03-22,SHIPPED
SO-10203,1,2026-03-18,BL-3001,RL-BRI,S102,RM-1001,EA,11,11,0,3.57,2.86,2026-03-24,2026-03-20,SHIPPED
SO-10203,2,2026-03-18,BL-3001,RL-BRI,S102,DW-6010,EA,1,1,0,277.58,224.60,2026-03-24,2026-03-20,SHIPPED
SO-10203,3,2026-03-18,BL-3001,RL-BRI,S102,RM-1003,EA,2,2,0,10.17,8.25,2026-03-24,2026-03-20,SHIPPED
SO-10203,4,2026-03-18,BL-3001,RL-BRI,S102,RF-4010,RL,1,1,0,27.98,21.50,2026-03-24,2026-03-20,SHIPPED
SO-10203,5,2026-03-18,BL-3001,RL-BRI,S102,FS-2011,EA,1,1,0,42.49,34.90,2026-03-24,2026-03-20,SHIPPED
SO-10204,1,2026-03-18,BL-3001,RL-BRI,S101,PT-5010,EA,2,1,0,11.84,9.05,2026-03-24,2026-03-20,SHIPPED
SO-10204,2,2026-03-18,BL-3001,RL-BRI,S101,DW-6001,EA,1,1,0,80.71,64.10,2026-03-24,2026-03-20,SHIPPED
SO-10204,3,2026-03-18,BL-3001,RL-BRI,S101,RM-1001,EA,10,5,0,3.51,2.86,2026-03-24,2026-03-20,SHIPPED
SO-10204,4,2026-03-18,BL-3001,RL-BRI,S101,PT-5002,EA,1,1,0,28.89,23.70,2026-03-24,2026-03-20,SHIPPED
SO-10204,5,2026-03-18,BL-3001,RL-BRI,S101,CM-3001,BG,4,4,0,5.89,4.95,2026-03-24,2026-03-20,SHIPPED
SO-10205,1,2026-03-19,CT-1007,RL-KPT,S103,RF-4001,BNDL,3,3,0,37.06,27.90,2026-03-25,2026-03-22,PARTIAL
SO-10205,2,2026-03-19,CT-1007,RL-KPT,S103,CM-3020,EA,1,1,0,13.48,10.25,2026-03-25,2026-03-22,PARTIAL
SO-10205,3,2026-03-19,CT-1007,RL-KPT,S103,SX-7010,EA,1,1,0,14.03,10.65,2026-03-25,2026-03-22,PARTIAL
SO-10206,1,2026-03-19,CT-1005,RL-BRI,S101,RM-1001,EA,10,10,0,3.70,2.86,2026-03-26,2026-03-22,SHIPPED
SO-10206,2,2026-03-19,CT-1005,RL-BRI,S101,DW-6001,EA,1,1,0,80.78,64.10,2026-03-26,2026-03-22,SHIPPED
SO-10207,1,2026-03-20,CT-1008,RL-BRI,S101,CM-3001,BG,3,3,0,6.35,4.95,2026-03-26,2026-03-22,SHIPPED
SO-10207,2,2026-03-20,CT-1008,RL-BRI,S101,CM-3010,BG,1,1,0,12.41,9.30,2026-03-26,2026-03-22,SHIPPED
SO-10207,3,2026-03-20,CT-1008,RL-BRI,S101,FS-2002,BX,2,2,0,29.73,23.60,2026-03-26,2026-03-22,SHIPPED
SO-10208,1,2026-03-20,CT-1008,RL-KPT,S103,RF-4002,BNDL,1,1,0,47.74,37.65,2026-03-25,2026-03-23,SHIPPED
SO-10208,2,2026-03-20,CT-1008,RL-KPT,S103,DW-6010,EA,1,1,0,296.48,224.60,2026-03-25,2026-03-23,SHIPPED
SO-10208,3,2026-03-20,CT-1008,RL-KPT,S103,DW-6001,EA,1,1,0,84.17,64.10,2026-03-25,2026-03-23,SHIPPED
SO-10209,1,2026-03-21,RT-2002,RL-BRI,S001,RF-4001,BNDL,2,2,0,38.75,27.90,2026-03-23,2026-03-22,SHIPPED
SO-10210,1,2026-03-21,RT-2003,RL-BRI,S001,DW-6001,EA,1,1,0,89.00,64.10,2026-03-24,2026-03-24,SHIPPED
SO-10210,2,2026-03-21,RT-2003,RL-BRI,S001,FS-2001,BX,2,2,0,28.50,20.60,2026-03-24,2026-03-24,SHIPPED
SO-10210,3,2026-03-21,RT-2003,RL-BRI,S001,RM-1021,EA,1,1,0,38.90,28.10,2026-03-24,2026-03-24,SHIPPED
SO-10210,4,2026-03-21,RT-2003,RL-BRI,S001,DW-6010,EA,1,1,0,312.00,224.60,2026-03-24,2026-03-24,SHIPPED
SO-10211,1,2026-03-23,CT-1003,RL-KPT,S103,RF-4011,RL,1,1,0,99.07,78.85,2026-03-26,2026-03-26,SHIPPED
SO-10211,2,2026-03-23,CT-1003,RL-KPT,S103,RM-1021,EA,1,1,0,36.86,28.10,2026-03-26,2026-03-26,SHIPPED
SO-10211,3,2026-03-23,CT-1003,RL-KPT,S103,RM-1021,EA,1,1,0,36.41,28.10,2026-03-26,2026-03-26,SHIPPED
SO-10211,4,2026-03-23,CT-1003,RL-KPT,S103,RF-4001,BNDL,2,2,0,36.24,27.90,2026-03-26,2026-03-26,SHIPPED
SO-10212,1,2026-03-23,BL-3002,RL-BRI,S101,PT-5011,BG,1,1,0,17.23,13.25,2026-03-27,2026-03-27,SHIPPED
SO-10212,2,2026-03-23,BL-3002,RL-BRI,S101,FS-2010,EA,6,6,0,1.65,1.33,2026-03-27,2026-03-27,SHIPPED
SO-10212,3,2026-03-23,BL-3002,RL-BRI,S101,DW-6001,EA,1,1,0,77.69,64.10,2026-03-27,2026-03-27,SHIPPED
SO-10213,1,2026-03-23,CT-1004,RL-BRI,S102,PT-5010,EA,3,3,0,11.91,9.05,2026-03-30,2026-03-27,SHIPPED
SO-10213,2,2026-03-23,CT-1004,RL-BRI,S102,FS-2010,EA,3,2,0,1.79,1.33,2026-03-30,2026-03-27,SHIPPED
SO-10213,3,2026-03-23,CT-1004,RL-BRI,S102,RM-1020,EA,1,1,0,5.09,4.05,2026-03-30,2026-03-27,SHIPPED
SO-10214,1,2026-03-23,CT-1008,RL-KPT,S103,FS-2002,BX,1,1,0,30.75,23.60,2026-03-28,2026-03-26,PARTIAL
SO-10214,2,2026-03-23,CT-1008,RL-KPT,S103,CM-3010,BG,1,1,0,12.42,9.30,2026-03-28,2026-03-26,PARTIAL
SO-10214,3,2026-03-23,CT-1008,RL-KPT,S103,FS-2001,BX,1,1,0,25.75,20.60,2026-03-28,2026-03-26,PARTIAL
SO-10214,4,2026-03-23,CT-1008,RL-KPT,S103,PT-5002,EA,1,1,0,31.18,23.70,2026-03-28,2026-03-26,PARTIAL
SO-10214,5,2026-03-23,CT-1008,RL-KPT,S103,RF-4002,BNDL,1,1,0,52.03,37.65,2026-03-28,2026-03-26,PARTIAL
SO-10215,1,2026-03-24,CT-1003,RL-KPT,S105,TL-9001,EA,2,2,0,5.90,4.50,2026-03-31,2026-03-27,SHIPPED
SO-10215,2,2026-03-24,CT-1003,RL-KPT,S105,PT-5010,EA,2,2,0,11.35,9.05,2026-03-31,2026-03-27,SHIPPED
SO-10215,3,2026-03-24,CT-1003,RL-KPT,S105,FS-2001,BX,1,1,0,25.67,20.60,2026-03-31,2026-03-27,SHIPPED
SO-10215,4,2026-03-24,CT-1003,RL-KPT,S105,TL-9002,EA,2,2,0,8.02,6.40,2026-03-31,2026-03-27,SHIPPED
SO-10215,5,2026-03-24,CT-1003,RL-KPT,S105,DW-6010,EA,1,1,0,305.66,224.60,2026-03-31,2026-03-27,SHIPPED
SO-10216,1,2026-03-24,BL-3001,RL-BRI,S102,CM-3010,BG,1,1,0,11.34,9.30,2026-03-30,2026-03-28,SHIPPED
SO-10216,2,2026-03-24,BL-3001,RL-BRI,S102,RF-4002,BNDL,1,1,0,48.36,37.65,2026-03-30,2026-03-28,SHIPPED
SO-10216,3,2026-03-24,BL-3001,RL-BRI,S102,DW-6002,EA,1,1,0,251.09,208.10,2026-03-30,2026-03-28,SHIPPED
SO-10216,4,2026-03-24,BL-3001,RL-BRI,S102,SX-7010,EA,1,1,0,13.47,10.65,2026-03-30,2026-03-28,SHIPPED
SO-10217,1,2026-03-24,CT-1004,RL-BRI,S101,RM-1021,EA,1,0,1,35.50,28.10,2026-03-26,,CANCELLED
SO-10217,2,2026-03-24,CT-1004,RL-BRI,S101,SX-7001,SQ,1,0,1,87.25,68.05,2026-03-26,,CANCELLED
SO-10217,3,2026-03-24,CT-1004,RL-BRI,S101,FS-2002,BX,1,0,1,30.19,23.60,2026-03-26,,CANCELLED
SO-10217,4,2026-03-24,CT-1004,RL-BRI,S101,DW-6002,EA,1,0,1,283.20,208.10,2026-03-26,,CANCELLED
SO-10217,5,2026-03-24,CT-1004,RL-BRI,S101,PT-5010,EA,2,0,2,12.34,9.05,2026-03-26,,CANCELLED
SO-10218,1,2026-03-24,CT-1006,RL-BRI,S101,FS-2011,EA,1,1,0,47.61,34.90,2026-03-26,2026-03-28,PARTIAL
SO-10218,2,2026-03-24,CT-1006,RL-BRI,S101,RM-1001,EA,4,3,0,3.68,2.86,2026-03-26,2026-03-28,PARTIAL
SO-10218,3,2026-03-24,CT-1006,RL-BRI,S101,SX-7001,SQ,1,1,0,86.93,68.05,2026-03-26,2026-03-28,PARTIAL
SO-10219,1,2026-03-25,CT-1002,RL-KPT,S103,RM-1003,EA,2,2,0,10.40,8.25,2026-03-30,2026-03-28,SHIPPED
SO-10219,2,2026-03-25,CT-1002,RL-KPT,S103,TL-9001,EA,2,2,0,6.18,4.50,2026-03-30,2026-03-28,SHIPPED
SO-10219,3,2026-03-25,CT-1002,RL-KPT,S103,CM-3002,BG,2,2,0,5.09,3.90,2026-03-30,2026-03-28,SHIPPED
SO-10219,4,2026-03-25,CT-1002,RL-KPT,S103,RM-1001,EA,3,3,0,3.63,2.86,2026-03-30,2026-03-28,SHIPPED
SO-10220,1,2026-03-25,CT-1004,RL-BRI,S101,TL-9002,EA,1,1,0,8.84,6.40,2026-03-31,2026-03-26,SHIPPED
SO-10220,2,2026-03-25,CT-1004,RL-BRI,S101,RM-1010,EA,2,2,0,18.19,13.50,2026-03-31,2026-03-26,SHIPPED
SO-10220,3,2026-03-25,CT-1004,RL-BRI,S101,RM-1021,EA,1,1,0,38.83,28.10,2026-03-31,2026-03-26,SHIPPED
SO-10220,4,2026-03-25,CT-1004,RL-BRI,S101,PT-5002,EA,1,1,0,30.24,23.70,2026-03-31,2026-03-26,SHIPPED
SO-10221,1,2026-03-25,CT-1007,RL-BRI,S101,TL-9002,EA,1,1,0,8.32,6.40,2026-03-29,2026-03-28,SHIPPED
SO-10222,1,2026-03-25,CT-1008,RL-BRI,S101,SX-7010,EA,1,1,0,13.88,10.65,2026-03-27,2026-03-28,SHIPPED
SO-10222,2,2026-03-25,CT-1008,RL-BRI,S101,FS-2011,EA,1,1,0,45.42,34.90,2026-03-27,2026-03-28,SHIPPED
SO-10222,3,2026-03-25,CT-1008,RL-BRI,S101,CM-3020,EA,1,1,0,13.99,10.25,2026-03-27,2026-03-28,SHIPPED
SO-10222,4,2026-03-25,CT-1008,RL-BRI,S101,CM-3001,BG,4,4,0,6.54,4.95,2026-03-27,2026-03-28,SHIPPED
SO-10222,5,2026-03-25,CT-1008,RL-BRI,S101,RF-4010,RL,1,1,0,27.24,21.50,2026-03-27,2026-03-28,SHIPPED
SO-10223,1,2026-03-26,CT-1002,RL-BRI,S101,TL-9002,EA,1,1,0,8.24,6.40,2026-03-29,2026-04-02,SHIPPED
SO-10224,1,2026-03-26,CT-1006,RL-BRI,S101,RM-1010,EA,3,3,0,18.54,13.50,2026-03-28,2026-03-27,SHIPPED
SO-10224,2,2026-03-26,CT-1006,RL-BRI,S101,PT-5010,EA,3,2,0,12.01,9.05,2026-03-28,2026-03-27,SHIPPED
SO-10225,1,2026-03-26,CT-1002,RL-JCB,S104,CM-3020,EA,1,1,0,13.62,10.25,2026-03-29,2026-03-30,SHIPPED
SO-10225,2,2026-03-26,CT-1002,RL-JCB,S104,DW-6002,EA,1,1,0,276.76,208.10,2026-03-29,2026-03-30,SHIPPED
SO-10225,3,2026-03-26,CT-1002,RL-JCB,S104,SX-7010,EA,1,1,0,13.47,10.65,2026-03-29,2026-03-30,SHIPPED
SO-10225,4,2026-03-26,CT-1002,RL-JCB,S104,FS-2011,EA,1,1,0,46.84,34.90,2026-03-29,2026-03-30,SHIPPED
SO-10225,5,2026-03-26,CT-1002,RL-JCB,S104,SX-7001,SQ,1,1,0,90.25,68.05,2026-03-29,2026-03-30,SHIPPED
SO-10226,1,2026-03-26,CT-1006,RL-JCB,S104,CM-3002,BG,1,1,0,5.26,3.90,2026-04-02,2026-03-28,SHIPPED
SO-10226,2,2026-03-26,CT-1006,RL-JCB,S104,PT-5010,EA,2,2,0,11.84,9.05,2026-04-02,2026-03-28,SHIPPED
SO-10226,3,2026-03-26,CT-1006,RL-JCB,S104,RM-1003,EA,2,2,0,10.85,8.25,2026-04-02,2026-03-28,SHIPPED
SO-10226,4,2026-03-26,CT-1006,RL-JCB,S104,RF-4011,RL,1,1,0,100.90,78.85,2026-04-02,2026-03-28,SHIPPED
SO-10227,1,2026-03-27,CT-1001,RL-JCB,S104,SX-7010,EA,1,1,0,13.86,10.65,2026-04-02,2026-03-29,SHIPPED
SO-10227,2,2026-03-27,CT-1001,RL-JCB,S104,CM-3020,EA,1,1,0,12.96,10.25,2026-04-02,2026-03-29,SHIPPED
SO-10227,3,2026-03-27,CT-1001,RL-JCB,S104,DW-6001,EA,1,1,0,80.79,64.10,2026-04-02,2026-03-29,SHIPPED
SO-10227,4,2026-03-27,CT-1001,RL-JCB,S104,RF-4020,LF,3,3,0,2.31,1.69,2026-04-02,2026-03-29,SHIPPED
SO-10227,5,2026-03-27,CT-1001,RL-JCB,S104,RM-1021,EA,1,1,0,37.85,28.10,2026-04-02,2026-03-29,SHIPPED
SO-10228,1,2026-03-27,BL-3002,RL-BRI,S101,CM-3010,BG,1,1,0,12.05,9.30,2026-03-31,2026-03-28,SHIPPED
SO-10228,2,2026-03-27,BL-3002,RL-BRI,S101,PT-5011,BG,1,1,0,16.29,13.25,2026-03-31,2026-03-28,SHIPPED
SO-10228,3,2026-03-27,BL-3002,RL-BRI,S101,FS-2002,BX,1,1,0,28.57,23.60,2026-03-31,2026-03-28,SHIPPED
SO-10229,1,2026-03-27,CT-1007,RL-JCB,S104,TL-9001,EA,1,1,0,5.68,4.50,2026-03-30,2026-03-29,SHIPPED
SO-10229,2,2026-03-27,CT-1007,RL-JCB,S104,DW-6010,EA,1,1,0,285.01,224.60,2026-03-30,2026-03-29,SHIPPED
SO-10229,3,2026-03-27,CT-1007,RL-JCB,S104,CM-3001,BG,2,2,0,6.30,4.95,2026-03-30,2026-03-29,SHIPPED
SO-10229,4,2026-03-27,CT-1007,RL-JCB,S104,CM-3020,EA,1,1,0,13.44,10.25,2026-03-30,2026-03-29,SHIPPED
SO-10230,1,2026-03-28,RT-2002,RL-BRI,S001,FS-2010,EA,8,8,0,1.85,1.33,2026-04-01,2026-03-29,SHIPPED
SO-10230,2,2026-03-28,RT-2002,RL-BRI,S001,SX-7001,SQ,1,1,0,94.50,68.05,2026-04-01,2026-03-29,SHIPPED
SO-10231,1,2026-03-28,RT-2001,RL-BRI,S001,CM-3020,EA,2,2,0,14.25,10.25,2026-04-01,2026-03-29,SHIPPED
SO-10231,2,2026-03-28,RT-2001,RL-BRI,S001,RF-4010,RL,1,1,0,29.90,21.50,2026-04-01,2026-03-29,SHIPPED
SO-10232,1,2026-03-30,CT-1005,RL-KPT,S103,FS-2002,BX,1,1,0,30.71,23.60,2026-04-03,2026-04-02,SHIPPED
SO-10232,2,2026-03-30,CT-1005,RL-KPT,S103,RM-1003,EA,1,1,0,11.05,8.25,2026-04-03,2026-04-02,SHIPPED
SO-10233,1,2026-03-30,CT-1005,RL-BRI,S101,RM-1002,EA,4,4,0,6.43,4.95,2026-04-01,2026-04-02,SHIPPED
SO-10233,2,2026-03-30,CT-1005,RL-BRI,S101,PT-5011,BG,1,1,0,18.22,13.25,2026-04-01,2026-04-02,SHIPPED
SO-10233,3,2026-03-30,CT-1005,RL-BRI,S101,TL-9002,EA,2,2,0,8.18,6.40,2026-04-01,2026-04-02,SHIPPED
SO-10233,4,2026-03-30,CT-1005,RL-BRI,S101,SX-7010,EA,1,1,0,13.38,10.65,2026-04-01,2026-04-02,SHIPPED
SO-10234,1,2026-03-31,CT-1005,RL-BRI,S102,PT-5002,EA,1,0,1,30.60,23.70,2026-04-07,,CANCELLED
SO-10234,2,2026-03-31,CT-1005,RL-BRI,S102,RF-4002,BNDL,1,0,1,50.34,37.65,2026-04-07,,CANCELLED
SO-10235,1,2026-03-31,CT-1007,RL-JCB,S104,RM-1020,EA,1,1,0,5.42,4.05,2026-04-06,2026-04-04,SHIPPED
SO-10235,2,2026-03-31,CT-1007,RL-JCB,S104,CM-3010,BG,1,1,0,12.16,9.30,2026-04-06,2026-04-04,SHIPPED
SO-10235,3,2026-03-31,CT-1007,RL-JCB,S104,RF-4011,RL,1,1,0,104.49,78.85,2026-04-06,2026-04-04,SHIPPED
SO-10236,1,2026-03-31,CT-1004,RL-KPT,S103,FS-2002,BX,1,1,0,29.99,23.60,2026-04-03,2026-04-02,SHIPPED
SO-10236,2,2026-03-31,CT-1004,RL-KPT,S103,RM-1011,EA,2,2,0,22.70,17.95,2026-04-03,2026-04-02,SHIPPED
SO-10236,3,2026-03-31,CT-1004,RL-KPT,S103,RF-4020,LF,4,4,0,2.12,1.69,2026-04-03,2026-04-02,SHIPPED
SO-10237,1,2026-03-31,CT-1006,RL-JCB,S104,CM-3001,BG,1,1,0,6.69,4.95,2026-04-05,2026-04-03,SHIPPED
SO-10237,2,2026-03-31,CT-1006,RL-JCB,S104,RF-4002,BNDL,1,1,0,50.19,37.65,2026-04-05,2026-04-03,SHIPPED
SO-10237,3,2026-03-31,CT-1006,RL-JCB,S104,CM-3010,BG,1,1,0,12.50,9.30,2026-04-05,2026-04-03,SHIPPED
SO-10238,1,2026-04-01,CT-1003,RL-KPT,S105,CM-3001,BG,2,2,0,6.83,4.95,2026-04-08,2026-04-05,SHIPPED
SO-10238,2,2026-04-01,CT-1003,RL-KPT,S105,RF-4002,BNDL,1,1,0,50.58,37.65,2026-04-08,2026-04-05,SHIPPED
SO-10238,3,2026-04-01,CT-1003,RL-KPT,S105,CM-3001,BG,5,4,0,6.84,4.95,2026-04-08,2026-04-05,SHIPPED
SO-10239,1,2026-04-01,BL-3002,RL-KPT,S105,DW-6001,EA,1,1,0,80.77,64.10,2026-04-06,2026-04-05,SHIPPED
SO-10239,2,2026-04-01,BL-3002,RL-KPT,S105,RM-1003,EA,2,2,0,10.56,8.25,2026-04-06,2026-04-05,SHIPPED
SO-10240,1,2026-04-01,CT-1001,RL-JCB,S104,RM-1010,EA,1,1,0,18.53,13.50,2026-04-07,2026-04-05,SHIPPED
SO-10240,2,2026-04-01,CT-1001,RL-JCB,S104,RF-4010,RL,1,1,0,28.74,21.50,2026-04-07,2026-04-05,SHIPPED
SO-10240,3,2026-04-01,CT-1001,RL-JCB,S104,RM-1010,EA,3,3,0,17.74,13.50,2026-04-07,2026-04-05,SHIPPED
SO-10240,4,2026-04-01,CT-1001,RL-JCB,S104,SX-7001,SQ,1,1,0,86.75,68.05,2026-04-07,2026-04-05,SHIPPED
SO-10240,5,2026-04-01,CT-1001,RL-JCB,S104,FS-2001,BX,1,1,0,25.72,20.60,2026-04-07,2026-04-05,SHIPPED
SO-10241,1,2026-04-02,BL-3002,RL-JCB,S104,RM-1022,EA,1,1,0,8.15,6.45,2026-04-07,2026-04-04,SHIPPED
SO-10242,1,2026-04-02,CT-1002,RL-KPT,S105,PT-5001,EA,1,1,0,40.95,32.20,2026-04-09,2026-04-11,SHIPPED
SO-10242,2,2026-04-02,CT-1002,RL-KPT,S105,FS-2002,BX,1,1,0,30.85,23.60,2026-04-09,2026-04-11,SHIPPED
SO-10242,3,2026-04-02,CT-1002,RL-KPT,S105,RF-4011,RL,1,1,0,101.71,78.85,2026-04-09,2026-04-11,SHIPPED
SO-10242,4,2026-04-02,CT-1002,RL-KPT,S105,FS-2011,EA,1,1,0,44.63,34.90,2026-04-09,2026-04-11,SHIPPED
SO-10242,5,2026-04-02,CT-1002,RL-KPT,S105,RF-4001,BNDL,1,1,0,36.81,27.90,2026-04-09,2026-04-11,SHIPPED
SO-10243,1,2026-04-02,CT-1001,RL-KPT,S105,RM-1001,EA,5,5,0,3.83,2.86,2026-04-05,2026-04-06,SHIPPED
SO-10243,2,2026-04-02,CT-1001,RL-KPT,S105,CM-3002,BG,1,1,0,5.21,3.90,2026-04-05,2026-04-06,SHIPPED
SO-10244,1,2026-04-03,CT-1003,RL-JCB,S104,RF-4010,RL,1,1,0,28.69,21.50,2026-04-07,2026-04-05,SHIPPED
SO-10245,1,2026-04-03,BL-3001,RL-BRI,S102,RF-4020,LF,4,2,0,2.03,1.69,2026-04-10,2026-04-06,PARTIAL
SO-10245,2,2026-04-03,BL-3001,RL-BRI,S102,DW-6010,EA,1,1,0,280.07,224.60,2026-04-10,2026-04-06,PARTIAL
SO-10245,3,2026-04-03,BL-3001,RL-BRI,S102,RM-1022,EA,4,2,0,8.07,6.45,2026-04-10,2026-04-06,PARTIAL
SO-10245,4,2026-04-03,BL-3001,RL-BRI,S102,CM-3002,BG,3,2,0,4.69,3.90,2026-04-10,2026-04-06,PARTIAL
SO-10245,5,2026-04-03,BL-3001,RL-BRI,S102,RM-1020,EA,2,1,0,5.23,4.05,2026-04-10,2026-04-06,PARTIAL
SO-10246,1,2026-04-04,RT-2002,RL-BRI,S001,TL-9002,EA,2,2,0,8.90,6.40,2026-04-10,2026-04-08,SHIPPED
SO-10246,2,2026-04-04,RT-2002,RL-BRI,S001,CM-3010,BG,1,1,0,12.90,9.30,2026-04-10,2026-04-08,SHIPPED
SO-10246,3,2026-04-04,RT-2002,RL-BRI,S001,RM-1001,EA,5,5,0,3.98,2.86,2026-04-10,2026-04-08,SHIPPED
SO-10246,4,2026-04-04,RT-2002,RL-BRI,S001,RM-1022,EA,4,4,0,8.95,6.45,2026-04-10,2026-04-08,SHIPPED
SO-10246,5,2026-04-04,RT-2002,RL-BRI,S001,DW-6002,EA,1,1,0,289.00,208.10,2026-04-10,2026-04-08,SHIPPED
SO-10247,1,2026-04-04,RT-2003,RL-BRI,S001,RF-4020,LF,6,6,0,2.35,1.69,2026-04-11,2026-04-05,SHIPPED
SO-10247,2,2026-04-04,RT-2003,RL-BRI,S001,PT-5001,EA,1,1,0,44.75,32.20,2026-04-11,2026-04-05,SHIPPED
SO-10248,1,2026-04-04,RT-2001,RL-JCB,S001,RM-1003,EA,1,1,0,11.40,8.25,2026-04-07,2026-04-08,SHIPPED
SO-10248,2,2026-04-04,RT-2001,RL-JCB,S001,SX-7010,EA,1,1,0,14.80,10.65,2026-04-07,2026-04-08,SHIPPED
SO-10248,3,2026-04-04,RT-2001,RL-JCB,S001,PT-5001,EA,1,1,0,44.75,32.20,2026-04-07,2026-04-08,SHIPPED
SO-10249,1,2026-04-04,RT-2001,RL-JCB,S001,PT-5001,EA,1,1,0,44.75,32.20,2026-04-08,2026-04-05,SHIPPED
SO-10249,2,2026-04-04,RT-2001,RL-JCB,S001,PT-5002,EA,1,1,0,32.90,23.70,2026-04-08,2026-04-05,SHIPPED
SO-10249,3,2026-04-04,RT-2001,RL-JCB,S001,RM-1002,EA,2,2,0,6.85,4.95,2026-04-08,2026-04-05,SHIPPED
SO-10249,4,2026-04-04,RT-2001,RL-JCB,S001,FS-2010,EA,4,4,0,1.85,1.33,2026-04-08,2026-04-05,SHIPPED
SO-10249,5,2026-04-04,RT-2001,RL-JCB,S001,RM-1022,EA,3,3,0,8.95,6.45,2026-04-08,2026-04-05,SHIPPED
SO-10250,1,2026-04-06,CT-1006,RL-KPT,S105,RF-4011,RL,1,1,0,99.78,78.85,2026-04-11,2026-04-10,SHIPPED
SO-10251,1,2026-04-06,CT-1001,RL-JCB,S104,TL-9001,EA,2,0,2,5.72,4.50,2026-04-11,,CANCELLED
SO-10251,2,2026-04-06,CT-1001,RL-JCB,S104,PT-5001,EA,1,0,1,43.55,32.20,2026-04-11,,CANCELLED
SO-10251,3,2026-04-06,CT-1001,RL-JCB,S104,RF-4011,RL,1,0,1,100.12,78.85,2026-04-11,,CANCELLED
SO-10251,4,2026-04-06,CT-1001,RL-JCB,S104,RM-1021,EA,1,0,1,38.66,28.10,2026-04-11,,CANCELLED
SO-10251,5,2026-04-06,CT-1001,RL-JCB,S104,FS-2001,BX,1,0,1,25.75,20.60,2026-04-11,,CANCELLED
SO-10252,1,2026-04-06,CT-1007,RL-KPT,S103,RM-1003,EA,1,1,0,11.11,8.25,2026-04-08,2026-04-07,SHIPPED
SO-10252,2,2026-04-06,CT-1007,RL-KPT,S103,RM-1002,EA,5,5,0,6.78,4.95,2026-04-08,2026-04-07,SHIPPED
SO-10252,3,2026-04-06,CT-1007,RL-KPT,S103,RF-4020,LF,2,2,0,2.24,1.69,2026-04-08,2026-04-07,SHIPPED
SO-10253,1,2026-04-06,CT-1008,RL-KPT,S105,CM-3002,BG,2,1,0,5.01,3.90,2026-04-09,2026-04-07,PARTIAL
SO-10253,2,2026-04-06,CT-1008,RL-KPT,S105,RF-4010,RL,1,1,0,27.84,21.50,2026-04-09,2026-04-07,PARTIAL
SO-10254,1,2026-04-07,BL-3001,RL-KPT,S103,RM-1010,EA,1,1,0,17.18,13.50,2026-04-09,2026-04-11,PARTIAL
SO-10254,2,2026-04-07,BL-3001,RL-KPT,S103,SX-7001,SQ,1,1,0,87.45,68.05,2026-04-09,2026-04-11,PARTIAL
SO-10254,3,2026-04-07,BL-3001,RL-KPT,S103,RM-1020,EA,2,2,0,5.02,4.05,2026-04-09,2026-04-11,PARTIAL
SO-10254,4,2026-04-07,BL-3001,RL-KPT,S103,FS-2001,BX,1,1,0,26.10,20.60,2026-04-09,2026-04-11,PARTIAL
SO-10255,1,2026-04-07,CT-1002,RL-KPT,S105,DW-6001,EA,1,1,0,83.04,64.10,2026-04-12,2026-04-10,SHIPPED
SO-10255,2,2026-04-07,CT-1002,RL-KPT,S105,RF-4020,LF,3,2,0,2.20,1.69,2026-04-12,2026-04-10,SHIPPED
SO-10256,1,2026-04-07,CT-1008,RL-JCB,S104,RM-1021,EA,1,1,0,38.09,28.10,2026-04-11,2026-04-11,SHIPPED
SO-10256,2,2026-04-07,CT-1008,RL-JCB,S104,SX-7010,EA,1,1,0,14.24,10.65,2026-04-11,2026-04-11,SHIPPED
SO-10256,3,2026-04-07,CT-1008,RL-JCB,S104,FS-2010,EA,5,5,0,1.73,1.33,2026-04-11,2026-04-11,SHIPPED
SO-10256,4,2026-04-07,CT-1008,RL-JCB,S104,DW-6010,EA,1,1,0,305.36,224.60,2026-04-11,2026-04-11,SHIPPED
SO-10256,5,2026-04-07,CT-1008,RL-JCB,S104,CM-3020,EA,1,1,0,13.88,10.25,2026-04-11,2026-04-11,SHIPPED
SO-10257,1,2026-04-08,BL-3002,RL-JCB,S104,DW-6001,EA,1,1,0,82.34,64.10,2026-04-14,2026-04-12,SHIPPED
SO-10257,2,2026-04-08,BL-3002,RL-JCB,S104,PT-5011,BG,1,1,0,15.91,13.25,2026-04-14,2026-04-12,SHIPPED
SO-10257,3,2026-04-08,BL-3002,RL-JCB,S104,CM-3002,BG,2,2,0,5.03,3.90,2026-04-14,2026-04-12,SHIPPED
SO-10257,4,2026-04-08,BL-3002,RL-JCB,S104,RM-1001,EA,6,6,0,3.57,2.86,2026-04-14,2026-04-12,SHIPPED
SO-10257,5,2026-04-08,BL-3002,RL-JCB,S104,RF-4010,RL,1,1,0,26.18,21.50,2026-04-14,2026-04-12,SHIPPED
SO-10258,1,2026-04-08,CT-1006,RL-BRI,S102,RF-4010,RL,1,1,0,29.80,21.50,2026-04-13,2026-04-12,SHIPPED
SO-10258,2,2026-04-08,CT-1006,RL-BRI,S102,RM-1001,EA,11,11,0,3.72,2.86,2026-04-13,2026-04-12,SHIPPED
SO-10258,3,2026-04-08,CT-1006,RL-BRI,S102,RF-4010,RL,2,2,0,29.01,21.50,2026-04-13,2026-04-12,SHIPPED
SO-10259,1,2026-04-08,CT-1007,RL-KPT,S105,CM-3001,BG,4,4,0,6.41,4.95,2026-04-13,2026-04-10,SHIPPED
SO-10259,2,2026-04-08,CT-1007,RL-KPT,S105,DW-6002,EA,1,1,0,279.46,208.10,2026-04-13,2026-04-10,SHIPPED
SO-10259,3,2026-04-08,CT-1007,RL-KPT,S105,FS-2001,BX,1,1,0,26.06,20.60,2026-04-13,2026-04-10,SHIPPED
SO-10259,4,2026-04-08,CT-1007,RL-KPT,S105,TL-9002,EA,2,2,0,8.13,6.40,2026-04-13,2026-04-10,SHIPPED
SO-10260,1,2026-04-08,CT-1003,RL-KPT,S105,SX-7001,SQ,1,1,0,89.06,68.05,2026-04-13,2026-04-12,SHIPPED
SO-10260,2,2026-04-08,CT-1003,RL-KPT,S105,RM-1001,EA,7,7,0,3.68,2.86,2026-04-13,2026-04-12,SHIPPED
SO-10260,3,2026-04-08,CT-1003,RL-KPT,S105,RF-4002,BNDL,1,1,0,48.99,37.65,2026-04-13,2026-04-12,SHIPPED
SO-10260,4,2026-04-08,CT-1003,RL-KPT,S105,RM-1003,EA,2,2,0,10.39,8.25,2026-04-13,2026-04-12,SHIPPED
SO-10260,5,2026-04-08,CT-1003,RL-KPT,S105,TL-9001,EA,3,3,0,6.08,4.50,2026-04-13,2026-04-12,SHIPPED
SO-10261,1,2026-04-09,CT-1005,RL-KPT,S103,RF-4011,RL,1,1,0,104.41,78.85,2026-04-15,2026-04-10,SHIPPED
SO-10261,2,2026-04-09,CT-1005,RL-KPT,S103,RM-1001,EA,6,6,0,3.77,2.86,2026-04-15,2026-04-10,SHIPPED
SO-10261,3,2026-04-09,CT-1005,RL-KPT,S103,PT-5001,EA,1,1,0,43.85,32.20,2026-04-15,2026-04-10,SHIPPED
SO-10261,4,2026-04-09,CT-1005,RL-KPT,S103,RF-4010,RL,1,1,0,28.70,21.50,2026-04-15,2026-04-10,SHIPPED
SO-10261,5,2026-04-09,CT-1005,RL-KPT,S103,RF-4011,RL,1,1,0,99.22,78.85,2026-04-15,2026-04-10,SHIPPED
SO-10262,1,2026-04-09,CT-1008,RL-KPT,S103,FS-2001,BX,1,1,0,26.44,20.60,2026-04-16,2026-04-12,SHIPPED
SO-10262,2,2026-04-09,CT-1008,RL-KPT,S103,FS-2001,BX,1,1,0,26.38,20.60,2026-04-16,2026-04-12,SHIPPED
SO-10262,3,2026-04-09,CT-1008,RL-KPT,S103,RM-1022,EA,3,3,0,8.72,6.45,2026-04-16,2026-04-12,SHIPPED
SO-10263,1,2026-04-09,CT-1008,RL-BRI,S101,RM-1020,EA,3,3,0,5.50,4.05,2026-04-13,2026-04-10,SHIPPED
SO-10263,2,2026-04-09,CT-1008,RL-BRI,S101,TL-9002,EA,2,2,0,8.35,6.40,2026-04-13,2026-04-10,SHIPPED
SO-10264,1,2026-04-09,CT-1008,RL-KPT,S103,RM-1022,EA,1,1,0,8.48,6.45,2026-04-12,2026-04-12,SHIPPED
SO-10264,2,2026-04-09,CT-1008,RL-KPT,S103,TL-9001,EA,2,2,0,5.96,4.50,2026-04-12,2026-04-12,SHIPPED
SO-10264,3,2026-04-09,CT-1008,RL-KPT,S103,PT-5011,BG,1,1,0,17.04,13.25,2026-04-12,2026-04-12,SHIPPED
SO-10264,4,2026-04-09,CT-1008,RL-KPT,S103,DW-6010,EA,1,1,0,294.80,224.60,2026-04-12,2026-04-12,SHIPPED
SO-10264,5,2026-04-09,CT-1008,RL-KPT,S103,RF-4020,LF,5,5,0,2.12,1.69,2026-04-12,2026-04-12,SHIPPED
SO-10265,1,2026-04-10,CT-1006,RL-JCB,S104,DW-6001,EA,1,1,0,82.25,64.10,2026-04-16,2026-04-11,SHIPPED
SO-10265,2,2026-04-10,CT-1006,RL-JCB,S104,CM-3001,BG,3,3,0,6.85,4.95,2026-04-16,2026-04-11,SHIPPED
SO-10265,3,2026-04-10,CT-1006,RL-JCB,S104,RF-4020,LF,3,3,0,2.31,1.69,2026-04-16,2026-04-11,SHIPPED
SO-10266,1,2026-04-10,CT-1001,RL-BRI,S101,RM-1002,EA,6,4,0,6.78,4.95,2026-04-17,2026-04-13,SHIPPED
SO-10266,2,2026-04-10,CT-1001,RL-BRI,S101,CM-3002,BG,3,3,0,5.24,3.90,2026-04-17,2026-04-13,SHIPPED
SO-10266,3,2026-04-10,CT-1001,RL-BRI,S101,RM-1022,EA,2,2,0,8.39,6.45,2026-04-17,2026-04-13,SHIPPED
SO-10266,4,2026-04-10,CT-1001,RL-BRI,S101,FS-2011,EA,1,1,0,44.88,34.90,2026-04-17,2026-04-13,SHIPPED
SO-10267,1,2026-04-10,CT-1008,RL-KPT,S103,RF-4020,LF,2,2,0,2.18,1.69,2026-04-17,2026-04-14,SHIPPED
SO-10267,2,2026-04-10,CT-1008,RL-KPT,S103,RM-1010,EA,3,3,0,16.99,13.50,2026-04-17,2026-04-14,SHIPPED
SO-10267,3,2026-04-10,CT-1008,RL-KPT,S103,RF-4001,BNDL,1,1,0,35.65,27.90,2026-04-17,2026-04-14,SHIPPED
SO-10267,4,2026-04-10,CT-1008,RL-KPT,S103,DW-6001,EA,1,1,0,81.38,64.10,2026-04-17,2026-04-14,SHIPPED
SO-10268,1,2026-04-10,CT-1007,RL-BRI,S101,SX-7001,SQ,1,1,0,91.22,68.05,2026-04-15,2026-04-13,PARTIAL
SO-10268,2,2026-04-10,CT-1007,RL-BRI,S101,RM-1001,EA,14,10,0,3.69,2.86,2026-04-15,2026-04-13,PARTIAL
SO-10268,3,2026-04-10,CT-1007,RL-BRI,S101,PT-5001,EA,2,1,0,42.58,32.20,2026-04-15,2026-04-13,PARTIAL
SO-10269,1,2026-04-11,RT-2002,RL-JCB,S001,PT-5002,EA,1,1,0,32.90,23.70,2026-04-13,2026-04-15,SHIPPED
SO-10269,2,2026-04-11,RT-2002,RL-JCB,S001,RM-1010,EA,3,3,0,18.75,13.50,2026-04-13,2026-04-15,SHIPPED
SO-10269,3,2026-04-11,RT-2002,RL-JCB,S001,RM-1020,EA,1,1,0,5.60,4.05,2026-04-13,2026-04-15,SHIPPED
SO-10269,4,2026-04-11,RT-2002,RL-JCB,S001,PT-5001,EA,1,1,0,44.75,32.20,2026-04-13,2026-04-15,SHIPPED
SO-10269,5,2026-04-11,RT-2002,RL-JCB,S001,RF-4010,RL,1,1,0,29.90,21.50,2026-04-13,2026-04-15,SHIPPED
SO-10270,1,2026-04-11,RT-2002,RL-KPT,S001,SX-7001,SQ,1,1,0,94.50,68.05,2026-04-15,2026-04-14,SHIPPED
SO-10270,2,2026-04-11,RT-2002,RL-KPT,S001,CM-3001,BG,1,1,0,6.85,4.95,2026-04-15,2026-04-14,SHIPPED
SO-10270,3,2026-04-11,RT-2002,RL-KPT,S001,CM-3020,EA,1,1,0,14.25,10.25,2026-04-15,2026-04-14,SHIPPED
SO-10270,4,2026-04-11,RT-2002,RL-KPT,S001,RF-4011,RL,1,1,0,109.50,78.85,2026-04-15,2026-04-14,SHIPPED
SO-10271,1,2026-04-11,RT-2001,RL-BRI,S001,CM-3002,BG,3,2,0,5.40,3.90,2026-04-13,2026-04-12,PARTIAL
SO-10271,2,2026-04-11,RT-2001,RL-BRI,S001,SX-7010,EA,1,1,0,14.80,10.65,2026-04-13,2026-04-12,PARTIAL
SO-10271,3,2026-04-11,RT-2001,RL-BRI,S001,FS-2002,BX,2,1,0,32.75,23.60,2026-04-13,2026-04-12,PARTIAL
SO-10272,1,2026-04-11,RT-2003,RL-BRI,S001,FS-2001,BX,1,1,0,28.50,20.60,2026-04-18,2026-04-12,SHIPPED
SO-10273,1,2026-04-11,RT-2001,RL-KPT,S001,CM-3010,BG,1,1,0,12.90,9.30,2026-04-14,2026-04-12,SHIPPED
SO-10273,2,2026-04-11,RT-2001,RL-KPT,S001,PT-5001,EA,1,1,0,44.75,32.20,2026-04-14,2026-04-12,SHIPPED
SO-10273,3,2026-04-11,RT-2001,RL-KPT,S001,DW-6001,EA,1,1,0,89.00,64.10,2026-04-14,2026-04-12,SHIPPED
SO-10273,4,2026-04-11,RT-2001,RL-KPT,S001,FS-2001,BX,1,1,0,28.50,20.60,2026-04-14,2026-04-12,SHIPPED
SO-10273,5,2026-04-11,RT-2001,RL-KPT,S001,CM-3002,BG,2,2,0,5.40,3.90,2026-04-14,2026-04-12,SHIPPED
SO-10274,1,2026-04-13,CT-1002,RL-BRI,S101,RM-1003,EA,1,1,0,10.98,8.25,2026-04-18,2026-04-17,SHIPPED
SO-10274,2,2026-04-13,CT-1002,RL-BRI,S101,PT-5011,BG,1,1,0,16.57,13.25,2026-04-18,2026-04-17,SHIPPED
SO-10275,1,2026-04-13,CT-1003,RL-JCB,S104,DW-6002,EA,1,1,0,280.09,208.10,2026-04-18,2026-04-16,SHIPPED
SO-10275,2,2026-04-13,CT-1003,RL-JCB,S104,FS-2011,EA,1,1,0,44.08,34.90,2026-04-18,2026-04-16,SHIPPED
SO-10275,3,2026-04-13,CT-1003,RL-JCB,S104,RF-4011,RL,1,1,0,99.84,78.85,2026-04-18,2026-04-16,SHIPPED
SO-10275,4,2026-04-13,CT-1003,RL-JCB,S104,RM-1021,EA,1,1,0,38.85,28.10,2026-04-18,2026-04-16,SHIPPED
SO-10276,1,2026-04-13,BL-3001,RL-BRI,S101,FS-2010,EA,7,5,0,1.63,1.33,2026-04-17,2026-04-17,SHIPPED
SO-10277,1,2026-04-14,CT-1005,RL-BRI,S102,RM-1002,EA,5,5,0,6.78,4.95,2026-04-16,2026-04-16,SHIPPED
SO-10278,1,2026-04-14,CT-1008,RL-KPT,S105,RF-4020,LF,2,2,0,2.21,1.69,2026-04-19,2026-04-16,SHIPPED
SO-10278,2,2026-04-14,CT-1008,RL-KPT,S105,CM-3001,BG,3,3,0,6.49,4.95,2026-04-19,2026-04-16,SHIPPED
SO-10279,1,2026-04-14,CT-1008,RL-BRI,S102,SX-7010,EA,1,1,0,14.76,10.65,2026-04-17,2026-04-18,SHIPPED
SO-10279,2,2026-04-14,CT-1008,RL-BRI,S102,CM-3001,BG,4,3,0,6.36,4.95,2026-04-17,2026-04-18,SHIPPED
SO-10280,1,2026-04-15,CT-1008,RL-KPT,S103,CM-3010,BG,1,1,0,12.24,9.30,2026-04-19,2026-04-17,SHIPPED
SO-10280,2,2026-04-15,CT-1008,RL-KPT,S103,CM-3002,BG,2,2,0,5.01,3.90,2026-04-19,2026-04-17,SHIPPED
SO-10281,1,2026-04-15,CT-1007,RL-KPT,S103,RM-1001,EA,6,5,0,3.87,2.86,2026-04-18,2026-04-17,SHIPPED
SO-10281,2,2026-04-15,CT-1007,RL-KPT,S103,RM-1003,EA,2,2,0,11.18,8.25,2026-04-18,2026-04-17,SHIPPED
SO-10281,3,2026-04-15,CT-1007,RL-KPT,S103,RM-1021,EA,1,1,0,37.18,28.10,2026-04-18,2026-04-17,SHIPPED
SO-10282,1,2026-04-16,CT-1007,RL-JCB,S104,RF-4011,RL,1,1,0,104.80,78.85,2026-04-20,2026-04-17,SHIPPED
SO-10282,2,2026-04-16,CT-1007,RL-JCB,S104,RM-1002,EA,5,5,0,6.26,4.95,2026-04-20,2026-04-17,SHIPPED
SO-10282,3,2026-04-16,CT-1007,RL-JCB,S104,DW-6001,EA,1,1,0,85.68,64.10,2026-04-20,2026-04-17,SHIPPED
SO-10283,1,2026-04-16,CT-1001,RL-JCB,S104,CM-3002,BG,2,2,0,5.34,3.90,2026-04-21,2026-04-19,SHIPPED
SO-10283,2,2026-04-16,CT-1001,RL-JCB,S104,RM-1010,EA,2,2,0,17.56,13.50,2026-04-21,2026-04-19,SHIPPED
SO-10283,3,2026-04-16,CT-1001,RL-JCB,S104,RM-1010,EA,1,1,0,18.04,13.50,2026-04-21,2026-04-19,SHIPPED
SO-10284,1,2026-04-17,CT-1006,RL-BRI,S101,CM-3002,BG,3,3,0,5.03,3.90,2026-04-23,2026-04-18,SHIPPED
SO-10284,2,2026-04-17,CT-1006,RL-BRI,S101,RF-4002,BNDL,1,1,0,47.35,37.65,2026-04-23,2026-04-18,SHIPPED
SO-10285,1,2026-04-17,CT-1006,RL-BRI,S102,PT-5010,EA,4,4,0,12.36,9.05,2026-04-23,2026-04-20,SHIPPED
SO-10285,2,2026-04-17,CT-1006,RL-BRI,S102,RM-1011,EA,2,2,0,22.63,17.95,2026-04-23,2026-04-20,SHIPPED
SO-10285,3,2026-04-17,CT-1006,RL-BRI,S102,DW-6001,EA,1,1,0,88.61,64.10,2026-04-23,2026-04-20,SHIPPED
SO-10285,4,2026-04-17,CT-1006,RL-BRI,S102,RM-1021,EA,1,1,0,35.59,28.10,2026-04-23,2026-04-20,SHIPPED
SO-10285,5,2026-04-17,CT-1006,RL-BRI,S102,FS-2002,BX,2,2,0,31.53,23.60,2026-04-23,2026-04-20,SHIPPED
SO-10286,1,2026-04-17,CT-1005,RL-BRI,S101,RM-1011,EA,1,1,0,24.49,17.95,2026-04-22,2026-04-18,SHIPPED
SO-10286,2,2026-04-17,CT-1005,RL-BRI,S101,PT-5001,EA,1,1,0,43.17,32.20,2026-04-22,2026-04-18,SHIPPED
SO-10286,3,2026-04-17,CT-1005,RL-BRI,S101,RF-4020,LF,4,4,0,2.24,1.69,2026-04-22,2026-04-18,SHIPPED
SO-10287,1,2026-04-18,RT-2003,RL-BRI,S001,RM-1010,EA,2,2,0,18.75,13.50,2026-04-22,2026-04-21,SHIPPED
SO-10287,2,2026-04-18,RT-2003,RL-BRI,S001,FS-2010,EA,7,7,0,1.85,1.33,2026-04-22,2026-04-21,SHIPPED
SO-10288,1,2026-04-18,RT-2001,RL-JCB,S001,FS-2001,BX,1,1,0,28.50,20.60,2026-04-25,2026-04-21,PARTIAL
SO-10288,2,2026-04-18,RT-2001,RL-JCB,S001,CM-3002,BG,1,1,0,5.40,3.90,2026-04-25,2026-04-21,PARTIAL
SO-10289,1,2026-04-18,RT-2002,RL-BRI,S001,DW-6001,EA,1,1,0,89.00,64.10,2026-04-23,2026-04-19,SHIPPED
SO-10289,2,2026-04-18,RT-2002,RL-BRI,S001,SX-7010,EA,1,1,0,14.80,10.65,2026-04-23,2026-04-19,SHIPPED
SO-10289,3,2026-04-18,RT-2002,RL-BRI,S001,PT-5001,EA,2,2,0,44.75,32.20,2026-04-23,2026-04-19,SHIPPED
SO-10289,4,2026-04-18,RT-2002,RL-BRI,S001,RF-4010,RL,2,2,0,29.90,21.50,2026-04-23,2026-04-19,SHIPPED
SO-10289,5,2026-04-18,RT-2002,RL-BRI,S001,FS-2002,BX,2,2,0,32.75,23.60,2026-04-23,2026-04-19,SHIPPED
SO-10290,1,2026-04-18,RT-2002,RL-KPT,S001,DW-6001,EA,1,1,0,89.00,64.10,2026-04-25,2026-04-19,SHIPPED
SO-10290,2,2026-04-18,RT-2002,RL-KPT,S001,PT-5002,EA,1,1,0,32.90,23.70,2026-04-25,2026-04-19,SHIPPED
SO-10290,3,2026-04-18,RT-2002,RL-KPT,S001,CM-3010,BG,1,1,0,12.90,9.30,2026-04-25,2026-04-19,SHIPPED
SO-10290,4,2026-04-18,RT-2002,RL-KPT,S001,CM-3001,BG,1,1,0,6.85,4.95,2026-04-25,2026-04-19,SHIPPED
SO-10291,1,2026-04-18,RT-2003,RL-JCB,S001,PT-5010,EA,1,1,0,12.60,9.05,2026-04-24,2026-04-19,SHIPPED
SO-10291,2,2026-04-18,RT-2003,RL-JCB,S001,DW-6010,EA,1,1,0,312.00,224.60,2026-04-24,2026-04-19,SHIPPED
SO-10291,3,2026-04-18,RT-2003,RL-JCB,S001,RF-4010,RL,1,1,0,29.90,21.50,2026-04-24,2026-04-19,SHIPPED
SO-10291,4,2026-04-18,RT-2003,RL-JCB,S001,SX-7001,SQ,1,1,0,94.50,68.05,2026-04-24,2026-04-19,SHIPPED
SO-10292,1,2026-04-20,CT-1008,RL-KPT,S105,DW-6002,EA,1,1,0,262.59,208.10,2026-04-25,2026-04-24,SHIPPED
SO-10292,2,2026-04-20,CT-1008,RL-KPT,S105,CM-3002,BG,1,1,0,5.14,3.90,2026-04-25,2026-04-24,SHIPPED
SO-10292,3,2026-04-20,CT-1008,RL-KPT,S105,PT-5001,EA,1,1,0,43.66,32.20,2026-04-25,2026-04-24,SHIPPED
SO-10293,1,2026-04-20,CT-1002,RL-BRI,S102,PT-5011,BG,1,1,0,18.07,13.25,2026-04-25,2026-04-22,SHIPPED
SO-10293,2,2026-04-20,CT-1002,RL-BRI,S102,RF-4011,RL,1,1,0,104.67,78.85,2026-04-25,2026-04-22,SHIPPED
SO-10294,1,2026-04-20,CT-1008,RL-BRI,S101,RF-4010,RL,1,1,0,28.97,21.50,2026-04-23,2026-04-24,SHIPPED
SO-10294,2,2026-04-20,CT-1008,RL-BRI,S101,CM-3020,EA,1,1,0,13.53,10.25,2026-04-23,2026-04-24,SHIPPED
SO-10294,3,2026-04-20,CT-1008,RL-BRI,S101,RM-1011,EA,3,3,0,23.61,17.95,2026-04-23,2026-04-24,SHIPPED
SO-10295,1,2026-04-20,CT-1007,RL-JCB,S104,FS-2010,EA,4,4,0,1.75,1.33,2026-04-27,2026-04-21,SHIPPED
SO-10296,1,2026-04-21,CT-1003,RL-BRI,S101,RM-1011,EA,3,3,0,22.87,17.95,2026-04-25,2026-04-28,SHIPPED
SO-10296,2,2026-04-21,CT-1003,RL-BRI,S101,RM-1021,EA,1,1,0,36.26,28.10,2026-04-25,2026-04-28,SHIPPED
SO-10296,3,2026-04-21,CT-1003,RL-BRI,S101,RF-4020,LF,6,6,0,2.19,1.69,2026-04-25,2026-04-28,SHIPPED
SO-10297,1,2026-04-21,CT-1006,RL-BRI,S102,FS-2010,EA,3,3,0,1.71,1.33,2026-04-24,2026-04-25,SHIPPED
SO-10298,1,2026-04-21,CT-1004,RL-JCB,S104,RM-1002,EA,3,2,0,6.41,4.95,2026-04-26,2026-04-23,PARTIAL
SO-10298,2,2026-04-21,CT-1004,RL-JCB,S104,SX-7001,SQ,1,1,0,92.27,68.05,2026-04-26,2026-04-23,PARTIAL
SO-10298,3,2026-04-21,CT-1004,RL-JCB,S104,PT-5001,EA,1,1,0,43.61,32.20,2026-04-26,2026-04-23,PARTIAL
SO-10298,4,2026-04-21,CT-1004,RL-JCB,S104,RM-1022,EA,1,1,0,8.18,6.45,2026-04-26,2026-04-23,PARTIAL
SO-10299,1,2026-04-21,CT-1004,RL-BRI,S101,DW-6010,EA,1,1,0,305.54,224.60,2026-04-24,2026-04-28,SHIPPED
SO-10300,1,2026-04-22,BL-3002,RL-BRI,S101,CM-3002,BG,2,2,0,4.93,3.90,2026-04-26,2026-04-23,SHIPPED
SO-10301,1,2026-04-22,CT-1001,RL-BRI,S102,RM-1011,EA,1,1,0,22.44,17.95,2026-04-28,2026-04-24,SHIPPED
SO-10301,2,2026-04-22,CT-1001,RL-BRI,S102,CM-3002,BG,3,3,0,4.95,3.90,2026-04-28,2026-04-24,SHIPPED
SO-10301,3,2026-04-22,CT-1001,RL-BRI,S102,RM-1001,EA,14,14,0,3.67,2.86,2026-04-28,2026-04-24,SHIPPED
SO-10302,1,2026-04-22,BL-3001,RL-JCB,S104,PT-5002,EA,1,1,0,29.65,23.70,2026-04-26,2026-04-23,SHIPPED
SO-10302,2,2026-04-22,BL-3001,RL-JCB,S104,DW-6002,EA,1,1,0,251.40,208.10,2026-04-26,2026-04-23,SHIPPED
SO-10302,3,2026-04-22,BL-3001,RL-JCB,S104,RM-1022,EA,2,2,0,7.96,6.45,2026-04-26,2026-04-23,SHIPPED
SO-10302,4,2026-04-22,BL-3001,RL-JCB,S104,RF-4010,RL,1,1,0,25.99,21.50,2026-04-26,2026-04-23,SHIPPED
SO-10302,5,2026-04-22,BL-3001,RL-JCB,S104,RF-4010,RL,1,1,0,27.36,21.50,2026-04-26,2026-04-23,SHIPPED
SO-10303,1,2026-04-22,CT-1008,RL-BRI,S102,PT-5010,EA,2,2,0,11.96,9.05,2026-04-26,2026-04-26,PARTIAL
SO-10303,2,2026-04-22,CT-1008,RL-BRI,S102,RM-1021,EA,1,1,0,37.64,28.10,2026-04-26,2026-04-26,PARTIAL
SO-10303,3,2026-04-22,CT-1008,RL-BRI,S102,RM-1022,EA,2,1,0,8.58,6.45,2026-04-26,2026-04-26,PARTIAL
SO-10303,4,2026-04-22,CT-1008,RL-BRI,S102,RM-1021,EA,1,1,0,35.67,28.10,2026-04-26,2026-04-26,PARTIAL
SO-10304,1,2026-04-23,CT-1004,RL-BRI,S102,RF-4002,BNDL,1,1,0,52.00,37.65,2026-04-25,2026-04-26,SHIPPED
SO-10304,2,2026-04-23,CT-1004,RL-BRI,S102,PT-5002,EA,1,1,0,30.94,23.70,2026-04-25,2026-04-26,SHIPPED
SO-10305,1,2026-04-23,CT-1008,RL-KPT,S103,FS-2001,BX,1,1,0,28.02,20.60,2026-04-28,2026-04-25,SHIPPED
SO-10306,1,2026-04-23,CT-1008,RL-KPT,S103,TL-9002,EA,2,2,0,8.60,6.40,2026-04-28,2026-04-24,SHIPPED
SO-10306,2,2026-04-23,CT-1008,RL-KPT,S103,TL-9002,EA,1,1,0,8.73,6.40,2026-04-28,2026-04-24,SHIPPED
SO-10306,3,2026-04-23,CT-1008,RL-KPT,S103,RM-1002,EA,7,5,0,6.79,4.95,2026-04-28,2026-04-24,SHIPPED
SO-10306,4,2026-04-23,CT-1008,RL-KPT,S103,PT-5011,BG,1,1,0,17.37,13.25,2026-04-28,2026-04-24,SHIPPED
SO-10306,5,2026-04-23,CT-1008,RL-KPT,S103,RM-1003,EA,1,1,0,11.24,8.25,2026-04-28,2026-04-24,SHIPPED
SO-10307,1,2026-04-24,CT-1003,RL-KPT,S103,TL-9001,EA,2,2,0,5.94,4.50,2026-04-28,2026-04-28,PARTIAL
SO-10307,2,2026-04-24,CT-1003,RL-KPT,S103,DW-6001,EA,1,1,0,83.46,64.10,2026-04-28,2026-04-28,PARTIAL
SO-10307,3,2026-04-24,CT-1003,RL-KPT,S103,PT-5002,EA,1,1,0,29.81,23.70,2026-04-28,2026-04-28,PARTIAL
SO-10307,4,2026-04-24,CT-1003,RL-KPT,S103,RM-1003,EA,1,1,0,11.18,8.25,2026-04-28,2026-04-28,PARTIAL
SO-10308,1,2026-04-24,BL-3002,RL-BRI,S102,CM-3020,EA,1,1,0,12.93,10.25,2026-04-29,2026-04-28,SHIPPED
SO-10309,1,2026-04-24,CT-1002,RL-JCB,S104,RF-4020,LF,1,0,1,2.27,1.69,2026-04-28,,CANCELLED
SO-10309,2,2026-04-24,CT-1002,RL-JCB,S104,DW-6010,EA,1,0,1,308.92,224.60,2026-04-28,,CANCELLED
SO-10310,1,2026-04-25,RT-2002,RL-KPT,S001,RM-1021,EA,1,1,0,38.90,28.10,2026-04-29,2026-04-26,SHIPPED
SO-10310,2,2026-04-25,RT-2002,RL-KPT,S001,TL-9002,EA,1,1,0,8.90,6.40,2026-04-29,2026-04-26,SHIPPED
SO-10310,3,2026-04-25,RT-2002,RL-KPT,S001,PT-5001,EA,1,1,0,44.75,32.20,2026-04-29,2026-04-26,SHIPPED
SO-10310,4,2026-04-25,RT-2002,RL-KPT,S001,DW-6010,EA,1,1,0,312.00,224.60,2026-04-29,2026-04-26,SHIPPED
SO-10311,1,2026-04-25,RT-2001,RL-JCB,S001,CM-3010,BG,1,1,0,12.90,9.30,2026-05-01,2026-04-29,PARTIAL
SO-10311,2,2026-04-25,RT-2001,RL-JCB,S001,RM-1021,EA,1,1,0,38.90,28.10,2026-05-01,2026-04-29,PARTIAL
SO-10312,1,2026-04-25,RT-2003,RL-KPT,S001,RF-4011,RL,1,1,0,109.50,78.85,2026-04-28,2026-04-28,SHIPPED
SO-10312,2,2026-04-25,RT-2003,RL-KPT,S001,CM-3001,BG,3,3,0,6.85,4.95,2026-04-28,2026-04-28,SHIPPED
SO-10312,3,2026-04-25,RT-2003,RL-KPT,S001,SX-7010,EA,1,1,0,14.80,10.65,2026-04-28,2026-04-28,SHIPPED
SO-10313,1,2026-04-25,RT-2003,RL-KPT,S001,DW-6010,EA,1,1,0,312.00,224.60,2026-04-28,2026-04-29,SHIPPED
SO-10313,2,2026-04-25,RT-2003,RL-KPT,S001,RM-1010,EA,3,3,0,18.75,13.50,2026-04-28,2026-04-29,SHIPPED
SO-10313,3,2026-04-25,RT-2003,RL-KPT,S001,FS-2002,BX,1,1,0,32.75,23.60,2026-04-28,2026-04-29,SHIPPED
SO-10313,4,2026-04-25,RT-2003,RL-KPT,S001,RF-4011,RL,1,1,0,109.50,78.85,2026-04-28,2026-04-29,SHIPPED
SO-10313,5,2026-04-25,RT-2003,RL-KPT,S001,RM-1011,EA,2,2,0,24.90,17.95,2026-04-28,2026-04-29,SHIPPED
SO-10314,1,2026-04-27,CT-1005,RL-KPT,S105,CM-3020,EA,1,1,0,13.52,10.25,2026-05-04,2026-04-29,SHIPPED
SO-10314,2,2026-04-27,CT-1005,RL-KPT,S105,DW-6010,EA,1,1,0,287.10,224.60,2026-05-04,2026-04-29,SHIPPED
SO-10314,3,2026-04-27,CT-1005,RL-KPT,S105,RF-4002,BNDL,1,1,0,51.27,37.65,2026-05-04,2026-04-29,SHIPPED
SO-10314,4,2026-04-27,CT-1005,RL-KPT,S105,FS-2011,EA,1,1,0,47.44,34.90,2026-05-04,2026-04-29,SHIPPED
SO-10314,5,2026-04-27,CT-1005,RL-KPT,S105,RM-1010,EA,4,4,0,18.00,13.50,2026-05-04,2026-04-29,SHIPPED
SO-10315,1,2026-04-27,CT-1002,RL-JCB,S104,RM-1022,EA,2,2,0,8.90,6.45,2026-05-01,2026-04-29,SHIPPED
SO-10316,1,2026-04-27,BL-3001,RL-BRI,S101,PT-5011,BG,1,1,0,17.20,13.25,2026-04-30,2026-04-30,SHIPPED
SO-10316,2,2026-04-27,BL-3001,RL-BRI,S101,CM-3002,BG,1,1,0,5.06,3.90,2026-04-30,2026-04-30,SHIPPED
SO-10316,3,2026-04-27,BL-3001,RL-BRI,S101,SX-7001,SQ,1,1,0,81.69,68.05,2026-04-30,2026-04-30,SHIPPED
SO-10316,4,2026-04-27,BL-3001,RL-BRI,S101,PT-5010,EA,3,3,0,11.39,9.05,2026-04-30,2026-04-30,SHIPPED
SO-10316,5,2026-04-27,BL-3001,RL-BRI,S101,TL-9001,EA,3,3,0,5.81,4.50,2026-04-30,2026-04-30,SHIPPED
SO-10317,1,2026-04-28,CT-1006,RL-KPT,S105,RM-1010,EA,4,4,0,17.32,13.50,2026-05-02,2026-04-29,SHIPPED
SO-10318,1,2026-04-28,BL-3001,RL-BRI,S102,DW-6001,EA,1,1,0,78.68,64.10,2026-05-05,2026-05-02,SHIPPED
SO-10319,1,2026-04-29,CT-1005,RL-BRI,S101,RF-4002,BNDL,1,1,0,51.99,37.65,2026-05-04,2026-05-03,SHIPPED
SO-10319,2,2026-04-29,CT-1005,RL-BRI,S101,TL-9001,EA,3,3,0,5.83,4.50,2026-05-04,2026-05-03,SHIPPED
SO-10319,3,2026-04-29,CT-1005,RL-BRI,S101,DW-6010,EA,1,1,0,306.52,224.60,2026-05-04,2026-05-03,SHIPPED
SO-10320,1,2026-04-29,CT-1005,RL-KPT,S105,RM-1002,EA,6,6,0,6.29,4.95,2026-05-04,2026-05-02,SHIPPED
SO-10320,2,2026-04-29,CT-1005,RL-KPT,S105,SX-7001,SQ,1,1,0,88.84,68.05,2026-05-04,2026-05-02,SHIPPED
SO-10320,3,2026-04-29,CT-1005,RL-KPT,S105,RF-4011,RL,1,1,0,100.28,78.85,2026-05-04,2026-05-02,SHIPPED
SO-10320,4,2026-04-29,CT-1005,RL-KPT,S105,FS-2001,BX,2,2,0,27.91,20.60,2026-05-04,2026-05-02,SHIPPED
SO-10320,5,2026-04-29,CT-1005,RL-KPT,S105,RF-4020,LF,3,3,0,2.15,1.69,2026-05-04,2026-05-02,SHIPPED
SO-10321,1,2026-04-30,BL-3002,RL-JCB,S104,CM-3010,BG,1,1,0,11.73,9.30,2026-05-03,2026-05-04,SHIPPED
SO-10322,1,2026-04-30,CT-1004,RL-JCB,S104,RF-4001,BNDL,1,1,0,35.53,27.90,2026-05-03,2026-05-04,SHIPPED
SO-10322,2,2026-04-30,CT-1004,RL-JCB,S104,RM-1022,EA,1,1,0,8.75,6.45,2026-05-03,2026-05-04,SHIPPED
SO-10322,3,2026-04-30,CT-1004,RL-JCB,S104,SX-7010,EA,1,1,0,13.65,10.65,2026-05-03,2026-05-04,SHIPPED
SO-10323,1,2026-05-01,CT-1004,RL-JCB,S104,RF-4010,RL,1,1,0,27.45,21.50,2026-05-05,2026-05-03,SHIPPED
SO-10323,2,2026-05-01,CT-1004,RL-JCB,S104,FS-2002,BX,1,1,0,30.25,23.60,2026-05-05,2026-05-03,SHIPPED
SO-10323,3,2026-05-01,CT-1004,RL-JCB,S104,SX-7001,SQ,1,1,0,91.52,68.05,2026-05-05,2026-05-03,SHIPPED
SO-10323,4,2026-05-01,CT-1004,RL-JCB,S104,SX-7010,EA,1,1,0,14.61,10.65,2026-05-05,2026-05-03,SHIPPED
SO-10324,1,2026-05-01,CT-1007,RL-KPT,S105,RM-1010,EA,3,3,0,18.58,13.50,2026-05-08,2026-05-02,SHIPPED
SO-10324,2,2026-05-01,CT-1007,RL-KPT,S105,RM-1003,EA,1,1,0,10.69,8.25,2026-05-08,2026-05-02,SHIPPED
SO-10324,3,2026-05-01,CT-1007,RL-KPT,S105,DW-6001,EA,1,1,0,88.04,64.10,2026-05-08,2026-05-02,SHIPPED
SO-10324,4,2026-05-01,CT-1007,RL-KPT,S105,RM-1003,EA,2,2,0,10.83,8.25,2026-05-08,2026-05-02,SHIPPED
SO-10325,1,2026-05-02,RT-2001,RL-BRI,S001,TL-9002,EA,3,3,0,8.90,6.40,2026-05-09,2026-05-11,SHIPPED
SO-10325,2,2026-05-02,RT-2001,RL-BRI,S001,PT-5010,EA,5,5,0,12.60,9.05,2026-05-09,2026-05-11,SHIPPED
SO-10325,3,2026-05-02,RT-2001,RL-BRI,S001,RF-4001,BNDL,4,4,0,38.75,27.90,2026-05-09,2026-05-11,SHIPPED
SO-10325,4,2026-05-02,RT-2001,RL-BRI,S001,RF-4001,BNDL,4,4,0,38.75,27.90,2026-05-09,2026-05-11,SHIPPED
SO-10325,5,2026-05-02,RT-2001,RL-BRI,S001,FS-2010,EA,5,5,0,1.85,1.33,2026-05-09,2026-05-11,SHIPPED
SO-10326,1,2026-05-02,RT-2001,RL-KPT,S001,TL-9001,EA,1,1,0,6.25,4.50,2026-05-09,2026-05-04,SHIPPED
SO-10326,2,2026-05-02,RT-2001,RL-KPT,S001,DW-6010,EA,1,1,0,312.00,224.60,2026-05-09,2026-05-04,SHIPPED
SO-10326,3,2026-05-02,RT-2001,RL-KPT,S001,TL-9002,EA,1,1,0,8.90,6.40,2026-05-09,2026-05-04,SHIPPED
SO-10326,4,2026-05-02,RT-2001,RL-KPT,S001,TL-9002,EA,1,1,0,8.90,6.40,2026-05-09,2026-05-04,SHIPPED
SO-10327,1,2026-05-02,RT-2001,RL-BRI,S001,RF-4002,BNDL,1,1,0,52.30,37.65,2026-05-04,2026-05-04,SHIPPED
SO-10327,2,2026-05-02,RT-2001,RL-BRI,S001,CM-3002,BG,3,3,0,5.40,3.90,2026-05-04,2026-05-04,SHIPPED
SO-10328,1,2026-05-02,RT-2003,RL-BRI,S001,DW-6001,EA,1,1,0,89.00,64.10,2026-05-04,2026-05-05,SHIPPED
SO-10328,2,2026-05-02,RT-2003,RL-BRI,S001,RM-1021,EA,1,1,0,38.90,28.10,2026-05-04,2026-05-05,SHIPPED
SO-10329,1,2026-05-04,CT-1008,RL-JCB,S104,SX-7001,SQ,1,1,0,91.99,68.05,2026-05-09,2026-05-05,PARTIAL
SO-10329,2,2026-05-04,CT-1008,RL-JCB,S104,FS-2001,BX,1,1,0,27.48,20.60,2026-05-09,2026-05-05,PARTIAL
SO-10329,3,2026-05-04,CT-1008,RL-JCB,S104,RF-4020,LF,4,3,0,2.24,1.69,2026-05-09,2026-05-05,PARTIAL
SO-10330,1,2026-05-04,BL-3002,RL-BRI,S102,FS-2010,EA,6,6,0,1.69,1.33,2026-05-08,2026-05-10,SHIPPED
SO-10330,2,2026-05-04,BL-3002,RL-BRI,S102,FS-2002,BX,1,1,0,29.30,23.60,2026-05-08,2026-05-10,SHIPPED
SO-10331,1,2026-05-05,BL-3002,RL-BRI,S101,DW-6010,EA,1,1,0,277.51,224.60,2026-05-09,2026-05-09,SHIPPED
SO-10331,2,2026-05-05,BL-3002,RL-BRI,S101,FS-2011,EA,1,1,0,41.87,34.90,2026-05-09,2026-05-09,SHIPPED
SO-10331,3,2026-05-05,BL-3002,RL-BRI,S101,PT-5001,EA,2,2,0,40.80,32.20,2026-05-09,2026-05-09,SHIPPED
SO-10331,4,2026-05-05,BL-3002,RL-BRI,S101,FS-2002,BX,3,3,0,29.86,23.60,2026-05-09,2026-05-09,SHIPPED
SO-10331,5,2026-05-05,BL-3002,RL-BRI,S101,RM-1020,EA,2,2,0,5.22,4.05,2026-05-09,2026-05-09,SHIPPED
SO-10332,1,2026-05-05,CT-1008,RL-BRI,S101,RM-1011,EA,5,5,0,23.68,17.95,2026-05-12,2026-05-08,SHIPPED
SO-10332,2,2026-05-05,CT-1008,RL-BRI,S101,DW-6002,EA,1,1,0,276.53,208.10,2026-05-12,2026-05-08,SHIPPED
SO-10332,3,2026-05-05,CT-1008,RL-BRI,S101,RF-4001,BNDL,3,3,0,37.85,27.90,2026-05-12,2026-05-08,SHIPPED
SO-10333,1,2026-05-05,CT-1001,RL-BRI,S102,RF-4011,RL,1,1,0,106.84,78.85,2026-05-08,2026-05-09,PARTIAL
SO-10333,2,2026-05-05,CT-1001,RL-BRI,S102,SX-7001,SQ,1,1,0,94.19,68.05,2026-05-08,2026-05-09,PARTIAL
SO-10334,1,2026-05-06,CT-1004,RL-BRI,S102,RM-1022,EA,1,1,0,8.47,6.45,2026-05-13,2026-05-10,PARTIAL
SO-10335,1,2026-05-06,CT-1007,RL-JCB,S104,RM-1020,EA,1,1,0,5.05,4.05,2026-05-10,2026-05-10,SHIPPED
SO-10335,2,2026-05-06,CT-1007,RL-JCB,S104,CM-3001,BG,4,4,0,6.61,4.95,2026-05-10,2026-05-10,SHIPPED
SO-10335,3,2026-05-06,CT-1007,RL-JCB,S104,CM-3020,EA,1,1,0,13.95,10.25,2026-05-10,2026-05-10,SHIPPED
SO-10335,4,2026-05-06,CT-1007,RL-JCB,S104,CM-3001,BG,1,1,0,6.27,4.95,2026-05-10,2026-05-10,SHIPPED
SO-10335,5,2026-05-06,CT-1007,RL-JCB,S104,DW-6010,EA,1,1,0,285.56,224.60,2026-05-10,2026-05-10,SHIPPED
SO-10336,1,2026-05-07,CT-1008,RL-JCB,S104,RM-1021,EA,1,1,0,38.82,28.10,2026-05-09,2026-05-10,SHIPPED
SO-10336,2,2026-05-07,CT-1008,RL-JCB,S104,TL-9002,EA,1,1,0,8.50,6.40,2026-05-09,2026-05-10,SHIPPED
SO-10336,3,2026-05-07,CT-1008,RL-JCB,S104,RF-4010,RL,1,1,0,28.44,21.50,2026-05-09,2026-05-10,SHIPPED
SO-10336,4,2026-05-07,CT-1008,RL-JCB,S104,TL-9002,EA,1,1,0,8.52,6.40,2026-05-09,2026-05-10,SHIPPED
SO-10337,1,2026-05-07,BL-3001,RL-BRI,S102,DW-6010,EA,1,1,0,273.12,224.60,2026-05-12,2026-05-10,SHIPPED
SO-10338,1,2026-05-07,CT-1006,RL-KPT,S103,RF-4010,RL,1,1,0,28.16,21.50,2026-05-13,2026-05-11,SHIPPED
SO-10338,2,2026-05-07,CT-1006,RL-KPT,S103,PT-5010,EA,3,3,0,12.40,9.05,2026-05-13,2026-05-11,SHIPPED
SO-10338,3,2026-05-07,CT-1006,RL-KPT,S103,CM-3002,BG,1,1,0,5.22,3.90,2026-05-13,2026-05-11,SHIPPED
SO-10339,1,2026-05-07,CT-1003,RL-BRI,S101,CM-3002,BG,3,3,0,5.05,3.90,2026-05-13,2026-05-11,SHIPPED
SO-10339,2,2026-05-07,CT-1003,RL-BRI,S101,RF-4001,BNDL,3,3,0,38.08,27.90,2026-05-13,2026-05-11,SHIPPED
SO-10339,3,2026-05-07,CT-1003,RL-BRI,S101,RM-1003,EA,4,4,0,10.39,8.25,2026-05-13,2026-05-11,SHIPPED
SO-10339,4,2026-05-07,CT-1003,RL-BRI,S101,CM-3010,BG,1,1,0,11.94,9.30,2026-05-13,2026-05-11,SHIPPED
SO-10340,1,2026-05-08,CT-1006,RL-JCB,S104,SX-7001,SQ,1,1,0,92.19,68.05,2026-05-11,2026-05-09,PARTIAL
SO-10340,2,2026-05-08,CT-1006,RL-JCB,S104,RM-1021,EA,1,1,0,38.35,28.10,2026-05-11,2026-05-09,PARTIAL
SO-10340,3,2026-05-08,CT-1006,RL-JCB,S104,RM-1021,EA,1,1,0,35.42,28.10,2026-05-11,2026-05-09,PARTIAL
SO-10340,4,2026-05-08,CT-1006,RL-JCB,S104,RM-1022,EA,3,2,0,8.20,6.45,2026-05-11,2026-05-09,PARTIAL
SO-10340,5,2026-05-08,CT-1006,RL-JCB,S104,RF-4010,RL,1,1,0,28.40,21.50,2026-05-11,2026-05-09,PARTIAL
SO-10341,1,2026-05-08,CT-1002,RL-BRI,S102,RM-1001,EA,7,7,0,3.72,2.86,2026-05-12,2026-05-12,SHIPPED
SO-10341,2,2026-05-08,CT-1002,RL-BRI,S102,FS-2010,EA,3,3,0,1.80,1.33,2026-05-12,2026-05-12,SHIPPED
SO-10342,1,2026-05-08,CT-1006,RL-KPT,S103,DW-6002,EA,1,1,0,275.02,208.10,2026-05-11,2026-05-12,SHIPPED
SO-10342,2,2026-05-08,CT-1006,RL-KPT,S103,PT-5010,EA,4,4,0,12.31,9.05,2026-05-11,2026-05-12,SHIPPED
SO-10342,3,2026-05-08,CT-1006,RL-KPT,S103,RM-1011,EA,1,1,0,24.86,17.95,2026-05-11,2026-05-12,SHIPPED
SO-10342,4,2026-05-08,CT-1006,RL-KPT,S103,FS-2010,EA,5,5,0,1.67,1.33,2026-05-11,2026-05-12,SHIPPED
SO-10342,5,2026-05-08,CT-1006,RL-KPT,S103,FS-2002,BX,2,2,0,31.81,23.60,2026-05-11,2026-05-12,SHIPPED
SO-10343,1,2026-05-09,RT-2003,RL-KPT,S001,FS-2002,BX,2,1,0,32.75,23.60,2026-05-13,2026-05-12,PARTIAL
SO-10343,2,2026-05-09,RT-2003,RL-KPT,S001,CM-3002,BG,3,2,0,5.40,3.90,2026-05-13,2026-05-12,PARTIAL
SO-10343,3,2026-05-09,RT-2003,RL-KPT,S001,SX-7001,SQ,1,1,0,94.50,68.05,2026-05-13,2026-05-12,PARTIAL
SO-10344,1,2026-05-09,RT-2002,RL-JCB,S001,PT-5001,EA,1,0,1,44.75,32.20,2026-05-13,,CANCELLED
SO-10345,1,2026-05-09,RT-2001,RL-KPT,S001,FS-2010,EA,2,2,0,1.85,1.33,2026-05-15,2026-05-12,SHIPPED
SO-10345,2,2026-05-09,RT-2001,RL-KPT,S001,RF-4001,BNDL,2,2,0,38.75,27.90,2026-05-15,2026-05-12,SHIPPED
SO-10345,3,2026-05-09,RT-2001,RL-KPT,S001,DW-6010,EA,1,1,0,312.00,224.60,2026-05-15,2026-05-12,SHIPPED
SO-10346,1,2026-05-09,RT-2002,RL-BRI,S001,RM-1001,EA,10,10,0,3.98,2.86,2026-05-15,2026-05-10,SHIPPED
SO-10346,2,2026-05-09,RT-2002,RL-BRI,S001,CM-3010,BG,1,1,0,12.90,9.30,2026-05-15,2026-05-10,SHIPPED
SO-10346,3,2026-05-09,RT-2002,RL-BRI,S001,FS-2001,BX,2,2,0,28.50,20.60,2026-05-15,2026-05-10,SHIPPED
SO-10347,1,2026-05-11,CT-1002,RL-BRI,S101,DW-6010,EA,1,1,0,294.72,224.60,2026-05-15,2026-05-16,SHIPPED
SO-10347,2,2026-05-11,CT-1002,RL-BRI,S101,PT-5010,EA,4,4,0,12.04,9.05,2026-05-15,2026-05-16,SHIPPED
SO-10347,3,2026-05-11,CT-1002,RL-BRI,S101,DW-6001,EA,1,1,0,85.76,64.10,2026-05-15,2026-05-16,SHIPPED
SO-10347,4,2026-05-11,CT-1002,RL-BRI,S101,SX-7001,SQ,1,1,0,91.96,68.05,2026-05-15,2026-05-16,SHIPPED
SO-10348,1,2026-05-11,CT-1007,RL-JCB,S104,SX-7010,EA,1,1,0,14.72,10.65,2026-05-17,2026-05-12,SHIPPED
SO-10348,2,2026-05-11,CT-1007,RL-JCB,S104,PT-5010,EA,3,3,0,12.41,9.05,2026-05-17,2026-05-12,SHIPPED
SO-10349,1,2026-05-12,CT-1002,RL-BRI,S102,TL-9002,EA,1,1,0,8.71,6.40,2026-05-14,2026-05-15,SHIPPED
SO-10349,2,2026-05-12,CT-1002,RL-BRI,S102,DW-6002,EA,1,1,0,285.79,208.10,2026-05-14,2026-05-15,SHIPPED
SO-10349,3,2026-05-12,CT-1002,RL-BRI,S102,CM-3002,BG,2,2,0,4.86,3.90,2026-05-14,2026-05-15,SHIPPED
SO-10349,4,2026-05-12,CT-1002,RL-BRI,S102,PT-5002,EA,1,1,0,30.63,23.70,2026-05-14,2026-05-15,SHIPPED
SO-10349,5,2026-05-12,CT-1002,RL-BRI,S102,SX-7001,SQ,1,1,0,89.54,68.05,2026-05-14,2026-05-15,SHIPPED
SO-10350,1,2026-05-12,BL-3002,RL-BRI,S101,RF-4020,LF,2,2,0,2.14,1.69,2026-05-18,2026-05-14,SHIPPED
SO-10350,2,2026-05-12,BL-3002,RL-BRI,S101,PT-5011,BG,1,1,0,16.62,13.25,2026-05-18,2026-05-14,SHIPPED
SO-10350,3,2026-05-12,BL-3002,RL-BRI,S101,SX-7001,SQ,1,1,0,87.82,68.05,2026-05-18,2026-05-14,SHIPPED
SO-10350,4,2026-05-12,BL-3002,RL-BRI,S101,RM-1002,EA,7,7,0,6.28,4.95,2026-05-18,2026-05-14,SHIPPED
SO-10351,1,2026-05-13,CT-1002,RL-KPT,S103,RM-1002,EA,2,2,0,6.29,4.95,2026-05-16,2026-05-15,SHIPPED
SO-10351,2,2026-05-13,CT-1002,RL-KPT,S103,RM-1002,EA,3,3,0,6.73,4.95,2026-05-16,2026-05-15,SHIPPED
SO-10351,3,2026-05-13,CT-1002,RL-KPT,S103,SX-7001,SQ,1,1,0,88.08,68.05,2026-05-16,2026-05-15,SHIPPED
SO-10351,4,2026-05-13,CT-1002,RL-KPT,S103,RM-1003,EA,2,2,0,10.65,8.25,2026-05-16,2026-05-15,SHIPPED
SO-10351,5,2026-05-13,CT-1002,RL-KPT,S103,FS-2011,EA,1,1,0,45.19,34.90,2026-05-16,2026-05-15,SHIPPED
SO-10352,1,2026-05-13,CT-1005,RL-BRI,S101,DW-6002,EA,1,1,0,265.34,208.10,2026-05-19,2026-05-14,SHIPPED
SO-10352,2,2026-05-13,CT-1005,RL-BRI,S101,RM-1010,EA,3,3,0,17.14,13.50,2026-05-19,2026-05-14,SHIPPED
SO-10353,1,2026-05-13,CT-1006,RL-BRI,S101,PT-5011,BG,1,1,0,17.15,13.25,2026-05-15,2026-05-15,SHIPPED
SO-10353,2,2026-05-13,CT-1006,RL-BRI,S101,DW-6002,EA,1,1,0,286.51,208.10,2026-05-15,2026-05-15,SHIPPED
SO-10354,1,2026-05-13,CT-1001,RL-BRI,S101,CM-3002,BG,3,3,0,5.15,3.90,2026-05-16,2026-05-17,SHIPPED
SO-10354,2,2026-05-13,CT-1001,RL-BRI,S101,FS-2010,EA,9,9,0,1.74,1.33,2026-05-16,2026-05-17,SHIPPED
SO-10354,3,2026-05-13,CT-1001,RL-BRI,S101,SX-7001,SQ,1,1,0,94.13,68.05,2026-05-16,2026-05-17,SHIPPED
SO-10354,4,2026-05-13,CT-1001,RL-BRI,S101,RF-4010,RL,2,2,0,27.09,21.50,2026-05-16,2026-05-17,SHIPPED
SO-10354,5,2026-05-13,CT-1001,RL-BRI,S101,TL-9001,EA,2,2,0,6.05,4.50,2026-05-16,2026-05-17,SHIPPED
SO-10355,1,2026-05-14,CT-1004,RL-KPT,S105,FS-2001,BX,2,2,0,28.15,20.60,2026-05-16,2026-05-17,SHIPPED
SO-10355,2,2026-05-14,CT-1004,RL-KPT,S105,CM-3002,BG,2,2,0,5.03,3.90,2026-05-16,2026-05-17,SHIPPED
SO-10356,1,2026-05-14,CT-1006,RL-KPT,S105,PT-5001,EA,1,1,0,43.17,32.20,2026-05-18,2026-05-16,SHIPPED
SO-10356,2,2026-05-14,CT-1006,RL-KPT,S105,RM-1001,EA,9,5,0,3.65,2.86,2026-05-18,2026-05-16,SHIPPED
SO-10357,1,2026-05-14,BL-3001,RL-JCB,S104,SX-7001,SQ,1,1,0,87.41,68.05,2026-05-19,2026-05-15,SHIPPED
SO-10357,2,2026-05-14,BL-3001,RL-JCB,S104,PT-5002,EA,1,1,0,30.43,23.70,2026-05-19,2026-05-15,SHIPPED
SO-10357,3,2026-05-14,BL-3001,RL-JCB,S104,RM-1001,EA,3,3,0,3.48,2.86,2026-05-19,2026-05-15,SHIPPED
SO-10357,4,2026-05-14,BL-3001,RL-JCB,S104,RM-1001,EA,4,2,0,3.72,2.86,2026-05-19,2026-05-15,SHIPPED
SO-10357,5,2026-05-14,BL-3001,RL-JCB,S104,PT-5002,EA,1,1,0,29.94,23.70,2026-05-19,2026-05-15,SHIPPED
SO-10358,1,2026-05-15,CT-1004,RL-BRI,S102,RM-1022,EA,5,5,0,8.50,6.45,2026-05-19,2026-05-23,SHIPPED
SO-10359,1,2026-05-15,BL-3001,RL-BRI,S101,CM-3010,BG,2,1,0,11.38,9.30,2026-05-17,2026-05-18,PARTIAL
SO-10359,2,2026-05-15,BL-3001,RL-BRI,S101,RM-1002,EA,10,7,0,6.18,4.95,2026-05-17,2026-05-18,PARTIAL
SO-10359,3,2026-05-15,BL-3001,RL-BRI,S101,RF-4001,BNDL,5,4,0,33.33,27.90,2026-05-17,2026-05-18,PARTIAL
SO-10359,4,2026-05-15,BL-3001,RL-BRI,S101,DW-6010,EA,1,1,0,269.61,224.60,2026-05-17,2026-05-18,PARTIAL
SO-10359,5,2026-05-15,BL-3001,RL-BRI,S101,RF-4020,LF,5,4,0,2.07,1.69,2026-05-17,2026-05-18,PARTIAL
SO-10360,1,2026-05-15,BL-3001,RL-KPT,S105,SX-7001,SQ,1,1,0,83.80,68.05,2026-05-21,2026-05-18,SHIPPED
SO-10361,1,2026-05-15,BL-3002,RL-JCB,S104,RF-4011,RL,1,1,0,94.41,78.85,2026-05-22,2026-05-17,SHIPPED
SO-10361,2,2026-05-15,BL-3002,RL-JCB,S104,DW-6010,EA,1,1,0,283.95,224.60,2026-05-22,2026-05-17,SHIPPED
SO-10361,3,2026-05-15,BL-3002,RL-JCB,S104,PT-5001,EA,1,1,0,40.18,32.20,2026-05-22,2026-05-17,SHIPPED
SO-10361,4,2026-05-15,BL-3002,RL-JCB,S104,PT-5001,EA,1,1,0,40.35,32.20,2026-05-22,2026-05-17,SHIPPED
SO-10362,1,2026-05-16,RT-2003,RL-KPT,S001,RM-1003,EA,2,2,0,11.40,8.25,2026-05-18,2026-05-17,PARTIAL
SO-10362,2,2026-05-16,RT-2003,RL-KPT,S001,RM-1011,EA,3,1,0,24.90,17.95,2026-05-18,2026-05-17,PARTIAL
SO-10362,3,2026-05-16,RT-2003,RL-KPT,S001,SX-7001,SQ,1,1,0,94.50,68.05,2026-05-18,2026-05-17,PARTIAL
SO-10362,4,2026-05-16,RT-2003,RL-KPT,S001,DW-6010,EA,1,1,0,312.00,224.60,2026-05-18,2026-05-17,PARTIAL
SO-10363,1,2026-05-16,RT-2002,RL-JCB,S001,SX-7010,EA,1,1,0,14.80,10.65,2026-05-21,2026-05-17,SHIPPED
SO-10364,1,2026-05-16,RT-2002,RL-KPT,S001,RM-1001,EA,9,7,0,3.98,2.86,2026-05-23,2026-05-18,SHIPPED
SO-10365,1,2026-05-18,BL-3002,RL-BRI,S102,RM-1003,EA,1,1,0,10.20,8.25,2026-05-22,2026-05-20,SHIPPED
SO-10365,2,2026-05-18,BL-3002,RL-BRI,S102,PT-5002,EA,1,1,0,30.34,23.70,2026-05-22,2026-05-20,SHIPPED
SO-10365,3,2026-05-18,BL-3002,RL-BRI,S102,FS-2002,BX,2,2,0,28.93,23.60,2026-05-22,2026-05-20,SHIPPED
SO-10365,4,2026-05-18,BL-3002,RL-BRI,S102,RM-1001,EA,10,10,0,3.47,2.86,2026-05-22,2026-05-20,SHIPPED
SO-10366,1,2026-05-18,CT-1004,RL-KPT,S103,PT-5001,EA,1,1,0,43.37,32.20,2026-05-23,2026-05-20,SHIPPED
SO-10366,2,2026-05-18,CT-1004,RL-KPT,S103,SX-7010,EA,1,1,0,14.18,10.65,2026-05-23,2026-05-20,SHIPPED
SO-10366,3,2026-05-18,CT-1004,RL-KPT,S103,PT-5001,EA,1,1,0,41.00,32.20,2026-05-23,2026-05-20,SHIPPED
SO-10367,1,2026-05-19,CT-1001,RL-KPT,S103,PT-5001,EA,2,2,0,42.07,32.20,2026-05-26,2026-05-21,SHIPPED
SO-10367,2,2026-05-19,CT-1001,RL-KPT,S103,RM-1001,EA,6,6,0,3.59,2.86,2026-05-26,2026-05-21,SHIPPED
SO-10368,1,2026-05-19,CT-1002,RL-BRI,S102,RF-4010,RL,1,1,0,29.06,21.50,2026-05-22,2026-05-20,SHIPPED
SO-10368,2,2026-05-19,CT-1002,RL-BRI,S102,PT-5001,EA,2,2,0,41.15,32.20,2026-05-22,2026-05-20,SHIPPED
SO-10368,3,2026-05-19,CT-1002,RL-BRI,S102,FS-2011,EA,1,1,0,43.75,34.90,2026-05-22,2026-05-20,SHIPPED
SO-10368,4,2026-05-19,CT-1002,RL-BRI,S102,FS-2001,BX,1,1,0,25.97,20.60,2026-05-22,2026-05-20,SHIPPED
SO-10368,5,2026-05-19,CT-1002,RL-BRI,S102,CM-3002,BG,2,2,0,5.30,3.90,2026-05-22,2026-05-20,SHIPPED
SO-10369,1,2026-05-19,CT-1003,RL-JCB,S104,CM-3001,BG,3,3,0,6.38,4.95,2026-05-26,2026-05-21,SHIPPED
SO-10370,1,2026-05-20,CT-1004,RL-JCB,S104,RF-4002,BNDL,1,1,0,52.13,37.65,2026-05-26,2026-05-21,SHIPPED
SO-10370,2,2026-05-20,CT-1004,RL-JCB,S104,TL-9002,EA,1,1,0,8.43,6.40,2026-05-26,2026-05-21,SHIPPED
SO-10370,3,2026-05-20,CT-1004,RL-JCB,S104,RM-1011,EA,1,1,0,24.61,17.95,2026-05-26,2026-05-21,SHIPPED
SO-10371,1,2026-05-20,BL-3001,RL-BRI,S102,TL-9002,EA,2,2,0,8.11,6.40,2026-05-23,2026-05-24,SHIPPED
SO-10371,2,2026-05-20,BL-3001,RL-BRI,S102,RM-1003,EA,2,2,0,10.22,8.25,2026-05-23,2026-05-24,SHIPPED
SO-10371,3,2026-05-20,BL-3001,RL-BRI,S102,CM-3020,EA,1,1,0,13.27,10.25,2026-05-23,2026-05-24,SHIPPED
SO-10372,1,2026-05-20,BL-3002,RL-BRI,S102,PT-5002,EA,1,1,0,29.18,23.70,2026-05-24,2026-05-23,SHIPPED
SO-10372,2,2026-05-20,BL-3002,RL-BRI,S102,SX-7001,SQ,1,1,0,87.35,68.05,2026-05-24,2026-05-23,SHIPPED
SO-10372,3,2026-05-20,BL-3002,RL-BRI,S102,RF-4020,LF,4,3,0,2.07,1.69,2026-05-24,2026-05-23,SHIPPED
SO-10372,4,2026-05-20,BL-3002,RL-BRI,S102,RM-1011,EA,2,2,0,23.09,17.95,2026-05-24,2026-05-23,SHIPPED
SO-10372,5,2026-05-20,BL-3002,RL-BRI,S102,RM-1020,EA,3,3,0,4.86,4.05,2026-05-24,2026-05-23,SHIPPED
SO-10373,1,2026-05-21,CT-1006,RL-BRI,S101,FS-2001,BX,3,3,0,27.76,20.60,2026-05-25,2026-05-24,SHIPPED
SO-10373,2,2026-05-21,CT-1006,RL-BRI,S101,RF-4001,BNDL,1,1,0,38.06,27.90,2026-05-25,2026-05-24,SHIPPED
SO-10374,1,2026-05-21,CT-1007,RL-JCB,S104,CM-3002,BG,1,1,0,5.28,3.90,2026-05-26,2026-05-25,SHIPPED
SO-10374,2,2026-05-21,CT-1007,RL-JCB,S104,SX-7010,EA,1,1,0,14.49,10.65,2026-05-26,2026-05-25,SHIPPED
SO-10374,3,2026-05-21,CT-1007,RL-JCB,S104,RF-4020,LF,4,4,0,2.34,1.69,2026-05-26,2026-05-25,SHIPPED
SO-10374,4,2026-05-21,CT-1007,RL-JCB,S104,DW-6002,EA,1,1,0,276.24,208.10,2026-05-26,2026-05-25,SHIPPED
SO-10374,5,2026-05-21,CT-1007,RL-JCB,S104,PT-5010,EA,1,1,0,11.73,9.05,2026-05-26,2026-05-25,SHIPPED
SO-10375,1,2026-05-22,CT-1001,RL-KPT,S105,RF-4011,RL,1,1,0,108.65,78.85,2026-05-26,2026-05-26,SHIPPED
SO-10375,2,2026-05-22,CT-1001,RL-KPT,S105,FS-2002,BX,2,2,0,31.34,23.60,2026-05-26,2026-05-26,SHIPPED
SO-10376,1,2026-05-22,BL-3002,RL-JCB,S104,CM-3001,BG,3,2,0,6.42,4.95,2026-05-27,2026-05-26,PARTIAL
SO-10376,2,2026-05-22,BL-3002,RL-JCB,S104,RF-4011,RL,1,1,0,99.01,78.85,2026-05-27,2026-05-26,PARTIAL
SO-10377,1,2026-05-22,CT-1001,RL-JCB,S104,CM-3010,BG,1,1,0,12.20,9.30,2026-05-24,2026-05-26,SHIPPED
SO-10377,2,2026-05-22,CT-1001,RL-JCB,S104,PT-5010,EA,2,2,0,12.42,9.05,2026-05-24,2026-05-26,SHIPPED
SO-10378,1,2026-05-22,CT-1007,RL-BRI,S101,CM-3002,BG,1,1,0,5.09,3.90,2026-05-25,2026-05-26,SHIPPED
SO-10378,2,2026-05-22,CT-1007,RL-BRI,S101,TL-9001,EA,2,2,0,5.82,4.50,2026-05-25,2026-05-26,SHIPPED
SO-10378,3,2026-05-22,CT-1007,RL-BRI,S101,CM-3001,BG,6,6,0,6.35,4.95,2026-05-25,2026-05-26,SHIPPED
SO-10378,4,2026-05-22,CT-1007,RL-BRI,S101,RM-1001,EA,16,16,0,3.91,2.86,2026-05-25,2026-05-26,SHIPPED
SO-10378,5,2026-05-22,CT-1007,RL-BRI,S101,CM-3020,EA,2,2,0,14.08,10.25,2026-05-25,2026-05-26,SHIPPED
SO-10379,1,2026-05-23,RT-2001,RL-KPT,S001,FS-2011,EA,1,1,0,48.50,34.90,2026-05-27,2026-05-26,SHIPPED
SO-10379,2,2026-05-23,RT-2001,RL-KPT,S001,DW-6010,EA,1,1,0,312.00,224.60,2026-05-27,2026-05-26,SHIPPED
SO-10379,3,2026-05-23,RT-2001,RL-KPT,S001,FS-2011,EA,1,1,0,48.50,34.90,2026-05-27,2026-05-26,SHIPPED
SO-10379,4,2026-05-23,RT-2001,RL-KPT,S001,RM-1003,EA,1,1,0,11.40,8.25,2026-05-27,2026-05-26,SHIPPED
SO-10380,1,2026-05-23,RT-2003,RL-KPT,S001,DW-6002,EA,1,1,0,289.00,208.10,2026-05-30,2026-05-25,SHIPPED
SO-10381,1,2026-05-23,RT-2001,RL-KPT,S001,SX-7010,EA,1,1,0,14.80,10.65,2026-05-29,2026-05-25,SHIPPED
SO-10381,2,2026-05-23,RT-2001,RL-KPT,S001,SX-7010,EA,1,1,0,14.80,10.65,2026-05-29,2026-05-25,SHIPPED
SO-10381,3,2026-05-23,RT-2001,RL-KPT,S001,CM-3001,BG,4,2,0,6.85,4.95,2026-05-29,2026-05-25,SHIPPED
SO-10382,1,2026-05-23,RT-2002,RL-KPT,S001,SX-7001,SQ,1,1,0,94.50,68.05,2026-05-28,2026-05-25,PARTIAL
SO-10382,2,2026-05-23,RT-2002,RL-KPT,S001,FS-2010,EA,3,1,0,1.85,1.33,2026-05-28,2026-05-25,PARTIAL
SO-10382,3,2026-05-23,RT-2002,RL-KPT,S001,RM-1021,EA,1,1,0,38.90,28.10,2026-05-28,2026-05-25,PARTIAL
SO-10382,4,2026-05-23,RT-2002,RL-KPT,S001,DW-6001,EA,1,1,0,89.00,64.10,2026-05-28,2026-05-25,PARTIAL
SO-10383,1,2026-05-23,RT-2002,RL-BRI,S001,SX-7001,SQ,1,1,0,94.50,68.05,2026-05-27,2026-05-25,PARTIAL
SO-10383,2,2026-05-23,RT-2002,RL-BRI,S001,RM-1021,EA,1,1,0,38.90,28.10,2026-05-27,2026-05-25,PARTIAL
SO-10384,1,2026-05-26,BL-3002,RL-BRI,S102,RM-1001,EA,8,8,0,3.64,2.86,2026-05-29,2026-05-30,SHIPPED
SO-10384,2,2026-05-26,BL-3002,RL-BRI,S102,CM-3010,BG,2,2,0,11.96,9.30,2026-05-29,2026-05-30,SHIPPED
SO-10385,1,2026-05-26,CT-1003,RL-KPT,S103,DW-6001,EA,1,1,0,82.00,64.10,2026-05-31,2026-05-28,SHIPPED
SO-10385,2,2026-05-26,CT-1003,RL-KPT,S103,PT-5002,EA,1,1,0,29.65,23.70,2026-05-31,2026-05-28,SHIPPED
SO-10385,3,2026-05-26,CT-1003,RL-KPT,S103,CM-3002,BG,2,2,0,5.21,3.90,2026-05-31,2026-05-28,SHIPPED
SO-10385,4,2026-05-26,CT-1003,RL-KPT,S103,PT-5010,EA,1,1,0,11.86,9.05,2026-05-31,2026-05-28,SHIPPED
SO-10385,5,2026-05-26,CT-1003,RL-KPT,S103,TL-9002,EA,2,2,0,8.49,6.40,2026-05-31,2026-05-28,SHIPPED
SO-10386,1,2026-05-27,CT-1003,RL-BRI,S101,RF-4020,LF,8,8,0,2.13,1.69,2026-06-02,2026-05-29,SHIPPED
SO-10386,2,2026-05-27,CT-1003,RL-BRI,S101,RM-1002,EA,7,7,0,6.43,4.95,2026-06-02,2026-05-29,SHIPPED
SO-10386,3,2026-05-27,CT-1003,RL-BRI,S101,CM-3010,BG,1,1,0,11.63,9.30,2026-06-02,2026-05-29,SHIPPED
SO-10387,1,2026-05-27,CT-1001,RL-KPT,S103,TL-9002,EA,1,1,0,8.19,6.40,2026-05-31,2026-06-03,SHIPPED
SO-10387,2,2026-05-27,CT-1001,RL-KPT,S103,RM-1003,EA,1,1,0,11.39,8.25,2026-05-31,2026-06-03,SHIPPED
SO-10388,1,2026-05-27,CT-1008,RL-KPT,S105,DW-6002,EA,1,1,0,260.78,208.10,2026-05-30,2026-05-28,SHIPPED
SO-10388,2,2026-05-27,CT-1008,RL-KPT,S105,PT-5001,EA,1,1,0,40.52,32.20,2026-05-30,2026-05-28,SHIPPED
SO-10388,3,2026-05-27,CT-1008,RL-KPT,S105,CM-3020,EA,2,2,0,13.14,10.25,2026-05-30,2026-05-28,SHIPPED
SO-10389,1,2026-05-27,CT-1007,RL-KPT,S103,CM-3002,BG,1,1,0,5.16,3.90,2026-06-01,2026-06-03,SHIPPED
SO-10390,1,2026-05-28,CT-1004,RL-KPT,S105,CM-3020,EA,1,1,0,14.20,10.25,2026-06-04,2026-05-30,SHIPPED
SO-10390,2,2026-05-28,CT-1004,RL-KPT,S105,CM-3001,BG,3,3,0,6.22,4.95,2026-06-04,2026-05-30,SHIPPED
SO-10390,3,2026-05-28,CT-1004,RL-KPT,S105,PT-5010,EA,2,2,0,11.90,9.05,2026-06-04,2026-05-30,SHIPPED
SO-10390,4,2026-05-28,CT-1004,RL-KPT,S105,DW-6010,EA,1,1,0,305.56,224.60,2026-06-04,2026-05-30,SHIPPED
SO-10391,1,2026-05-28,CT-1001,RL-JCB,S104,SX-7010,EA,1,1,0,14.15,10.65,2026-05-30,2026-05-30,SHIPPED
SO-10391,2,2026-05-28,CT-1001,RL-JCB,S104,TL-9001,EA,1,1,0,5.92,4.50,2026-05-30,2026-05-30,SHIPPED
SO-10391,3,2026-05-28,CT-1001,RL-JCB,S104,FS-2002,BX,2,2,0,31.87,23.60,2026-05-30,2026-05-30,SHIPPED
SO-10392,1,2026-05-29,CT-1008,RL-BRI,S102,RM-1003,EA,4,4,0,11.32,8.25,2026-06-03,2026-05-30,SHIPPED
SO-10392,2,2026-05-29,CT-1008,RL-BRI,S102,FS-2010,EA,4,4,0,1.71,1.33,2026-06-03,2026-05-30,SHIPPED
SO-10392,3,2026-05-29,CT-1008,RL-BRI,S102,PT-5002,EA,1,1,0,31.88,23.70,2026-06-03,2026-05-30,SHIPPED
SO-10393,1,2026-05-29,CT-1001,RL-KPT,S105,RM-1002,EA,6,4,0,6.34,4.95,2026-06-05,2026-06-01,PARTIAL
SO-10393,2,2026-05-29,CT-1001,RL-KPT,S105,SX-7010,EA,1,1,0,13.69,10.65,2026-06-05,2026-06-01,PARTIAL
SO-10394,1,2026-05-29,BL-3002,RL-JCB,S104,RM-1020,EA,1,1,0,5.01,4.05,2026-05-31,2026-06-02,SHIPPED
SO-10395,1,2026-05-30,RT-2002,RL-KPT,S001,PT-5002,EA,1,1,0,32.90,23.70,2026-06-05,2026-05-31,SHIPPED
SO-10395,2,2026-05-30,RT-2002,RL-KPT,S001,CM-3002,BG,3,3,0,5.40,3.90,2026-06-05,2026-05-31,SHIPPED
SO-10395,3,2026-05-30,RT-2002,RL-KPT,S001,RF-4011,RL,1,1,0,109.50,78.85,2026-06-05,2026-05-31,SHIPPED
SO-10395,4,2026-05-30,RT-2002,RL-KPT,S001,TL-9002,EA,1,1,0,8.90,6.40,2026-06-05,2026-05-31,SHIPPED
SO-10396,1,2026-05-30,RT-2003,RL-BRI,S001,FS-2011,EA,1,1,0,48.50,34.90,2026-06-04,2026-06-01,SHIPPED
SO-10396,2,2026-05-30,RT-2003,RL-BRI,S001,CM-3002,BG,2,1,0,5.40,3.90,2026-06-04,2026-06-01,SHIPPED
SO-10397,1,2026-05-30,RT-2002,RL-JCB,S001,PT-5011,BG,1,1,0,18.40,13.25,2026-06-04,2026-06-05,SHIPPED
SO-10397,2,2026-05-30,RT-2002,RL-JCB,S001,CM-3020,EA,1,1,0,14.25,10.25,2026-06-04,2026-06-05,SHIPPED
SO-10397,3,2026-05-30,RT-2002,RL-JCB,S001,RM-1021,EA,1,1,0,38.90,28.10,2026-06-04,2026-06-05,SHIPPED
SO-10397,4,2026-05-30,RT-2002,RL-JCB,S001,RM-1001,EA,7,7,0,3.98,2.86,2026-06-04,2026-06-05,SHIPPED
SO-10398,1,2026-05-30,RT-2001,RL-KPT,S001,TL-9001,EA,3,3,0,6.25,4.50,2026-06-01,2026-06-02,SHIPPED
SO-10398,2,2026-05-30,RT-2001,RL-KPT,S001,PT-5001,EA,1,1,0,44.75,32.20,2026-06-01,2026-06-02,SHIPPED
SO-10398,3,2026-05-30,RT-2001,RL-KPT,S001,RF-4020,LF,5,5,0,2.35,1.69,2026-06-01,2026-06-02,SHIPPED
SO-10398,4,2026-05-30,RT-2001,RL-KPT,S001,DW-6001,EA,1,1,0,89.00,64.10,2026-06-01,2026-06-02,SHIPPED
SO-10399,1,2026-05-30,RT-2001,RL-BRI,S001,RF-4002,BNDL,1,1,0,52.30,37.65,2026-06-06,2026-06-07,SHIPPED
SO-10399,2,2026-05-30,RT-2001,RL-BRI,S001,CM-3020,EA,1,1,0,14.25,10.25,2026-06-06,2026-06-07,SHIPPED
SO-10399,3,2026-05-30,RT-2001,RL-BRI,S001,TL-9001,EA,3,3,0,6.25,4.50,2026-06-06,2026-06-07,SHIPPED
SO-10399,4,2026-05-30,RT-2001,RL-BRI,S001,RM-1001,EA,16,16,0,3.98,2.86,2026-06-06,2026-06-07,SHIPPED
SO-10400,1,2026-06-01,CT-1001,RL-KPT,S103,RM-1020,EA,1,1,0,5.57,4.05,2026-06-08,2026-06-05,SHIPPED
SO-10400,2,2026-06-01,CT-1001,RL-KPT,S103,TL-9001,EA,3,3,0,6.19,4.50,2026-06-08,2026-06-05,SHIPPED
SO-10400,3,2026-06-01,CT-1001,RL-KPT,S103,PT-5011,BG,1,1,0,16.82,13.25,2026-06-08,2026-06-05,SHIPPED
SO-10401,1,2026-06-01,BL-3001,RL-JCB,S104,SX-7001,SQ,1,1,0,85.36,68.05,2026-06-04,2026-06-05,SHIPPED
SO-10401,2,2026-06-01,BL-3001,RL-JCB,S104,CM-3020,EA,1,1,0,13.01,10.25,2026-06-04,2026-06-05,SHIPPED
SO-10401,3,2026-06-01,BL-3001,RL-JCB,S104,RM-1020,EA,1,1,0,4.83,4.05,2026-06-04,2026-06-05,SHIPPED
SO-10401,4,2026-06-01,BL-3001,RL-JCB,S104,RF-4020,LF,4,4,0,2.06,1.69,2026-06-04,2026-06-05,SHIPPED
SO-10402,1,2026-06-01,CT-1005,RL-KPT,S103,PT-5001,EA,2,2,0,43.70,32.20,2026-06-08,2026-06-05,SHIPPED
SO-10402,2,2026-06-01,CT-1005,RL-KPT,S103,RM-1011,EA,3,3,0,24.20,17.95,2026-06-08,2026-06-05,SHIPPED
SO-10403,1,2026-06-02,CT-1007,RL-KPT,S105,CM-3001,BG,6,6,0,6.42,4.95,2026-06-05,2026-06-10,SHIPPED
SO-10403,2,2026-06-02,CT-1007,RL-KPT,S105,RF-4020,LF,6,6,0,2.12,1.69,2026-06-05,2026-06-10,SHIPPED
SO-10404,1,2026-06-02,CT-1001,RL-KPT,S103,CM-3010,BG,1,1,0,12.02,9.30,2026-06-07,2026-06-04,SHIPPED
SO-10404,2,2026-06-02,CT-1001,RL-KPT,S103,RF-4010,RL,1,1,0,28.27,21.50,2026-06-07,2026-06-04,SHIPPED
SO-10404,3,2026-06-02,CT-1001,RL-KPT,S103,RF-4010,RL,1,1,0,29.31,21.50,2026-06-07,2026-06-04,SHIPPED
SO-10404,4,2026-06-02,CT-1001,RL-KPT,S103,RM-1003,EA,2,2,0,11.39,8.25,2026-06-07,2026-06-04,SHIPPED
SO-10405,1,2026-06-02,CT-1002,RL-BRI,S102,FS-2002,BX,3,3,0,31.87,23.60,2026-06-09,2026-06-12,SHIPPED
SO-10405,2,2026-06-02,CT-1002,RL-BRI,S102,CM-3010,BG,1,1,0,11.84,9.30,2026-06-09,2026-06-12,SHIPPED
SO-10406,1,2026-06-02,CT-1008,RL-KPT,S105,TL-9001,EA,3,3,0,5.87,4.50,2026-06-09,2026-06-05,SHIPPED
SO-10406,2,2026-06-02,CT-1008,RL-KPT,S105,RF-4010,RL,1,1,0,29.01,21.50,2026-06-09,2026-06-05,SHIPPED
SO-10407,1,2026-06-03,CT-1007,RL-BRI,S102,FS-2001,BX,2,2,0,28.21,20.60,2026-06-09,2026-06-07,SHIPPED
SO-10408,1,2026-06-03,CT-1004,RL-BRI,S101,FS-2002,BX,2,2,0,31.70,23.60,2026-06-10,2026-06-04,SHIPPED
SO-10409,1,2026-06-03,CT-1003,RL-JCB,S104,DW-6010,EA,1,1,0,293.40,224.60,2026-06-07,2026-06-06,PARTIAL
SO-10409,2,2026-06-03,CT-1003,RL-JCB,S104,RM-1003,EA,1,1,0,10.61,8.25,2026-06-07,2026-06-06,PARTIAL
SO-10409,3,2026-06-03,CT-1003,RL-JCB,S104,FS-2011,EA,1,1,0,47.01,34.90,2026-06-07,2026-06-06,PARTIAL
SO-10409,4,2026-06-03,CT-1003,RL-JCB,S104,RM-1020,EA,2,2,0,5.40,4.05,2026-06-07,2026-06-06,PARTIAL
SO-10410,1,2026-06-03,CT-1005,RL-KPT,S105,CM-3010,BG,1,1,0,12.35,9.30,2026-06-07,2026-06-07,PARTIAL
SO-10411,1,2026-06-04,CT-1002,RL-JCB,S104,RM-1021,EA,1,1,0,38.36,28.10,2026-06-09,2026-06-07,SHIPPED
SO-10411,2,2026-06-04,CT-1002,RL-JCB,S104,FS-2011,EA,1,1,0,45.56,34.90,2026-06-09,2026-06-07,SHIPPED
SO-10411,3,2026-06-04,CT-1002,RL-JCB,S104,TL-9002,EA,1,1,0,8.49,6.40,2026-06-09,2026-06-07,SHIPPED
SO-10411,4,2026-06-04,CT-1002,RL-JCB,S104,RM-1022,EA,3,3,0,8.64,6.45,2026-06-09,2026-06-07,SHIPPED
SO-10412,1,2026-06-04,CT-1002,RL-BRI,S101,CM-3002,BG,3,3,0,5.00,3.90,2026-06-06,2026-06-05,SHIPPED
SO-10412,2,2026-06-04,CT-1002,RL-BRI,S101,RM-1003,EA,1,1,0,10.60,8.25,2026-06-06,2026-06-05,SHIPPED
SO-10412,3,2026-06-04,CT-1002,RL-BRI,S101,FS-2010,EA,6,6,0,1.67,1.33,2026-06-06,2026-06-05,SHIPPED
SO-10412,4,2026-06-04,CT-1002,RL-BRI,S101,RF-4011,RL,1,1,0,108.46,78.85,2026-06-06,2026-06-05,SHIPPED
SO-10412,5,2026-06-04,CT-1002,RL-BRI,S101,RF-4010,RL,2,2,0,28.64,21.50,2026-06-06,2026-06-05,SHIPPED
SO-10413,1,2026-06-04,CT-1006,RL-KPT,S105,CM-3001,BG,2,2,0,6.31,4.95,2026-06-10,2026-06-05,SHIPPED
SO-10413,2,2026-06-04,CT-1006,RL-KPT,S105,FS-2001,BX,1,1,0,26.67,20.60,2026-06-10,2026-06-05,SHIPPED
SO-10413,3,2026-06-04,CT-1006,RL-KPT,S105,FS-2001,BX,2,2,0,27.22,20.60,2026-06-10,2026-06-05,SHIPPED
SO-10413,4,2026-06-04,CT-1006,RL-KPT,S105,RF-4001,BNDL,3,3,0,36.43,27.90,2026-06-10,2026-06-05,SHIPPED
SO-10413,5,2026-06-04,CT-1006,RL-KPT,S105,RM-1020,EA,3,3,0,5.57,4.05,2026-06-10,2026-06-05,SHIPPED
SO-10414,1,2026-06-05,BL-3001,RL-BRI,S102,FS-2002,BX,2,2,0,29.16,23.60,2026-06-12,2026-06-07,SHIPPED
SO-10414,2,2026-06-05,BL-3001,RL-BRI,S102,CM-3020,EA,1,1,0,12.38,10.25,2026-06-12,2026-06-07,SHIPPED
SO-10415,1,2026-06-05,BL-3001,RL-BRI,S102,CM-3010,BG,1,1,0,12.10,9.30,2026-06-12,2026-06-08,SHIPPED
SO-10416,1,2026-06-06,RT-2001,RL-JCB,S001,PT-5002,EA,1,1,0,32.90,23.70,2026-06-08,2026-06-10,SHIPPED
SO-10416,2,2026-06-06,RT-2001,RL-JCB,S001,RF-4002,BNDL,1,1,0,52.30,37.65,2026-06-08,2026-06-10,SHIPPED
SO-10417,1,2026-06-06,RT-2002,RL-BRI,S001,FS-2001,BX,1,1,0,28.50,20.60,2026-06-13,2026-06-10,SHIPPED
SO-10417,2,2026-06-06,RT-2002,RL-BRI,S001,FS-2002,BX,2,2,0,32.75,23.60,2026-06-13,2026-06-10,SHIPPED
SO-10417,3,2026-06-06,RT-2002,RL-BRI,S001,RF-4002,BNDL,1,1,0,52.30,37.65,2026-06-13,2026-06-10,SHIPPED
SO-10417,4,2026-06-06,RT-2002,RL-BRI,S001,PT-5010,EA,4,4,0,12.60,9.05,2026-06-13,2026-06-10,SHIPPED
SO-10417,5,2026-06-06,RT-2002,RL-BRI,S001,DW-6002,EA,1,1,0,289.00,208.10,2026-06-13,2026-06-10,SHIPPED
SO-10418,1,2026-06-06,RT-2002,RL-KPT,S001,RM-1020,EA,3,3,0,5.60,4.05,2026-06-10,2026-06-08,SHIPPED
SO-10418,2,2026-06-06,RT-2002,RL-KPT,S001,RF-4020,LF,6,6,0,2.35,1.69,2026-06-10,2026-06-08,SHIPPED
SO-10418,3,2026-06-06,RT-2002,RL-KPT,S001,RM-1011,EA,3,3,0,24.90,17.95,2026-06-10,2026-06-08,SHIPPED
SO-10418,4,2026-06-06,RT-2002,RL-KPT,S001,FS-2010,EA,6,6,0,1.85,1.33,2026-06-10,2026-06-08,SHIPPED
SO-10419,1,2026-06-08,BL-3001,RL-JCB,S104,RM-1022,EA,2,2,0,8.35,6.45,2026-06-13,2026-06-12,SHIPPED
SO-10419,2,2026-06-08,BL-3001,RL-JCB,S104,RM-1001,EA,7,7,0,3.66,2.86,2026-06-13,2026-06-12,SHIPPED
SO-10419,3,2026-06-08,BL-3001,RL-JCB,S104,CM-3020,EA,1,1,0,13.30,10.25,2026-06-13,2026-06-12,SHIPPED
SO-10419,4,2026-06-08,BL-3001,RL-JCB,S104,RM-1003,EA,2,2,0,10.42,8.25,2026-06-13,2026-06-12,SHIPPED
SO-10419,5,2026-06-08,BL-3001,RL-JCB,S104,CM-3010,BG,1,1,0,11.23,9.30,2026-06-13,2026-06-12,SHIPPED
SO-10420,1,2026-06-08,CT-1006,RL-JCB,S104,CM-3020,EA,1,1,0,14.05,10.25,2026-06-13,2026-06-11,SHIPPED
SO-10420,2,2026-06-08,CT-1006,RL-JCB,S104,RF-4010,RL,1,1,0,27.55,21.50,2026-06-13,2026-06-11,SHIPPED
SO-10420,3,2026-06-08,CT-1006,RL-JCB,S104,DW-6001,EA,1,1,0,88.40,64.10,2026-06-13,2026-06-11,SHIPPED
SO-10420,4,2026-06-08,CT-1006,RL-JCB,S104,RM-1003,EA,2,2,0,11.23,8.25,2026-06-13,2026-06-11,SHIPPED
SO-10421,1,2026-06-08,CT-1001,RL-BRI,S102,DW-6001,EA,1,1,0,84.48,64.10,2026-06-12,2026-06-10,PARTIAL
SO-10421,2,2026-06-08,CT-1001,RL-BRI,S102,RM-1020,EA,3,2,0,5.27,4.05,2026-06-12,2026-06-10,PARTIAL
SO-10421,3,2026-06-08,CT-1001,RL-BRI,S102,TL-9002,EA,1,1,0,8.23,6.40,2026-06-12,2026-06-10,PARTIAL
SO-10422,1,2026-06-09,CT-1007,RL-BRI,S102,SX-7001,SQ,1,1,0,89.15,68.05,2026-06-14,2026-06-13,SHIPPED
SO-10422,2,2026-06-09,CT-1007,RL-BRI,S102,PT-5002,EA,1,1,0,29.97,23.70,2026-06-14,2026-06-13,SHIPPED
SO-10423,1,2026-06-09,CT-1005,RL-BRI,S102,RF-4002,BNDL,1,1,0,49.66,37.65,2026-06-14,2026-06-11,SHIPPED
SO-10423,2,2026-06-09,CT-1005,RL-BRI,S102,FS-2001,BX,1,1,0,28.16,20.60,2026-06-14,2026-06-11,SHIPPED
SO-10423,3,2026-06-09,CT-1005,RL-BRI,S102,PT-5011,BG,1,1,0,18.02,13.25,2026-06-14,2026-06-11,SHIPPED
SO-10424,1,2026-06-09,CT-1003,RL-BRI,S101,RM-1001,EA,10,10,0,3.78,2.86,2026-06-16,2026-06-13,SHIPPED
SO-10424,2,2026-06-09,CT-1003,RL-BRI,S101,DW-6010,EA,1,1,0,296.75,224.60,2026-06-16,2026-06-13,SHIPPED
SO-10425,1,2026-06-10,CT-1005,RL-JCB,S104,RM-1021,EA,1,1,0,35.71,28.10,2026-06-17,2026-06-14,SHIPPED
SO-10425,2,2026-06-10,CT-1005,RL-JCB,S104,FS-2002,BX,1,1,0,29.60,23.60,2026-06-17,2026-06-14,SHIPPED
SO-10426,1,2026-06-10,CT-1004,RL-JCB,S104,RF-4011,RL,1,1,0,100.98,78.85,2026-06-12,2026-06-14,SHIPPED
SO-10426,2,2026-06-10,CT-1004,RL-JCB,S104,DW-6010,EA,1,1,0,300.89,224.60,2026-06-12,2026-06-14,SHIPPED
SO-10426,3,2026-06-10,CT-1004,RL-JCB,S104,RF-4011,RL,1,1,0,108.88,78.85,2026-06-12,2026-06-14,SHIPPED
SO-10426,4,2026-06-10,CT-1004,RL-JCB,S104,DW-6002,EA,1,1,0,265.35,208.10,2026-06-12,2026-06-14,SHIPPED
SO-10426,5,2026-06-10,CT-1004,RL-JCB,S104,RM-1001,EA,3,3,0,3.67,2.86,2026-06-12,2026-06-14,SHIPPED
SO-10427,1,2026-06-11,CT-1005,RL-JCB,S104,RM-1021,EA,1,1,0,38.01,28.10,2026-06-16,2026-06-14,SHIPPED
SO-10427,2,2026-06-11,CT-1005,RL-JCB,S104,FS-2001,BX,1,1,0,26.68,20.60,2026-06-16,2026-06-14,SHIPPED
SO-10428,1,2026-06-11,BL-3002,RL-KPT,S105,RM-1022,EA,1,1,0,8.33,6.45,2026-06-14,2026-06-12,SHIPPED
SO-10428,2,2026-06-11,BL-3002,RL-KPT,S105,CM-3001,BG,3,3,0,5.95,4.95,2026-06-14,2026-06-12,SHIPPED
SO-10428,3,2026-06-11,BL-3002,RL-KPT,S105,PT-5001,EA,1,1,0,41.21,32.20,2026-06-14,2026-06-12,SHIPPED
SO-10429,1,2026-06-11,BL-3001,RL-KPT,S103,SX-7001,SQ,1,1,0,84.57,68.05,2026-06-14,2026-06-14,SHIPPED
SO-10429,2,2026-06-11,BL-3001,RL-KPT,S103,TL-9001,EA,2,2,0,5.63,4.50,2026-06-14,2026-06-14,SHIPPED
SO-10430,1,2026-06-12,CT-1003,RL-KPT,S103,DW-6001,EA,1,1,0,84.67,64.10,2026-06-16,2026-06-14,PARTIAL
SO-10431,1,2026-06-12,CT-1002,RL-BRI,S102,CM-3002,BG,3,3,0,5.14,3.90,2026-06-18,2026-06-23,SHIPPED
SO-10431,2,2026-06-12,CT-1002,RL-BRI,S102,RF-4001,BNDL,3,3,0,37.62,27.90,2026-06-18,2026-06-23,SHIPPED
SO-10431,3,2026-06-12,CT-1002,RL-BRI,S102,RM-1022,EA,2,1,0,8.09,6.45,2026-06-18,2026-06-23,SHIPPED
SO-10431,4,2026-06-12,CT-1002,RL-BRI,S102,FS-2002,BX,3,3,0,29.91,23.60,2026-06-18,2026-06-23,SHIPPED
SO-10432,1,2026-06-13,RT-2001,RL-JCB,S001,RF-4001,BNDL,3,3,0,38.75,27.90,2026-06-16,2026-06-16,SHIPPED
SO-10432,2,2026-06-13,RT-2001,RL-JCB,S001,RF-4010,RL,1,1,0,29.90,21.50,2026-06-16,2026-06-16,SHIPPED
SO-10432,3,2026-06-13,RT-2001,RL-JCB,S001,PT-5002,EA,1,1,0,32.90,23.70,2026-06-16,2026-06-16,SHIPPED
SO-10432,4,2026-06-13,RT-2001,RL-JCB,S001,FS-2011,EA,1,1,0,48.50,34.90,2026-06-16,2026-06-16,SHIPPED
SO-10432,5,2026-06-13,RT-2001,RL-JCB,S001,RM-1021,EA,1,1,0,38.90,28.10,2026-06-16,2026-06-16,SHIPPED
SO-10433,1,2026-06-13,RT-2002,RL-JCB,S001,CM-3002,BG,2,2,0,5.40,3.90,2026-06-20,2026-06-15,SHIPPED
SO-10433,2,2026-06-13,RT-2002,RL-JCB,S001,DW-6001,EA,1,1,0,89.00,64.10,2026-06-20,2026-06-15,SHIPPED
SO-10433,3,2026-06-13,RT-2002,RL-JCB,S001,DW-6010,EA,1,1,0,312.00,224.60,2026-06-20,2026-06-15,SHIPPED
SO-10433,4,2026-06-13,RT-2002,RL-JCB,S001,RM-1020,EA,1,1,0,5.60,4.05,2026-06-20,2026-06-15,SHIPPED
SO-10433,5,2026-06-13,RT-2002,RL-JCB,S001,FS-2011,EA,1,1,0,48.50,34.90,2026-06-20,2026-06-15,SHIPPED
SO-10434,1,2026-06-15,CT-1003,RL-KPT,S103,DW-6010,EA,1,1,0,311.08,224.60,2026-06-19,2026-06-20,SHIPPED
SO-10434,2,2026-06-15,CT-1003,RL-KPT,S103,RM-1021,EA,1,1,0,37.93,28.10,2026-06-19,2026-06-20,SHIPPED
SO-10435,1,2026-06-15,CT-1001,RL-KPT,S105,FS-2001,BX,1,1,0,26.06,20.60,2026-06-20,2026-06-16,PARTIAL
SO-10436,1,2026-06-15,BL-3002,RL-BRI,S101,TL-9001,EA,4,4,0,5.78,4.50,2026-06-17,2026-06-16,SHIPPED
SO-10436,2,2026-06-15,BL-3002,RL-BRI,S101,RF-4011,RL,1,1,0,94.66,78.85,2026-06-17,2026-06-16,SHIPPED
SO-10436,3,2026-06-15,BL-3002,RL-BRI,S101,RF-4002,BNDL,1,1,0,48.43,37.65,2026-06-17,2026-06-16,SHIPPED
SO-10436,4,2026-06-15,BL-3002,RL-BRI,S101,RM-1021,EA,1,1,0,36.21,28.10,2026-06-17,2026-06-16,SHIPPED
SO-10436,5,2026-06-15,BL-3002,RL-BRI,S101,DW-6002,EA,1,1,0,249.09,208.10,2026-06-17,2026-06-16,SHIPPED
SO-10437,1,2026-06-15,CT-1007,RL-BRI,S102,RM-1022,EA,4,4,0,8.26,6.45,2026-06-22,2026-06-19,SHIPPED
SO-10437,2,2026-06-15,CT-1007,RL-BRI,S102,RF-4010,RL,1,1,0,27.26,21.50,2026-06-22,2026-06-19,SHIPPED
SO-10437,3,2026-06-15,CT-1007,RL-BRI,S102,RM-1020,EA,4,4,0,5.14,4.05,2026-06-22,2026-06-19,SHIPPED
SO-10438,1,2026-06-16,CT-1006,RL-KPT,S105,TL-9002,EA,2,2,0,8.73,6.40,2026-06-19,2026-06-17,SHIPPED
SO-10438,2,2026-06-16,CT-1006,RL-KPT,S105,RM-1011,EA,3,3,0,24.85,17.95,2026-06-19,2026-06-17,SHIPPED
SO-10438,3,2026-06-16,CT-1006,RL-KPT,S105,FS-2002,BX,1,1,0,31.84,23.60,2026-06-19,2026-06-17,SHIPPED
SO-10439,1,2026-06-16,CT-1008,RL-JCB,S104,FS-2001,BX,1,1,0,26.56,20.60,2026-06-22,2026-06-17,SHIPPED
SO-10439,2,2026-06-16,CT-1008,RL-JCB,S104,DW-6010,EA,1,1,0,299.57,224.60,2026-06-22,2026-06-17,SHIPPED
SO-10439,3,2026-06-16,CT-1008,RL-JCB,S104,PT-5001,EA,1,1,0,44.40,32.20,2026-06-22,2026-06-17,SHIPPED
SO-10439,4,2026-06-16,CT-1008,RL-JCB,S104,PT-5011,BG,1,1,0,17.54,13.25,2026-06-22,2026-06-17,SHIPPED
SO-10440,1,2026-06-16,BL-3001,RL-KPT,S103,CM-3020,EA,1,1,0,13.22,10.25,2026-06-21,2026-06-18,SHIPPED
SO-10441,1,2026-06-16,CT-1006,RL-KPT,S103,FS-2002,BX,2,2,0,32.53,23.60,2026-06-18,2026-06-18,SHIPPED
SO-10442,1,2026-06-17,CT-1004,RL-BRI,S101,RM-1002,EA,8,8,0,6.20,4.95,2026-06-19,2026-06-19,SHIPPED
SO-10442,2,2026-06-17,CT-1004,RL-BRI,S101,RM-1021,EA,1,1,0,38.27,28.10,2026-06-19,2026-06-19,SHIPPED
SO-10443,1,2026-06-17,CT-1003,RL-BRI,S102,FS-2002,BX,3,2,0,29.93,23.60,2026-06-20,2026-06-21,PARTIAL
SO-10444,1,2026-06-17,BL-3001,RL-KPT,S105,FS-2002,BX,1,1,0,29.75,23.60,2026-06-22,2026-06-18,SHIPPED
SO-10444,2,2026-06-17,BL-3001,RL-KPT,S105,FS-2011,EA,1,1,0,44.35,34.90,2026-06-22,2026-06-18,SHIPPED
SO-10444,3,2026-06-17,BL-3001,RL-KPT,S105,SX-7010,EA,1,1,0,13.82,10.65,2026-06-22,2026-06-18,SHIPPED
SO-10444,4,2026-06-17,BL-3001,RL-KPT,S105,RF-4011,RL,1,1,0,95.54,78.85,2026-06-22,2026-06-18,SHIPPED
SO-10445,1,2026-06-18,BL-3001,RL-BRI,S101,FS-2011,EA,1,1,0,44.06,34.90,2026-06-25,2026-06-22,PARTIAL
SO-10445,2,2026-06-18,BL-3001,RL-BRI,S101,RM-1011,EA,4,3,0,22.04,17.95,2026-06-25,2026-06-22,PARTIAL
SO-10446,1,2026-06-18,CT-1007,RL-JCB,S104,PT-5010,EA,2,2,0,11.38,9.05,2026-06-20,2026-06-19,SHIPPED
SO-10446,2,2026-06-18,CT-1007,RL-JCB,S104,RF-4010,RL,1,1,0,27.54,21.50,2026-06-20,2026-06-19,SHIPPED
SO-10446,3,2026-06-18,CT-1007,RL-JCB,S104,RM-1001,EA,8,8,0,3.80,2.86,2026-06-20,2026-06-19,SHIPPED
SO-10447,1,2026-06-19,CT-1001,RL-BRI,S101,TL-9001,EA,1,0,1,5.82,4.50,2026-06-25,,CANCELLED
SO-10447,2,2026-06-19,CT-1001,RL-BRI,S101,RF-4011,RL,1,0,1,102.46,78.85,2026-06-25,,CANCELLED
SO-10447,3,2026-06-19,CT-1001,RL-BRI,S101,RF-4010,RL,2,0,2,28.41,21.50,2026-06-25,,CANCELLED
SO-10447,4,2026-06-19,CT-1001,RL-BRI,S101,RF-4020,LF,7,0,7,2.29,1.69,2026-06-25,,CANCELLED
SO-10447,5,2026-06-19,CT-1001,RL-BRI,S101,FS-2001,BX,2,0,2,25.93,20.60,2026-06-25,,CANCELLED
SO-10448,1,2026-06-19,CT-1007,RL-JCB,S104,PT-5011,BG,1,0,1,18.16,13.25,2026-06-25,,CANCELLED
SO-10448,2,2026-06-19,CT-1007,RL-JCB,S104,RM-1003,EA,1,0,1,10.43,8.25,2026-06-25,,CANCELLED
SO-10449,1,2026-06-19,CT-1008,RL-BRI,S101,FS-2010,EA,11,11,0,1.85,1.33,2026-06-26,2026-06-21,SHIPPED
SO-10449,2,2026-06-19,CT-1008,RL-BRI,S101,PT-5001,EA,1,1,0,41.58,32.20,2026-06-26,2026-06-21,SHIPPED
SO-10450,1,2026-06-19,BL-3002,RL-JCB,S104,TL-9002,EA,1,1,0,7.87,6.40,2026-06-21,2026-06-20,SHIPPED
SO-10450,2,2026-06-19,BL-3002,RL-JCB,S104,RM-1020,EA,1,1,0,4.89,4.05,2026-06-21,2026-06-20,SHIPPED
SO-10450,3,2026-06-19,BL-3002,RL-JCB,S104,RF-4010,RL,1,1,0,26.58,21.50,2026-06-21,2026-06-20,SHIPPED
SO-10450,4,2026-06-19,BL-3002,RL-JCB,S104,RM-1020,EA,1,1,0,5.02,4.05,2026-06-21,2026-06-20,SHIPPED
SO-10451,1,2026-06-20,RT-2002,RL-KPT,S001,DW-6001,EA,1,1,0,89.00,64.10,2026-06-23,2026-06-23,SHIPPED
SO-10452,1,2026-06-20,RT-2002,RL-BRI,S001,RM-1003,EA,3,3,0,11.40,8.25,2026-06-26,2026-06-24,SHIPPED
SO-10452,2,2026-06-20,RT-2002,RL-BRI,S001,CM-3020,EA,2,2,0,14.25,10.25,2026-06-26,2026-06-24,SHIPPED
SO-10452,3,2026-06-20,RT-2002,RL-BRI,S001,FS-2002,BX,3,3,0,32.75,23.60,2026-06-26,2026-06-24,SHIPPED
SO-10453,1,2026-06-20,RT-2002,RL-JCB,S001,SX-7010,EA,1,1,0,14.80,10.65,2026-06-23,2026-06-23,SHIPPED
SO-10453,2,2026-06-20,RT-2002,RL-JCB,S001,RM-1021,EA,1,1,0,38.90,28.10,2026-06-23,2026-06-23,SHIPPED
SO-10453,3,2026-06-20,RT-2002,RL-JCB,S001,DW-6010,EA,1,1,0,312.00,224.60,2026-06-23,2026-06-23,SHIPPED
SO-10453,4,2026-06-20,RT-2002,RL-JCB,S001,RF-4020,LF,2,2,0,2.35,1.69,2026-06-23,2026-06-23,SHIPPED
SO-10454,1,2026-06-20,RT-2003,RL-KPT,S001,FS-2002,BX,2,0,2,32.75,23.60,2026-06-24,,CANCELLED
SO-10454,2,2026-06-20,RT-2003,RL-KPT,S001,FS-2002,BX,2,0,2,32.75,23.60,2026-06-24,,CANCELLED
SO-10454,3,2026-06-20,RT-2003,RL-KPT,S001,RF-4020,LF,4,0,4,2.35,1.69,2026-06-24,,CANCELLED
SO-10454,4,2026-06-20,RT-2003,RL-KPT,S001,PT-5011,BG,1,0,1,18.40,13.25,2026-06-24,,CANCELLED
SO-10455,1,2026-06-20,RT-2002,RL-JCB,S001,RF-4002,BNDL,1,1,0,52.30,37.65,2026-06-23,2026-06-24,PARTIAL
SO-10456,1,2026-06-22,CT-1002,RL-BRI,S101,RM-1010,EA,2,2,0,17.52,13.50,2026-06-26,2026-06-25,SHIPPED
SO-10456,2,2026-06-22,CT-1002,RL-BRI,S101,RF-4011,RL,1,1,0,103.14,78.85,2026-06-26,2026-06-25,SHIPPED
SO-10456,3,2026-06-22,CT-1002,RL-BRI,S101,TL-9001,EA,3,3,0,6.23,4.50,2026-06-26,2026-06-25,SHIPPED
SO-10456,4,2026-06-22,CT-1002,RL-BRI,S101,DW-6010,EA,1,1,0,292.94,224.60,2026-06-26,2026-06-25,SHIPPED
SO-10457,1,2026-06-22,CT-1001,RL-KPT,S103,FS-2002,BX,1,1,0,32.07,23.60,2026-06-24,2026-06-28,SHIPPED
SO-10457,2,2026-06-22,CT-1001,RL-KPT,S103,DW-6002,EA,1,1,0,288.66,208.10,2026-06-24,2026-06-28,SHIPPED
SO-10457,3,2026-06-22,CT-1001,RL-KPT,S103,FS-2001,BX,2,2,0,27.30,20.60,2026-06-24,2026-06-28,SHIPPED
SO-10457,4,2026-06-22,CT-1001,RL-KPT,S103,RM-1003,EA,1,1,0,10.74,8.25,2026-06-24,2026-06-28,SHIPPED
SO-10457,5,2026-06-22,CT-1001,RL-KPT,S103,FS-2010,EA,6,6,0,1.70,1.33,2026-06-24,2026-06-28,SHIPPED
SO-10458,1,2026-06-23,BL-3002,RL-JCB,S104,SX-7010,EA,1,1,0,13.71,10.65,2026-06-27,2026-06-24,SHIPPED
SO-10459,1,2026-06-23,CT-1007,RL-KPT,S105,PT-5011,BG,1,1,0,17.81,13.25,2026-06-25,2026-06-25,SHIPPED
SO-10459,2,2026-06-23,CT-1007,RL-KPT,S105,RF-4010,RL,1,1,0,29.62,21.50,2026-06-25,2026-06-25,SHIPPED
SO-10460,1,2026-06-24,CT-1002,RL-JCB,S104,RM-1021,EA,1,1,0,38.14,28.10,2026-06-26,2026-06-28,SHIPPED
SO-10461,1,2026-06-24,CT-1005,RL-JCB,S104,RM-1022,EA,2,2,0,8.47,6.45,2026-06-27,2026-06-28,PARTIAL
SO-10461,2,2026-06-24,CT-1005,RL-JCB,S104,DW-6001,EA,1,1,0,82.09,64.10,2026-06-27,2026-06-28,PARTIAL
SO-10461,3,2026-06-24,CT-1005,RL-JCB,S104,RF-4010,RL,1,1,0,27.83,21.50,2026-06-27,2026-06-28,PARTIAL
SO-10461,4,2026-06-24,CT-1005,RL-JCB,S104,DW-6002,EA,1,1,0,286.37,208.10,2026-06-27,2026-06-28,PARTIAL
SO-10462,1,2026-06-25,CT-1001,RL-BRI,S102,DW-6001,EA,1,1,0,87.47,64.10,2026-07-01,2026-06-29,SHIPPED
SO-10462,2,2026-06-25,CT-1001,RL-BRI,S102,DW-6010,EA,1,1,0,311.29,224.60,2026-07-01,2026-06-29,SHIPPED
SO-10462,3,2026-06-25,CT-1001,RL-BRI,S102,FS-2011,EA,1,1,0,44.42,34.90,2026-07-01,2026-06-29,SHIPPED
SO-10462,4,2026-06-25,CT-1001,RL-BRI,S102,CM-3010,BG,1,1,0,12.26,9.30,2026-07-01,2026-06-29,SHIPPED
SO-10462,5,2026-06-25,CT-1001,RL-BRI,S102,DW-6001,EA,1,1,0,82.42,64.10,2026-07-01,2026-06-29,SHIPPED
SO-10463,1,2026-06-25,BL-3001,RL-BRI,S102,RM-1020,EA,3,2,0,5.26,4.05,2026-06-28,2026-07-03,SHIPPED
SO-10464,1,2026-06-26,CT-1006,RL-BRI,S101,RM-1010,EA,3,3,0,18.05,13.50,2026-06-30,2026-06-30,SHIPPED
SO-10464,2,2026-06-26,CT-1006,RL-BRI,S101,RM-1021,EA,1,1,0,35.49,28.10,2026-06-30,2026-06-30,SHIPPED
SO-10465,1,2026-06-26,CT-1003,RL-BRI,S101,TL-9002,EA,3,3,0,8.44,6.40,2026-06-28,2026-06-28,SHIPPED
SO-10466,1,2026-06-26,CT-1002,RL-BRI,S102,RM-1001,EA,16,16,0,3.83,2.86,2026-07-01,2026-06-28,SHIPPED
SO-10466,2,2026-06-26,CT-1002,RL-BRI,S102,RM-1003,EA,1,1,0,10.66,8.25,2026-07-01,2026-06-28,SHIPPED
SO-10466,3,2026-06-26,CT-1002,RL-BRI,S102,RM-1001,EA,6,6,0,3.95,2.86,2026-07-01,2026-06-28,SHIPPED
SO-10467,1,2026-06-26,CT-1004,RL-KPT,S103,CM-3002,BG,1,1,0,4.91,3.90,2026-07-02,2026-06-29,SHIPPED
SO-10467,2,2026-06-26,CT-1004,RL-KPT,S103,FS-2001,BX,1,1,0,28.37,20.60,2026-07-02,2026-06-29,SHIPPED
SO-10467,3,2026-06-26,CT-1004,RL-KPT,S103,PT-5002,EA,1,1,0,31.15,23.70,2026-07-02,2026-06-29,SHIPPED
SO-10467,4,2026-06-26,CT-1004,RL-KPT,S103,TL-9002,EA,1,1,0,8.83,6.40,2026-07-02,2026-06-29,SHIPPED
SO-10467,5,2026-06-26,CT-1004,RL-KPT,S103,RF-4001,BNDL,2,2,0,38.31,27.90,2026-07-02,2026-06-29,SHIPPED
SO-10468,1,2026-06-27,RT-2001,RL-KPT,S001,SX-7001,SQ,1,1,0,94.50,68.05,2026-07-03,2026-07-01,SHIPPED
SO-10468,2,2026-06-27,RT-2001,RL-KPT,S001,RF-4020,LF,5,5,0,2.35,1.69,2026-07-03,2026-07-01,SHIPPED
SO-10468,3,2026-06-27,RT-2001,RL-KPT,S001,DW-6010,EA,1,1,0,312.00,224.60,2026-07-03,2026-07-01,SHIPPED
SO-10469,1,2026-06-27,RT-2001,RL-KPT,S001,RM-1022,EA,2,2,0,8.95,6.45,2026-06-29,2026-06-30,SHIPPED
SO-10469,2,2026-06-27,RT-2001,RL-KPT,S001,FS-2011,EA,1,1,0,48.50,34.90,2026-06-29,2026-06-30,SHIPPED
SO-10469,3,2026-06-27,RT-2001,RL-KPT,S001,PT-5010,EA,2,2,0,12.60,9.05,2026-06-29,2026-06-30,SHIPPED
SO-10469,4,2026-06-27,RT-2001,RL-KPT,S001,RM-1022,EA,1,1,0,8.95,6.45,2026-06-29,2026-06-30,SHIPPED
SO-10469,5,2026-06-27,RT-2001,RL-KPT,S001,PT-5001,EA,1,1,0,44.75,32.20,2026-06-29,2026-06-30,SHIPPED
SO-10470,1,2026-06-27,RT-2001,RL-KPT,S001,RM-1011,EA,3,3,0,24.90,17.95,2026-07-02,2026-06-28,SHIPPED
SO-10470,2,2026-06-27,RT-2001,RL-KPT,S001,DW-6010,EA,1,1,0,312.00,224.60,2026-07-02,2026-06-28,SHIPPED
SO-10470,3,2026-06-27,RT-2001,RL-KPT,S001,CM-3001,BG,2,2,0,6.85,4.95,2026-07-02,2026-06-28,SHIPPED
SO-10471,1,2026-06-27,RT-2002,RL-BRI,S001,RM-1002,EA,5,5,0,6.85,4.95,2026-06-29,2026-07-01,SHIPPED
SO-10471,2,2026-06-27,RT-2002,RL-BRI,S001,RM-1001,EA,16,16,0,3.98,2.86,2026-06-29,2026-07-01,SHIPPED
SO-10471,3,2026-06-27,RT-2002,RL-BRI,S001,DW-6001,EA,1,1,0,89.00,64.10,2026-06-29,2026-07-01,SHIPPED
SO-10471,4,2026-06-27,RT-2002,RL-BRI,S001,RM-1003,EA,2,1,0,11.40,8.25,2026-06-29,2026-07-01,SHIPPED
SO-10472,1,2026-06-29,CT-1005,RL-BRI,S102,SX-7010,EA,1,1,0,14.67,10.65,2026-07-04,2026-06-30,SHIPPED
SO-10473,1,2026-06-29,CT-1006,RL-JCB,S104,RF-4020,LF,4,3,0,2.17,1.69,2026-07-01,2026-06-30,PARTIAL
SO-10473,2,2026-06-29,CT-1006,RL-JCB,S104,RM-1020,EA,1,1,0,5.25,4.05,2026-07-01,2026-06-30,PARTIAL
SO-10474,1,2026-06-29,BL-3001,RL-JCB,S104,PT-5011,BG,1,1,0,16.03,13.25,2026-07-03,2026-06-30,SHIPPED
SO-10475,1,2026-06-30,CT-1002,RL-BRI,S101,TL-9002,EA,3,3,0,8.66,6.40,2026-07-06,2026-07-02,SHIPPED
SO-10475,2,2026-06-30,CT-1002,RL-BRI,S101,CM-3010,BG,1,1,0,12.53,9.30,2026-07-06,2026-07-02,SHIPPED
SO-10475,3,2026-06-30,CT-1002,RL-BRI,S101,PT-5002,EA,1,1,0,31.78,23.70,2026-07-06,2026-07-02,SHIPPED
SO-10475,4,2026-06-30,CT-1002,RL-BRI,S101,CM-3002,BG,3,3,0,5.13,3.90,2026-07-06,2026-07-02,SHIPPED
SO-10476,1,2026-06-30,CT-1004,RL-BRI,S101,RF-4020,LF,7,4,0,2.22,1.69,2026-07-05,2026-07-02,PARTIAL
SO-10476,2,2026-06-30,CT-1004,RL-BRI,S101,FS-2002,BX,3,1,0,29.90,23.60,2026-07-05,2026-07-02,PARTIAL
SO-10476,3,2026-06-30,CT-1004,RL-BRI,S101,PT-5010,EA,3,2,0,12.12,9.05,2026-07-05,2026-07-02,PARTIAL
SO-10476,4,2026-06-30,CT-1004,RL-BRI,S101,CM-3001,BG,8,4,0,6.36,4.95,2026-07-05,2026-07-02,PARTIAL
SO-10477,1,2026-06-30,CT-1003,RL-KPT,S103,FS-2011,EA,1,1,0,46.22,34.90,2026-07-03,2026-07-07,SHIPPED
SO-10477,2,2026-06-30,CT-1003,RL-KPT,S103,PT-5002,EA,1,1,0,29.89,23.70,2026-07-03,2026-07-07,SHIPPED
SO-10477,3,2026-06-30,CT-1003,RL-KPT,S103,DW-6010,EA,1,1,0,294.24,224.60,2026-07-03,2026-07-07,SHIPPED
SO-10477,4,2026-06-30,CT-1003,RL-KPT,S103,PT-5001,EA,1,1,0,40.71,32.20,2026-07-03,2026-07-07,SHIPPED
SO-10478,1,2026-07-01,CT-1007,RL-KPT,S105,TL-9002,EA,1,1,0,8.05,6.40,2026-07-04,2026-07-04,SHIPPED
SO-10478,2,2026-07-01,CT-1007,RL-KPT,S105,CM-3020,EA,2,2,0,12.90,10.25,2026-07-04,2026-07-04,SHIPPED
SO-10478,3,2026-07-01,CT-1007,RL-KPT,S105,RM-1003,EA,2,2,0,10.87,8.25,2026-07-04,2026-07-04,SHIPPED
SO-10479,1,2026-07-01,CT-1005,RL-BRI,S102,FS-2010,EA,9,9,0,1.72,1.33,2026-07-06,2026-07-04,SHIPPED
SO-10479,2,2026-07-01,CT-1005,RL-BRI,S102,RF-4010,RL,2,2,0,28.41,21.50,2026-07-06,2026-07-04,SHIPPED
SO-10479,3,2026-07-01,CT-1005,RL-BRI,S102,TL-9001,EA,3,3,0,6.05,4.50,2026-07-06,2026-07-04,SHIPPED
SO-10479,4,2026-07-01,CT-1005,RL-BRI,S102,FS-2010,EA,5,3,0,1.83,1.33,2026-07-06,2026-07-04,SHIPPED
SO-10480,1,2026-07-01,CT-1003,RL-JCB,S104,RF-4001,BNDL,3,0,3,35.54,27.90,2026-07-06,,CANCELLED
SO-10480,2,2026-07-01,CT-1003,RL-JCB,S104,RM-1001,EA,6,0,6,3.97,2.86,2026-07-06,,CANCELLED
SO-10480,3,2026-07-01,CT-1003,RL-JCB,S104,RM-1001,EA,5,0,5,3.68,2.86,2026-07-06,,CANCELLED
SO-10481,1,2026-07-01,CT-1002,RL-BRI,S101,RM-1021,EA,1,1,0,36.32,28.10,2026-07-07,2026-07-03,SHIPPED
SO-10481,2,2026-07-01,CT-1002,RL-BRI,S101,TL-9002,EA,2,2,0,8.24,6.40,2026-07-07,2026-07-03,SHIPPED
SO-10481,3,2026-07-01,CT-1002,RL-BRI,S101,TL-9002,EA,1,1,0,8.75,6.40,2026-07-07,2026-07-03,SHIPPED
SO-10482,1,2026-07-02,CT-1006,RL-JCB,S104,DW-6002,EA,1,1,0,264.19,208.10,2026-07-04,2026-07-03,SHIPPED
SO-10482,2,2026-07-02,CT-1006,RL-JCB,S104,TL-9002,EA,1,1,0,8.63,6.40,2026-07-04,2026-07-03,SHIPPED
SO-10482,3,2026-07-02,CT-1006,RL-JCB,S104,DW-6010,EA,1,1,0,286.85,224.60,2026-07-04,2026-07-03,SHIPPED
SO-10483,1,2026-07-02,CT-1007,RL-KPT,S105,PT-5002,EA,1,1,0,30.98,23.70,2026-07-09,2026-07-04,SHIPPED
SO-10483,2,2026-07-02,CT-1007,RL-KPT,S105,RF-4002,BNDL,1,1,0,48.87,37.65,2026-07-09,2026-07-04,SHIPPED
SO-10483,3,2026-07-02,CT-1007,RL-KPT,S105,RM-1022,EA,2,2,0,8.92,6.45,2026-07-09,2026-07-04,SHIPPED
SO-10483,4,2026-07-02,CT-1007,RL-KPT,S105,PT-5002,EA,1,1,0,31.25,23.70,2026-07-09,2026-07-04,SHIPPED
SO-10483,5,2026-07-02,CT-1007,RL-KPT,S105,FS-2002,BX,1,1,0,32.64,23.60,2026-07-09,2026-07-04,SHIPPED
SO-10484,1,2026-07-02,BL-3002,RL-KPT,S103,CM-3002,BG,1,1,0,4.67,3.90,2026-07-06,2026-07-03,SHIPPED
SO-10484,2,2026-07-02,BL-3002,RL-KPT,S103,RF-4011,RL,1,1,0,101.48,78.85,2026-07-06,2026-07-03,SHIPPED
SO-10484,3,2026-07-02,BL-3002,RL-KPT,S103,RM-1010,EA,2,2,0,16.55,13.50,2026-07-06,2026-07-03,SHIPPED
SO-10484,4,2026-07-02,BL-3002,RL-KPT,S103,FS-2002,BX,2,2,0,28.54,23.60,2026-07-06,2026-07-03,SHIPPED
SO-10485,1,2026-07-04,RT-2001,RL-BRI,S001,RM-1021,EA,1,1,0,38.90,28.10,2026-07-06,2026-07-08,SHIPPED
SO-10485,2,2026-07-04,RT-2001,RL-BRI,S001,RF-4011,RL,1,1,0,109.50,78.85,2026-07-06,2026-07-08,SHIPPED
SO-10485,3,2026-07-04,RT-2001,RL-BRI,S001,RF-4020,LF,7,7,0,2.35,1.69,2026-07-06,2026-07-08,SHIPPED
SO-10485,4,2026-07-04,RT-2001,RL-BRI,S001,CM-3001,BG,4,4,0,6.85,4.95,2026-07-06,2026-07-08,SHIPPED
SO-10486,1,2026-07-04,RT-2002,RL-BRI,S001,SX-7001,SQ,1,1,0,94.50,68.05,2026-07-10,2026-07-08,SHIPPED
SO-10486,2,2026-07-04,RT-2002,RL-BRI,S001,PT-5002,EA,1,1,0,32.90,23.70,2026-07-10,2026-07-08,SHIPPED
SO-10486,3,2026-07-04,RT-2002,RL-BRI,S001,DW-6002,EA,1,1,0,289.00,208.10,2026-07-10,2026-07-08,SHIPPED
SO-10486,4,2026-07-04,RT-2002,RL-BRI,S001,RM-1002,EA,10,10,0,6.85,4.95,2026-07-10,2026-07-08,SHIPPED
SO-10487,1,2026-07-04,RT-2003,RL-JCB,S001,FS-2001,BX,1,1,0,28.50,20.60,2026-07-07,2026-07-11,SHIPPED
SO-10487,2,2026-07-04,RT-2003,RL-JCB,S001,SX-7010,EA,1,1,0,14.80,10.65,2026-07-07,2026-07-11,SHIPPED
SO-10487,3,2026-07-04,RT-2003,RL-JCB,S001,RF-4002,BNDL,1,1,0,52.30,37.65,2026-07-07,2026-07-11,SHIPPED
SO-10487,4,2026-07-04,RT-2003,RL-JCB,S001,PT-5001,EA,1,1,0,44.75,32.20,2026-07-07,2026-07-11,SHIPPED
SO-10487,5,2026-07-04,RT-2003,RL-JCB,S001,TL-9001,EA,2,2,0,6.25,4.50,2026-07-07,2026-07-11,SHIPPED
SO-10488,1,2026-07-06,BL-3002,RL-KPT,S103,FS-2002,BX,1,1,0,30.76,23.60,2026-07-13,2026-07-10,SHIPPED
SO-10488,2,2026-07-06,BL-3002,RL-KPT,S103,RM-1001,EA,10,10,0,3.49,2.86,2026-07-13,2026-07-10,SHIPPED
SO-10489,1,2026-07-06,CT-1002,RL-BRI,S101,SX-7001,SQ,1,1,0,87.88,68.05,2026-07-12,2026-07-07,PARTIAL
SO-10490,1,2026-07-07,CT-1003,RL-JCB,S104,RM-1002,EA,2,2,0,6.62,4.95,2026-07-13,2026-07-11,SHIPPED
SO-10490,2,2026-07-07,CT-1003,RL-JCB,S104,FS-2010,EA,4,4,0,1.70,1.33,2026-07-13,2026-07-11,SHIPPED
SO-10490,3,2026-07-07,CT-1003,RL-JCB,S104,TL-9001,EA,1,1,0,6.22,4.50,2026-07-13,2026-07-11,SHIPPED
SO-10490,4,2026-07-07,CT-1003,RL-JCB,S104,TL-9002,EA,1,1,0,8.35,6.40,2026-07-13,2026-07-11,SHIPPED
SO-10491,1,2026-07-07,CT-1002,RL-KPT,S105,RM-1003,EA,2,2,0,10.97,8.25,2026-07-10,2026-07-13,SHIPPED
SO-10492,1,2026-07-07,CT-1001,RL-JCB,S104,PT-5002,EA,1,1,0,30.30,23.70,2026-07-10,2026-07-08,SHIPPED
SO-10492,2,2026-07-07,CT-1001,RL-JCB,S104,PT-5011,BG,1,1,0,16.84,13.25,2026-07-10,2026-07-08,SHIPPED
SO-10492,3,2026-07-07,CT-1001,RL-JCB,S104,PT-5001,EA,1,1,0,40.90,32.20,2026-07-10,2026-07-08,SHIPPED
SO-10492,4,2026-07-07,CT-1001,RL-JCB,S104,RF-4011,RL,1,1,0,103.85,78.85,2026-07-10,2026-07-08,SHIPPED
SO-10493,1,2026-07-08,BL-3002,RL-KPT,S105,FS-2010,EA,3,3,0,1.66,1.33,2026-07-11,2026-07-12,SHIPPED
SO-10493,2,2026-07-08,BL-3002,RL-KPT,S105,TL-9001,EA,2,2,0,5.76,4.50,2026-07-11,2026-07-12,SHIPPED
SO-10493,3,2026-07-08,BL-3002,RL-KPT,S105,CM-3020,EA,1,1,0,13.09,10.25,2026-07-11,2026-07-12,SHIPPED
SO-10494,1,2026-07-08,CT-1007,RL-KPT,S105,SX-7001,SQ,1,1,0,92.99,68.05,2026-07-10,2026-07-09,PARTIAL
SO-10495,1,2026-07-08,CT-1003,RL-BRI,S102,TL-9002,EA,2,2,0,8.19,6.40,2026-07-13,2026-07-10,SHIPPED
SO-10495,2,2026-07-08,CT-1003,RL-BRI,S102,FS-2010,EA,6,6,0,1.81,1.33,2026-07-13,2026-07-10,SHIPPED
SO-10496,1,2026-07-09,BL-3002,RL-BRI,S101,RM-1011,EA,2,2,0,23.32,17.95,2026-07-12,2026-07-12,SHIPPED
SO-10497,1,2026-07-09,BL-3001,RL-KPT,S103,SX-7001,SQ,1,1,0,81.81,68.05,2026-07-15,2026-07-11,SHIPPED
SO-10497,2,2026-07-09,BL-3001,RL-KPT,S103,RM-1020,EA,1,1,0,4.86,4.05,2026-07-15,2026-07-11,SHIPPED
SO-10497,3,2026-07-09,BL-3001,RL-KPT,S103,TL-9002,EA,1,1,0,7.89,6.40,2026-07-15,2026-07-11,SHIPPED
SO-10497,4,2026-07-09,BL-3001,RL-KPT,S103,CM-3010,BG,1,1,0,11.95,9.30,2026-07-15,2026-07-11,SHIPPED
SO-10498,1,2026-07-10,CT-1006,RL-BRI,S101,RM-1010,EA,5,5,0,17.97,13.50,2026-07-14,2026-07-13,SHIPPED
SO-10499,1,2026-07-10,CT-1005,RL-KPT,S103,PT-5001,EA,2,2,0,44.21,32.20,2026-07-14,2026-07-11,SHIPPED
SO-10499,2,2026-07-10,CT-1005,RL-KPT,S103,CM-3020,EA,1,1,0,13.63,10.25,2026-07-14,2026-07-11,SHIPPED
SO-10499,3,2026-07-10,CT-1005,RL-KPT,S103,RM-1003,EA,1,1,0,10.73,8.25,2026-07-14,2026-07-11,SHIPPED
SO-10499,4,2026-07-10,CT-1005,RL-KPT,S103,RM-1020,EA,2,2,0,5.11,4.05,2026-07-14,2026-07-11,SHIPPED
SO-10500,1,2026-07-10,CT-1001,RL-BRI,S102,CM-3010,BG,1,1,0,12.66,9.30,2026-07-16,2026-07-13,SHIPPED
SO-10500,2,2026-07-10,CT-1001,RL-BRI,S102,PT-5011,BG,1,1,0,17.58,13.25,2026-07-16,2026-07-13,SHIPPED
SO-10501,1,2026-07-11,RT-2002,RL-KPT,S001,PT-5010,EA,2,1,0,12.60,9.05,2026-07-16,2026-07-12,PARTIAL
SO-10501,2,2026-07-11,RT-2002,RL-KPT,S001,RM-1010,EA,2,1,0,18.75,13.50,2026-07-16,2026-07-12,PARTIAL
SO-10501,3,2026-07-11,RT-2002,RL-KPT,S001,RM-1001,EA,5,4,0,3.98,2.86,2026-07-16,2026-07-12,PARTIAL
SO-10501,4,2026-07-11,RT-2002,RL-KPT,S001,RM-1003,EA,3,1,0,11.40,8.25,2026-07-16,2026-07-12,PARTIAL
SO-10502,1,2026-07-11,RT-2001,RL-BRI,S001,CM-3020,EA,2,1,0,14.25,10.25,2026-07-14,2026-07-14,PARTIAL
SO-10502,2,2026-07-11,RT-2001,RL-BRI,S001,DW-6001,EA,1,1,0,89.00,64.10,2026-07-14,2026-07-14,PARTIAL
SO-10502,3,2026-07-11,RT-2001,RL-BRI,S001,RM-1011,EA,1,1,0,24.90,17.95,2026-07-14,2026-07-14,PARTIAL
SO-10502,4,2026-07-11,RT-2001,RL-BRI,S001,CM-3002,BG,2,1,0,5.40,3.90,2026-07-14,2026-07-14,PARTIAL
SO-10503,1,2026-07-13,CT-1004,RL-KPT,S105,RM-1021,EA,1,1,0,37.75,28.10,2026-07-17,2026-07-16,SHIPPED
SO-10503,2,2026-07-13,CT-1004,RL-KPT,S105,TL-9002,EA,1,1,0,8.13,6.40,2026-07-17,2026-07-16,SHIPPED
SO-10503,3,2026-07-13,CT-1004,RL-KPT,S105,CM-3010,BG,1,1,0,11.77,9.30,2026-07-17,2026-07-16,SHIPPED
SO-10503,4,2026-07-13,CT-1004,RL-KPT,S105,FS-2002,BX,1,1,0,30.92,23.60,2026-07-17,2026-07-16,SHIPPED
SO-10503,5,2026-07-13,CT-1004,RL-KPT,S105,SX-7010,EA,1,1,0,13.72,10.65,2026-07-17,2026-07-16,SHIPPED
SO-10504,1,2026-07-13,BL-3002,RL-BRI,S101,PT-5011,BG,1,1,0,16.38,13.25,2026-07-15,2026-07-14,SHIPPED
SO-10504,2,2026-07-13,BL-3002,RL-BRI,S101,DW-6010,EA,1,1,0,269.10,224.60,2026-07-15,2026-07-14,SHIPPED
SO-10504,3,2026-07-13,BL-3002,RL-BRI,S101,PT-5002,EA,1,1,0,30.28,23.70,2026-07-15,2026-07-14,SHIPPED
SO-10505,1,2026-07-13,CT-1006,RL-JCB,S104,RM-1010,EA,3,3,0,18.66,13.50,2026-07-19,2026-07-17,SHIPPED
SO-10505,2,2026-07-13,CT-1006,RL-JCB,S104,RF-4010,RL,1,1,0,28.30,21.50,2026-07-19,2026-07-17,SHIPPED
SO-10506,1,2026-07-14,BL-3002,RL-JCB,S104,RM-1001,EA,4,4,0,3.51,2.86,2026-07-17,2026-07-16,SHIPPED
SO-10506,2,2026-07-14,BL-3002,RL-JCB,S104,CM-3020,EA,1,1,0,12.91,10.25,2026-07-17,2026-07-16,SHIPPED
SO-10506,3,2026-07-14,BL-3002,RL-JCB,S104,RM-1003,EA,2,2,0,10.41,8.25,2026-07-17,2026-07-16,SHIPPED
SO-10506,4,2026-07-14,BL-3002,RL-JCB,S104,RM-1001,EA,3,3,0,3.53,2.86,2026-07-17,2026-07-16,SHIPPED
SO-10507,1,2026-07-14,CT-1005,RL-JCB,S104,CM-3002,BG,1,1,0,4.90,3.90,2026-07-19,2026-07-17,SHIPPED
SO-10508,1,2026-07-14,BL-3002,RL-KPT,S103,FS-2001,BX,1,1,0,26.50,20.60,2026-07-19,2026-07-17,SHIPPED
SO-10508,2,2026-07-14,BL-3002,RL-KPT,S103,RM-1010,EA,2,2,0,16.40,13.50,2026-07-19,2026-07-17,SHIPPED
SO-10509,1,2026-07-14,BL-3001,RL-JCB,S104,RF-4001,BNDL,1,1,0,35.96,27.90,2026-07-16,2026-07-17,PARTIAL
SO-10509,2,2026-07-14,BL-3001,RL-JCB,S104,RM-1003,EA,2,1,0,9.87,8.25,2026-07-16,2026-07-17,PARTIAL
SO-10509,3,2026-07-14,BL-3001,RL-JCB,S104,SX-7001,SQ,1,1,0,82.81,68.05,2026-07-16,2026-07-17,PARTIAL
SO-10509,4,2026-07-14,BL-3001,RL-JCB,S104,PT-5010,EA,2,1,0,10.91,9.05,2026-07-16,2026-07-17,PARTIAL
SO-10509,5,2026-07-14,BL-3001,RL-JCB,S104,DW-6010,EA,1,1,0,276.47,224.60,2026-07-16,2026-07-17,PARTIAL
SO-10510,1,2026-07-15,CT-1006,RL-JCB,S104,FS-2002,BX,2,1,0,32.12,23.60,2026-07-20,2026-07-16,SHIPPED
SO-10510,2,2026-07-15,CT-1006,RL-JCB,S104,PT-5002,EA,1,1,0,31.53,23.70,2026-07-20,2026-07-16,SHIPPED
SO-10510,3,2026-07-15,CT-1006,RL-JCB,S104,FS-2002,BX,1,1,0,29.73,23.60,2026-07-20,2026-07-16,SHIPPED
SO-10511,1,2026-07-15,CT-1002,RL-JCB,S104,RM-1022,EA,3,3,0,8.10,6.45,2026-07-21,2026-07-19,SHIPPED
SO-10511,2,2026-07-15,CT-1002,RL-JCB,S104,TL-9001,EA,2,2,0,5.82,4.50,2026-07-21,2026-07-19,SHIPPED
SO-10511,3,2026-07-15,CT-1002,RL-JCB,S104,CM-3001,BG,4,4,0,6.33,4.95,2026-07-21,2026-07-19,SHIPPED
SO-10511,4,2026-07-15,CT-1002,RL-JCB,S104,CM-3020,EA,1,1,0,13.15,10.25,2026-07-21,2026-07-19,SHIPPED
SO-10511,5,2026-07-15,CT-1002,RL-JCB,S104,RF-4020,LF,4,4,0,2.17,1.69,2026-07-21,2026-07-19,SHIPPED
SO-10512,1,2026-07-15,CT-1007,RL-BRI,S102,SX-7001,SQ,1,1,0,92.87,68.05,2026-07-21,2026-07-19,SHIPPED
SO-10512,2,2026-07-15,CT-1007,RL-BRI,S102,FS-2001,BX,2,2,0,28.24,20.60,2026-07-21,2026-07-19,SHIPPED
SO-10512,3,2026-07-15,CT-1007,RL-BRI,S102,FS-2001,BX,2,2,0,26.62,20.60,2026-07-21,2026-07-19,SHIPPED
SO-10512,4,2026-07-15,CT-1007,RL-BRI,S102,RM-1022,EA,2,2,0,8.94,6.45,2026-07-21,2026-07-19,SHIPPED
SO-10512,5,2026-07-15,CT-1007,RL-BRI,S102,TL-9002,EA,2,2,0,8.81,6.40,2026-07-21,2026-07-19,SHIPPED
SO-10513,1,2026-07-16,CT-1001,RL-BRI,S102,RM-1003,EA,3,2,0,10.34,8.25,2026-07-20,2026-07-17,SHIPPED
SO-10513,2,2026-07-16,CT-1001,RL-BRI,S102,PT-5011,BG,1,1,0,17.30,13.25,2026-07-20,2026-07-17,SHIPPED
SO-10513,3,2026-07-16,CT-1001,RL-BRI,S102,CM-3020,EA,2,2,0,14.10,10.25,2026-07-20,2026-07-17,SHIPPED
SO-10513,4,2026-07-16,CT-1001,RL-BRI,S102,PT-5001,EA,2,2,0,44.72,32.20,2026-07-20,2026-07-17,SHIPPED
SO-10513,5,2026-07-16,CT-1001,RL-BRI,S102,RM-1003,EA,1,1,0,11.34,8.25,2026-07-20,2026-07-17,SHIPPED
SO-10514,1,2026-07-16,CT-1007,RL-KPT,S105,RM-1001,EA,8,8,0,3.84,2.86,2026-07-20,2026-07-17,SHIPPED
SO-10514,2,2026-07-16,CT-1007,RL-KPT,S105,PT-5011,BG,1,1,0,17.89,13.25,2026-07-20,2026-07-17,SHIPPED
SO-10514,3,2026-07-16,CT-1007,RL-KPT,S105,RF-4002,BNDL,1,1,0,48.63,37.65,2026-07-20,2026-07-17,SHIPPED
SO-10514,4,2026-07-16,CT-1007,RL-KPT,S105,PT-5001,EA,1,1,0,42.63,32.20,2026-07-20,2026-07-17,SHIPPED
SO-10515,1,2026-07-16,BL-3001,RL-JCB,S104,DW-6010,EA,1,1,0,283.68,224.60,2026-07-20,2026-07-22,SHIPPED
SO-10515,2,2026-07-16,BL-3001,RL-JCB,S104,RM-1021,EA,1,1,0,34.35,28.10,2026-07-20,2026-07-22,SHIPPED
SO-10515,3,2026-07-16,BL-3001,RL-JCB,S104,TL-9002,EA,1,1,0,7.86,6.40,2026-07-20,2026-07-22,SHIPPED
SO-10516,1,2026-07-17,BL-3002,RL-KPT,S103,CM-3001,BG,1,1,0,5.91,4.95,2026-07-24,2026-07-25,SHIPPED
SO-10516,2,2026-07-17,BL-3002,RL-KPT,S103,CM-3002,BG,1,1,0,4.83,3.90,2026-07-24,2026-07-25,SHIPPED
SO-10516,3,2026-07-17,BL-3002,RL-KPT,S103,SX-7001,SQ,1,1,0,83.50,68.05,2026-07-24,2026-07-25,SHIPPED
SO-10517,1,2026-07-17,CT-1002,RL-KPT,S103,RF-4002,BNDL,1,1,0,48.92,37.65,2026-07-22,2026-07-19,PARTIAL
SO-10517,2,2026-07-17,CT-1002,RL-KPT,S103,RM-1020,EA,2,1,0,5.08,4.05,2026-07-22,2026-07-19,PARTIAL
SO-10517,3,2026-07-17,CT-1002,RL-KPT,S103,FS-2010,EA,5,3,0,1.78,1.33,2026-07-22,2026-07-19,PARTIAL
SO-10517,4,2026-07-17,CT-1002,RL-KPT,S103,RM-1011,EA,3,2,0,24.71,17.95,2026-07-22,2026-07-19,PARTIAL
SO-10518,1,2026-07-17,CT-1007,RL-BRI,S102,RM-1001,EA,7,7,0,3.93,2.86,2026-07-20,2026-07-18,SHIPPED
SO-10518,2,2026-07-17,CT-1007,RL-BRI,S102,CM-3010,BG,1,1,0,11.81,9.30,2026-07-20,2026-07-18,SHIPPED
SO-10518,3,2026-07-17,CT-1007,RL-BRI,S102,FS-2011,EA,1,1,0,44.61,34.90,2026-07-20,2026-07-18,SHIPPED
SO-10518,4,2026-07-17,CT-1007,RL-BRI,S102,RM-1020,EA,3,3,0,5.46,4.05,2026-07-20,2026-07-18,SHIPPED
SO-10518,5,2026-07-17,CT-1007,RL-BRI,S102,RM-1001,EA,9,9,0,3.83,2.86,2026-07-20,2026-07-18,SHIPPED
SO-10519,1,2026-07-18,RT-2003,RL-BRI,S001,CM-3010,BG,1,1,0,12.90,9.30,2026-07-23,2026-07-20,SHIPPED
SO-10519,2,2026-07-18,RT-2003,RL-BRI,S001,TL-9002,EA,3,3,0,8.90,6.40,2026-07-23,2026-07-20,SHIPPED
SO-10519,3,2026-07-18,RT-2003,RL-BRI,S001,PT-5002,EA,1,1,0,32.90,23.70,2026-07-23,2026-07-20,SHIPPED
SO-10519,4,2026-07-18,RT-2003,RL-BRI,S001,CM-3010,BG,1,1,0,12.90,9.30,2026-07-23,2026-07-20,SHIPPED
SO-10519,5,2026-07-18,RT-2003,RL-BRI,S001,RF-4010,RL,1,1,0,29.90,21.50,2026-07-23,2026-07-20,SHIPPED
SO-10520,1,2026-07-18,RT-2002,RL-BRI,S001,TL-9001,EA,4,4,0,6.25,4.50,2026-07-23,2026-07-22,SHIPPED
SO-10520,2,2026-07-18,RT-2002,RL-BRI,S001,DW-6002,EA,1,1,0,289.00,208.10,2026-07-23,2026-07-22,SHIPPED
SO-10520,3,2026-07-18,RT-2002,RL-BRI,S001,CM-3002,BG,4,4,0,5.40,3.90,2026-07-23,2026-07-22,SHIPPED
SO-10521,1,2026-07-18,RT-2002,RL-BRI,S001,RM-1010,EA,3,3,0,18.75,13.50,2026-07-22,2026-07-22,SHIPPED
SO-10521,2,2026-07-18,RT-2002,RL-BRI,S001,PT-5001,EA,2,1,0,44.75,32.20,2026-07-22,2026-07-22,SHIPPED
SO-10521,3,2026-07-18,RT-2002,RL-BRI,S001,CM-3010,BG,1,1,0,12.90,9.30,2026-07-22,2026-07-22,SHIPPED
SO-10521,4,2026-07-18,RT-2002,RL-BRI,S001,CM-3002,BG,3,3,0,5.40,3.90,2026-07-22,2026-07-22,SHIPPED
SO-10522,1,2026-07-20,BL-3002,RL-BRI,S101,PT-5002,EA,1,1,0,30.02,23.70,2026-07-27,2026-07-23,PARTIAL
SO-10523,1,2026-07-20,BL-3001,RL-BRI,S101,PT-5010,EA,2,2,0,11.58,9.05,2026-07-23,2026-07-23,SHIPPED
SO-10523,2,2026-07-20,BL-3001,RL-BRI,S101,RM-1001,EA,4,4,0,3.46,2.86,2026-07-23,2026-07-23,SHIPPED
SO-10523,3,2026-07-20,BL-3001,RL-BRI,S101,DW-6001,EA,1,1,0,76.71,64.10,2026-07-23,2026-07-23,SHIPPED
SO-10523,4,2026-07-20,BL-3001,RL-BRI,S101,CM-3020,EA,1,1,0,13.18,10.25,2026-07-23,2026-07-23,SHIPPED
SO-10523,5,2026-07-20,BL-3001,RL-BRI,S101,PT-5011,BG,1,1,0,16.91,13.25,2026-07-23,2026-07-23,SHIPPED
SO-10524,1,2026-07-20,CT-1005,RL-JCB,S104,FS-2002,BX,1,1,0,30.76,23.60,2026-07-22,2026-07-27,SHIPPED
SO-10524,2,2026-07-20,CT-1005,RL-JCB,S104,RF-4011,RL,1,1,0,106.69,78.85,2026-07-22,2026-07-27,SHIPPED
SO-10524,3,2026-07-20,CT-1005,RL-JCB,S104,RF-4011,RL,1,1,0,101.44,78.85,2026-07-22,2026-07-27,SHIPPED
SO-10524,4,2026-07-20,CT-1005,RL-JCB,S104,TL-9001,EA,1,1,0,5.76,4.50,2026-07-22,2026-07-27,SHIPPED
SO-10524,5,2026-07-20,CT-1005,RL-JCB,S104,DW-6002,EA,1,1,0,286.33,208.10,2026-07-22,2026-07-27,SHIPPED
SO-10525,1,2026-07-20,BL-3001,RL-KPT,S105,RM-1002,EA,4,4,0,6.09,4.95,2026-07-22,2026-07-21,SHIPPED
SO-10525,2,2026-07-20,BL-3001,RL-KPT,S105,RM-1021,EA,1,1,0,35.97,28.10,2026-07-22,2026-07-21,SHIPPED
SO-10525,3,2026-07-20,BL-3001,RL-KPT,S105,RM-1020,EA,1,1,0,5.20,4.05,2026-07-22,2026-07-21,SHIPPED
SO-10525,4,2026-07-20,BL-3001,RL-KPT,S105,TL-9002,EA,2,2,0,7.94,6.40,2026-07-22,2026-07-21,SHIPPED
SO-10526,1,2026-07-21,BL-3001,RL-KPT,S103,RM-1003,EA,1,1,0,10.17,8.25,2026-07-23,2026-07-24,SHIPPED
SO-10526,2,2026-07-21,BL-3001,RL-KPT,S103,RM-1001,EA,5,5,0,3.60,2.86,2026-07-23,2026-07-24,SHIPPED
SO-10526,3,2026-07-21,BL-3001,RL-KPT,S103,TL-9002,EA,1,1,0,8.12,6.40,2026-07-23,2026-07-24,SHIPPED
SO-10526,4,2026-07-21,BL-3001,RL-KPT,S103,RF-4020,LF,3,3,0,2.13,1.69,2026-07-23,2026-07-24,SHIPPED
SO-10527,1,2026-07-21,CT-1002,RL-JCB,S104,RM-1022,EA,1,1,0,8.92,6.45,2026-07-28,2026-07-23,SHIPPED
SO-10528,1,2026-07-21,CT-1001,RL-JCB,S104,RF-4010,RL,1,1,0,29.06,21.50,2026-07-24,2026-07-25,SHIPPED
SO-10528,2,2026-07-21,CT-1001,RL-JCB,S104,RF-4002,BNDL,1,1,0,49.01,37.65,2026-07-24,2026-07-25,SHIPPED
SO-10528,3,2026-07-21,CT-1001,RL-JCB,S104,FS-2010,EA,2,2,0,1.70,1.33,2026-07-24,2026-07-25,SHIPPED
SO-10528,4,2026-07-21,CT-1001,RL-JCB,S104,PT-5010,EA,2,2,0,11.92,9.05,2026-07-24,2026-07-25,SHIPPED
SO-10528,5,2026-07-21,CT-1001,RL-JCB,S104,PT-5001,EA,1,1,0,44.09,32.20,2026-07-24,2026-07-25,SHIPPED
SO-10529,1,2026-07-22,CT-1003,RL-KPT,S105,RM-1001,EA,6,6,0,3.86,2.86,2026-07-24,2026-07-23,SHIPPED
SO-10529,2,2026-07-22,CT-1003,RL-KPT,S105,SX-7010,EA,1,1,0,13.55,10.65,2026-07-24,2026-07-23,SHIPPED
SO-10529,3,2026-07-22,CT-1003,RL-KPT,S105,PT-5002,EA,1,1,0,30.74,23.70,2026-07-24,2026-07-23,SHIPPED
SO-10530,1,2026-07-22,CT-1001,RL-JCB,S104,CM-3001,BG,1,1,0,6.67,4.95,2026-07-26,2026-07-26,SHIPPED
SO-10530,2,2026-07-22,CT-1001,RL-JCB,S104,RF-4002,BNDL,1,1,0,47.73,37.65,2026-07-26,2026-07-26,SHIPPED
SO-10530,3,2026-07-22,CT-1001,RL-JCB,S104,PT-5011,BG,1,1,0,17.65,13.25,2026-07-26,2026-07-26,SHIPPED
SO-10530,4,2026-07-22,CT-1001,RL-JCB,S104,RF-4002,BNDL,1,1,0,50.29,37.65,2026-07-26,2026-07-26,SHIPPED
SO-10531,1,2026-07-23,CT-1004,RL-BRI,S101,RM-1001,EA,8,8,0,3.60,2.86,2026-07-26,2026-07-25,SHIPPED
SO-10532,1,2026-07-23,BL-3001,RL-JCB,S104,DW-6001,EA,1,1,0,79.92,64.10,2026-07-30,2026-07-24,SHIPPED
SO-10532,2,2026-07-23,BL-3001,RL-JCB,S104,RF-4011,RL,1,1,0,94.86,78.85,2026-07-30,2026-07-24,SHIPPED
SO-10532,3,2026-07-23,BL-3001,RL-JCB,S104,CM-3002,BG,2,2,0,5.00,3.90,2026-07-30,2026-07-24,SHIPPED
SO-10532,4,2026-07-23,BL-3001,RL-JCB,S104,FS-2002,BX,1,1,0,29.45,23.60,2026-07-30,2026-07-24,SHIPPED
SO-10533,1,2026-07-23,CT-1005,RL-KPT,S105,PT-5002,EA,1,1,0,31.45,23.70,2026-07-30,2026-07-27,SHIPPED
SO-10533,2,2026-07-23,CT-1005,RL-KPT,S105,CM-3001,BG,3,3,0,6.68,4.95,2026-07-30,2026-07-27,SHIPPED
SO-10533,3,2026-07-23,CT-1005,RL-KPT,S105,RM-1001,EA,4,4,0,3.66,2.86,2026-07-30,2026-07-27,SHIPPED
SO-10534,1,2026-07-24,CT-1005,RL-BRI,S102,TL-9001,EA,2,2,0,6.07,4.50,2026-07-28,2026-07-25,SHIPPED
SO-10534,2,2026-07-24,CT-1005,RL-BRI,S102,RF-4002,BNDL,1,1,0,51.38,37.65,2026-07-28,2026-07-25,SHIPPED
SO-10534,3,2026-07-24,CT-1005,RL-BRI,S102,TL-9001,EA,4,4,0,5.93,4.50,2026-07-28,2026-07-25,SHIPPED
SO-10534,4,2026-07-24,CT-1005,RL-BRI,S102,TL-9001,EA,3,3,0,5.97,4.50,2026-07-28,2026-07-25,SHIPPED
SO-10534,5,2026-07-24,CT-1005,RL-BRI,S102,RM-1021,EA,1,1,0,35.61,28.10,2026-07-28,2026-07-25,SHIPPED
SO-10535,1,2026-07-24,CT-1003,RL-JCB,S104,RM-1010,EA,2,2,0,17.40,13.50,2026-07-26,2026-07-28,PARTIAL
SO-10535,2,2026-07-24,CT-1003,RL-JCB,S104,CM-3001,BG,3,2,0,6.39,4.95,2026-07-26,2026-07-28,PARTIAL
SO-10535,3,2026-07-24,CT-1003,RL-JCB,S104,RF-4020,LF,4,2,0,2.35,1.69,2026-07-26,2026-07-28,PARTIAL
SO-10535,4,2026-07-24,CT-1003,RL-JCB,S104,PT-5010,EA,2,2,0,11.85,9.05,2026-07-26,2026-07-28,PARTIAL
SO-10536,1,2026-07-24,CT-1001,RL-BRI,S101,DW-6002,EA,1,1,0,284.31,208.10,2026-07-31,2026-07-27,SHIPPED
SO-10536,2,2026-07-24,CT-1001,RL-BRI,S101,RM-1001,EA,7,7,0,3.63,2.86,2026-07-31,2026-07-27,SHIPPED
SO-10536,3,2026-07-24,CT-1001,RL-BRI,S101,SX-7010,EA,1,1,0,14.16,10.65,2026-07-31,2026-07-27,SHIPPED
SO-10537,1,2026-07-24,CT-1008,RL-BRI,S101,RM-1001,EA,6,6,0,3.61,2.86,2026-07-27,2026-07-25,SHIPPED
SO-10538,1,2026-07-25,RT-2003,RL-KPT,S001,FS-2001,BX,1,1,0,28.50,20.60,2026-07-28,2026-07-28,SHIPPED
SO-10538,2,2026-07-25,RT-2003,RL-KPT,S001,CM-3001,BG,3,3,0,6.85,4.95,2026-07-28,2026-07-28,SHIPPED
SO-10539,1,2026-07-25,RT-2002,RL-KPT,S001,SX-7001,SQ,1,1,0,94.50,68.05,2026-07-29,2026-07-28,SHIPPED
SO-10540,1,2026-07-25,RT-2003,RL-BRI,S001,RF-4010,RL,1,1,0,29.90,21.50,2026-07-31,2026-07-28,SHIPPED
SO-10540,2,2026-07-25,RT-2003,RL-BRI,S001,RF-4002,BNDL,1,1,0,52.30,37.65,2026-07-31,2026-07-28,SHIPPED
SO-10540,3,2026-07-25,RT-2003,RL-BRI,S001,RF-4001,BNDL,2,2,0,38.75,27.90,2026-07-31,2026-07-28,SHIPPED
SO-10540,4,2026-07-25,RT-2003,RL-BRI,S001,RM-1022,EA,4,4,0,8.95,6.45,2026-07-31,2026-07-28,SHIPPED
SO-10540,5,2026-07-25,RT-2003,RL-BRI,S001,TL-9001,EA,1,1,0,6.25,4.50,2026-07-31,2026-07-28,SHIPPED
SO-10541,1,2026-07-27,BL-3002,RL-BRI,S101,TL-9001,EA,2,2,0,5.43,4.50,2026-07-31,2026-07-28,SHIPPED
SO-10542,1,2026-07-27,CT-1006,RL-BRI,S102,DW-6010,EA,1,1,0,288.40,224.60,2026-08-02,2026-07-31,SHIPPED
SO-10542,2,2026-07-27,CT-1006,RL-BRI,S102,PT-5010,EA,3,3,0,11.85,9.05,2026-08-02,2026-07-31,SHIPPED
SO-10543,1,2026-07-27,CT-1001,RL-JCB,S104,FS-2010,EA,4,4,0,1.83,1.33,2026-08-02,2026-07-31,SHIPPED
SO-10544,1,2026-07-28,BL-3001,RL-BRI,S101,RF-4011,RL,1,1,0,97.20,78.85,2026-07-31,2026-07-29,PARTIAL
SO-10544,2,2026-07-28,BL-3001,RL-BRI,S101,DW-6001,EA,1,1,0,77.59,64.10,2026-07-31,2026-07-29,PARTIAL
SO-10544,3,2026-07-28,BL-3001,RL-BRI,S101,FS-2011,EA,1,1,0,42.63,34.90,2026-07-31,2026-07-29,PARTIAL
SO-10545,1,2026-07-28,CT-1004,RL-KPT,S103,RM-1021,EA,1,1,0,37.73,28.10,2026-07-31,2026-08-01,SHIPPED
SO-10545,2,2026-07-28,CT-1004,RL-KPT,S103,TL-9001,EA,2,2,0,6.07,4.50,2026-07-31,2026-08-01,SHIPPED
SO-10545,3,2026-07-28,CT-1004,RL-KPT,S103,RM-1021,EA,1,1,0,38.65,28.10,2026-07-31,2026-08-01,SHIPPED
SO-10545,4,2026-07-28,CT-1004,RL-KPT,S103,DW-6001,EA,1,1,0,87.40,64.10,2026-07-31,2026-08-01,SHIPPED
SO-10545,5,2026-07-28,CT-1004,RL-KPT,S103,DW-6010,EA,1,1,0,291.62,224.60,2026-07-31,2026-08-01,SHIPPED
SO-10546,1,2026-07-28,BL-3002,RL-BRI,S101,DW-6001,EA,1,1,0,77.52,64.10,2026-07-31,2026-07-29,SHIPPED
SO-10546,2,2026-07-28,BL-3002,RL-BRI,S101,CM-3001,BG,2,2,0,5.94,4.95,2026-07-31,2026-07-29,SHIPPED
SO-10546,3,2026-07-28,BL-3002,RL-BRI,S101,PT-5011,BG,1,1,0,16.24,13.25,2026-07-31,2026-07-29,SHIPPED
SO-10547,1,2026-07-28,CT-1007,RL-KPT,S105,RM-1021,EA,1,1,0,37.68,28.10,2026-07-30,2026-07-30,SHIPPED
SO-10547,2,2026-07-28,CT-1007,RL-KPT,S105,RM-1021,EA,1,1,0,38.15,28.10,2026-07-30,2026-07-30,SHIPPED
SO-10547,3,2026-07-28,CT-1007,RL-KPT,S105,FS-2010,EA,4,4,0,1.74,1.33,2026-07-30,2026-07-30,SHIPPED
SO-10548,1,2026-07-29,CT-1001,RL-KPT,S105,SX-7001,SQ,1,1,0,91.78,68.05,2026-08-03,2026-07-30,SHIPPED
SO-10549,1,2026-07-29,BL-3001,RL-JCB,S104,PT-5001,EA,1,1,0,39.41,32.20,2026-08-01,2026-07-30,SHIPPED
SO-10549,2,2026-07-29,BL-3001,RL-JCB,S104,SX-7010,EA,1,1,0,12.78,10.65,2026-08-01,2026-07-30,SHIPPED
SO-10549,3,2026-07-29,BL-3001,RL-JCB,S104,TL-9002,EA,1,1,0,7.92,6.40,2026-08-01,2026-07-30,SHIPPED
SO-10549,4,2026-07-29,BL-3001,RL-JCB,S104,DW-6010,EA,1,1,0,288.77,224.60,2026-08-01,2026-07-30,SHIPPED
SO-10550,1,2026-07-29,BL-3001,RL-BRI,S102,RF-4020,LF,4,0,4,2.03,1.69,2026-08-02,,CANCELLED
SO-10550,2,2026-07-29,BL-3001,RL-BRI,S102,RM-1022,EA,3,0,3,7.72,6.45,2026-08-02,,CANCELLED
SO-10550,3,2026-07-29,BL-3001,RL-BRI,S102,DW-6001,EA,1,0,1,77.14,64.10,2026-08-02,,CANCELLED
SO-10550,4,2026-07-29,BL-3001,RL-BRI,S102,RM-1021,EA,1,0,1,33.90,28.10,2026-08-02,,CANCELLED
SO-10551,1,2026-07-30,CT-1007,RL-JCB,S104,PT-5010,EA,1,1,0,12.25,9.05,2026-08-04,2026-08-07,SHIPPED
SO-10551,2,2026-07-30,CT-1007,RL-JCB,S104,RM-1021,EA,1,1,0,35.32,28.10,2026-08-04,2026-08-07,SHIPPED
SO-10551,3,2026-07-30,CT-1007,RL-JCB,S104,RF-4011,RL,1,1,0,101.36,78.85,2026-08-04,2026-08-07,SHIPPED
SO-10551,4,2026-07-30,CT-1007,RL-JCB,S104,RM-1020,EA,2,2,0,5.11,4.05,2026-08-04,2026-08-07,SHIPPED
SO-10551,5,2026-07-30,CT-1007,RL-JCB,S104,CM-3001,BG,3,3,0,6.59,4.95,2026-08-04,2026-08-07,SHIPPED
SO-10552,1,2026-07-30,BL-3001,RL-JCB,S104,FS-2011,EA,1,1,0,44.06,34.90,2026-08-06,2026-08-03,SHIPPED
SO-10553,1,2026-07-30,CT-1003,RL-KPT,S105,SX-7010,EA,1,1,0,13.79,10.65,2026-08-01,2026-08-01,SHIPPED
SO-10553,2,2026-07-30,CT-1003,RL-KPT,S105,CM-3010,BG,1,1,0,11.90,9.30,2026-08-01,2026-08-01,SHIPPED
SO-10553,3,2026-07-30,CT-1003,RL-KPT,S105,RF-4010,RL,1,1,0,28.29,21.50,2026-08-01,2026-08-01,SHIPPED
SO-10553,4,2026-07-30,CT-1003,RL-KPT,S105,DW-6002,EA,1,1,0,271.34,208.10,2026-08-01,2026-08-01,SHIPPED
SO-10554,1,2026-07-31,CT-1001,RL-BRI,S102,FS-2010,EA,8,8,0,1.67,1.33,2026-08-04,2026-08-04,SHIPPED
SO-10554,2,2026-07-31,CT-1001,RL-BRI,S102,RM-1020,EA,3,3,0,5.23,4.05,2026-08-04,2026-08-04,SHIPPED
SO-10554,3,2026-07-31,CT-1001,RL-BRI,S102,CM-3002,BG,3,3,0,5.02,3.90,2026-08-04,2026-08-04,SHIPPED
SO-10554,4,2026-07-31,CT-1001,RL-BRI,S102,RF-4020,LF,5,5,0,2.15,1.69,2026-08-04,2026-08-04,SHIPPED
SO-10555,1,2026-07-31,BL-3002,RL-BRI,S102,TL-9002,EA,3,3,0,8.04,6.40,2026-08-06,2026-08-03,SHIPPED
SO-10555,2,2026-07-31,BL-3002,RL-BRI,S102,PT-5011,BG,1,1,0,15.97,13.25,2026-08-06,2026-08-03,SHIPPED
SO-10555,3,2026-07-31,BL-3002,RL-BRI,S102,CM-3002,BG,2,2,0,4.77,3.90,2026-08-06,2026-08-03,SHIPPED
SO-10555,4,2026-07-31,BL-3002,RL-BRI,S102,FS-2010,EA,9,9,0,1.74,1.33,2026-08-06,2026-08-03,SHIPPED
SO-10556,1,2026-07-31,BL-3001,RL-BRI,S101,RF-4020,LF,5,5,0,2.06,1.69,2026-08-05,2026-08-01,SHIPPED
SO-10556,2,2026-07-31,BL-3001,RL-BRI,S101,DW-6001,EA,1,1,0,82.42,64.10,2026-08-05,2026-08-01,SHIPPED
SO-10556,3,2026-07-31,BL-3001,RL-BRI,S101,SX-7001,SQ,1,1,0,84.29,68.05,2026-08-05,2026-08-01,SHIPPED
SO-10556,4,2026-07-31,BL-3001,RL-BRI,S101,RM-1001,EA,10,10,0,3.57,2.86,2026-08-05,2026-08-01,SHIPPED
SO-10556,5,2026-07-31,BL-3001,RL-BRI,S101,FS-2011,EA,1,1,0,43.96,34.90,2026-08-05,2026-08-01,SHIPPED
SO-10557,1,2026-07-31,CT-1007,RL-JCB,S104,DW-6002,EA,1,1,0,267.32,208.10,2026-08-03,2026-08-01,SHIPPED
SO-10558,1,2026-08-01,RT-2002,RL-BRI,S001,CM-3020,EA,1,1,0,14.25,10.25,2026-08-07,2026-08-03,SHIPPED
SO-10558,2,2026-08-01,RT-2002,RL-BRI,S001,CM-3001,BG,4,4,0,6.85,4.95,2026-08-07,2026-08-03,SHIPPED
SO-10558,3,2026-08-01,RT-2002,RL-BRI,S001,RM-1002,EA,4,4,0,6.85,4.95,2026-08-07,2026-08-03,SHIPPED
SO-10558,4,2026-08-01,RT-2002,RL-BRI,S001,CM-3020,EA,2,2,0,14.25,10.25,2026-08-07,2026-08-03,SHIPPED
SO-10559,1,2026-08-01,RT-2001,RL-JCB,S001,RM-1011,EA,1,1,0,24.90,17.95,2026-08-07,2026-08-03,SHIPPED
SO-10560,1,2026-08-01,RT-2002,RL-JCB,S001,RM-1002,EA,3,3,0,6.85,4.95,2026-08-03,2026-08-02,SHIPPED
SO-10560,2,2026-08-01,RT-2002,RL-JCB,S001,RM-1010,EA,2,2,0,18.75,13.50,2026-08-03,2026-08-02,SHIPPED
SO-10560,3,2026-08-01,RT-2002,RL-JCB,S001,RM-1003,EA,1,1,0,11.40,8.25,2026-08-03,2026-08-02,SHIPPED
SO-10560,4,2026-08-01,RT-2002,RL-JCB,S001,SX-7001,SQ,1,1,0,94.50,68.05,2026-08-03,2026-08-02,SHIPPED
SO-10561,1,2026-08-01,RT-2002,RL-KPT,S001,CM-3020,EA,1,1,0,14.25,10.25,2026-08-07,2026-08-04,SHIPPED
SO-10562,1,2026-08-01,RT-2003,RL-KPT,S001,SX-7001,SQ,1,1,0,94.50,68.05,2026-08-06,2026-08-04,SHIPPED
SO-10562,2,2026-08-01,RT-2003,RL-KPT,S001,RF-4001,BNDL,3,3,0,38.75,27.90,2026-08-06,2026-08-04,SHIPPED
SO-10562,3,2026-08-01,RT-2003,RL-KPT,S001,FS-2001,BX,1,1,0,28.50,20.60,2026-08-06,2026-08-04,SHIPPED
SO-10562,4,2026-08-01,RT-2003,RL-KPT,S001,CM-3010,BG,1,1,0,12.90,9.30,2026-08-06,2026-08-04,SHIPPED
SO-10563,1,2026-08-03,CT-1005,RL-BRI,S101,FS-2001,BX,1,1,0,26.75,20.60,2026-08-09,2026-08-06,SHIPPED
SO-10563,2,2026-08-03,CT-1005,RL-BRI,S101,CM-3010,BG,1,1,0,12.00,9.30,2026-08-09,2026-08-06,SHIPPED
SO-10563,3,2026-08-03,CT-1005,RL-BRI,S101,RM-1001,EA,6,6,0,3.88,2.86,2026-08-09,2026-08-06,SHIPPED
SO-10564,1,2026-08-03,BL-3001,RL-BRI,S101,TL-9002,EA,2,2,0,8.00,6.40,2026-08-07,2026-08-06,SHIPPED
SO-10564,2,2026-08-03,BL-3001,RL-BRI,S101,TL-9001,EA,4,4,0,5.55,4.50,2026-08-07,2026-08-06,SHIPPED
SO-10565,1,2026-08-03,CT-1005,RL-BRI,S101,SX-7010,EA,1,1,0,13.34,10.65,2026-08-07,2026-08-05,SHIPPED
SO-10565,2,2026-08-03,CT-1005,RL-BRI,S101,CM-3010,BG,1,1,0,11.65,9.30,2026-08-07,2026-08-05,SHIPPED
SO-10565,3,2026-08-03,CT-1005,RL-BRI,S101,RM-1021,EA,1,1,0,36.07,28.10,2026-08-07,2026-08-05,SHIPPED
SO-10565,4,2026-08-03,CT-1005,RL-BRI,S101,RM-1020,EA,3,2,0,5.18,4.05,2026-08-07,2026-08-05,SHIPPED
SO-10565,5,2026-08-03,CT-1005,RL-BRI,S101,RF-4001,BNDL,5,5,0,38.50,27.90,2026-08-07,2026-08-05,SHIPPED
SO-10566,1,2026-08-03,CT-1004,RL-BRI,S102,CM-3001,BG,6,6,0,6.79,4.95,2026-08-06,2026-08-06,SHIPPED
SO-10567,1,2026-08-04,BL-3001,RL-BRI,S101,RM-1010,EA,3,3,0,16.42,13.50,2026-08-07,2026-08-08,SHIPPED
SO-10567,2,2026-08-04,BL-3001,RL-BRI,S101,RM-1022,EA,3,3,0,7.77,6.45,2026-08-07,2026-08-08,SHIPPED
SO-10568,1,2026-08-04,BL-3002,RL-BRI,S102,DW-6010,EA,1,0,1,271.10,224.60,2026-08-08,,CANCELLED
SO-10568,2,2026-08-04,BL-3002,RL-BRI,S102,SX-7001,SQ,1,0,1,82.74,68.05,2026-08-08,,CANCELLED
SO-10568,3,2026-08-04,BL-3002,RL-BRI,S102,SX-7010,EA,1,0,1,13.03,10.65,2026-08-08,,CANCELLED
SO-10568,4,2026-08-04,BL-3002,RL-BRI,S102,DW-6002,EA,1,0,1,259.93,208.10,2026-08-08,,CANCELLED
SO-10568,5,2026-08-04,BL-3002,RL-BRI,S102,FS-2011,EA,1,0,1,43.59,34.90,2026-08-08,,CANCELLED
SO-10569,1,2026-08-05,CT-1005,RL-BRI,S101,FS-2011,EA,1,1,0,48.38,34.90,2026-08-09,2026-08-09,SHIPPED
SO-10569,2,2026-08-05,CT-1005,RL-BRI,S101,TL-9001,EA,2,2,0,6.10,4.50,2026-08-09,2026-08-09,SHIPPED
SO-10569,3,2026-08-05,CT-1005,RL-BRI,S101,RF-4011,RL,1,1,0,102.30,78.85,2026-08-09,2026-08-09,SHIPPED
SO-10570,1,2026-08-05,BL-3001,RL-JCB,S104,TL-9001,EA,1,1,0,5.68,4.50,2026-08-07,2026-08-08,SHIPPED
SO-10570,2,2026-08-05,BL-3001,RL-JCB,S104,FS-2002,BX,1,1,0,29.20,23.60,2026-08-07,2026-08-08,SHIPPED
SO-10571,1,2026-08-05,CT-1003,RL-JCB,S104,RF-4002,BNDL,1,1,0,51.96,37.65,2026-08-09,2026-08-09,SHIPPED
SO-10571,2,2026-08-05,CT-1003,RL-JCB,S104,RF-4011,RL,1,1,0,106.51,78.85,2026-08-09,2026-08-09,SHIPPED
SO-10571,3,2026-08-05,CT-1003,RL-JCB,S104,RF-4020,LF,2,2,0,2.21,1.69,2026-08-09,2026-08-09,SHIPPED
SO-10571,4,2026-08-05,CT-1003,RL-JCB,S104,DW-6002,EA,1,1,0,261.70,208.10,2026-08-09,2026-08-09,SHIPPED
SO-10571,5,2026-08-05,CT-1003,RL-JCB,S104,DW-6002,EA,1,1,0,288.28,208.10,2026-08-09,2026-08-09,SHIPPED
SO-10572,1,2026-08-06,CT-1001,RL-JCB,S104,PT-5011,BG,1,1,0,16.93,13.25,2026-08-09,2026-08-09,SHIPPED
SO-10572,2,2026-08-06,CT-1001,RL-JCB,S104,CM-3002,BG,1,1,0,5.01,3.90,2026-08-09,2026-08-09,SHIPPED
SO-10572,3,2026-08-06,CT-1001,RL-JCB,S104,RM-1011,EA,1,1,0,23.60,17.95,2026-08-09,2026-08-09,SHIPPED
SO-10573,1,2026-08-06,BL-3002,RL-KPT,S103,PT-5011,BG,1,1,0,16.62,13.25,2026-08-13,2026-08-10,SHIPPED
SO-10573,2,2026-08-06,BL-3002,RL-KPT,S103,SX-7001,SQ,1,1,0,82.29,68.05,2026-08-13,2026-08-10,SHIPPED
SO-10573,3,2026-08-06,BL-3002,RL-KPT,S103,RM-1011,EA,2,2,0,22.24,17.95,2026-08-13,2026-08-10,SHIPPED
SO-10573,4,2026-08-06,BL-3002,RL-KPT,S103,FS-2002,BX,2,2,0,29.67,23.60,2026-08-13,2026-08-10,SHIPPED
SO-10574,1,2026-08-06,BL-3001,RL-BRI,S101,FS-2001,BX,2,2,0,26.13,20.60,2026-08-10,2026-08-09,SHIPPED
SO-10574,2,2026-08-06,BL-3001,RL-BRI,S101,RF-4020,LF,7,7,0,2.17,1.69,2026-08-10,2026-08-09,SHIPPED
SO-10574,3,2026-08-06,BL-3001,RL-BRI,S101,CM-3002,BG,1,1,0,4.84,3.90,2026-08-10,2026-08-09,SHIPPED
SO-10574,4,2026-08-06,BL-3001,RL-BRI,S101,PT-5001,EA,1,1,0,39.41,32.20,2026-08-10,2026-08-09,SHIPPED
SO-10574,5,2026-08-06,BL-3001,RL-BRI,S101,RM-1002,EA,3,3,0,6.13,4.95,2026-08-10,2026-08-09,SHIPPED
SO-10575,1,2026-08-07,CT-1001,RL-JCB,S104,DW-6010,EA,1,0,1,310.75,224.60,2026-08-13,,CANCELLED
SO-10575,2,2026-08-07,CT-1001,RL-JCB,S104,RF-4020,LF,3,0,3,2.23,1.69,2026-08-13,,CANCELLED
SO-10575,3,2026-08-07,CT-1001,RL-JCB,S104,PT-5001,EA,1,0,1,43.56,32.20,2026-08-13,,CANCELLED
SO-10576,1,2026-08-07,BL-3002,RL-BRI,S101,SX-7010,EA,1,1,0,13.62,10.65,2026-08-13,2026-08-08,SHIPPED
SO-10576,2,2026-08-07,BL-3002,RL-BRI,S101,DW-6010,EA,1,1,0,290.52,224.60,2026-08-13,2026-08-08,SHIPPED
SO-10577,1,2026-08-07,CT-1003,RL-KPT,S103,DW-6001,EA,1,1,0,80.27,64.10,2026-08-10,2026-08-11,SHIPPED
SO-10577,2,2026-08-07,CT-1003,RL-KPT,S103,CM-3010,BG,1,1,0,12.71,9.30,2026-08-10,2026-08-11,SHIPPED
SO-10577,3,2026-08-07,CT-1003,RL-KPT,S103,RF-4020,LF,3,3,0,2.16,1.69,2026-08-10,2026-08-11,SHIPPED
SO-10577,4,2026-08-07,CT-1003,RL-KPT,S103,PT-5002,EA,1,1,0,31.51,23.70,2026-08-10,2026-08-11,SHIPPED
SO-10577,5,2026-08-07,CT-1003,RL-KPT,S103,CM-3001,BG,5,5,0,6.29,4.95,2026-08-10,2026-08-11,SHIPPED
SO-10578,1,2026-08-08,RT-2001,RL-JCB,S001,CM-3002,BG,1,1,0,5.40,3.90,2026-08-14,2026-08-11,SHIPPED
SO-10578,2,2026-08-08,RT-2001,RL-JCB,S001,RF-4002,BNDL,1,1,0,52.30,37.65,2026-08-14,2026-08-11,SHIPPED
SO-10578,3,2026-08-08,RT-2001,RL-JCB,S001,PT-5002,EA,1,1,0,32.90,23.70,2026-08-14,2026-08-11,SHIPPED
SO-10579,1,2026-08-08,RT-2001,RL-JCB,S001,SX-7001,SQ,1,1,0,94.50,68.05,2026-08-13,2026-08-10,SHIPPED
SO-10580,1,2026-08-10,BL-3002,RL-JCB,S104,CM-3002,BG,1,1,0,4.91,3.90,2026-08-13,2026-08-11,SHIPPED
SO-10580,2,2026-08-10,BL-3002,RL-JCB,S104,RF-4020,LF,2,2,0,2.04,1.69,2026-08-13,2026-08-11,SHIPPED
SO-10580,3,2026-08-10,BL-3002,RL-JCB,S104,PT-5010,EA,1,1,0,11.79,9.05,2026-08-13,2026-08-11,SHIPPED
SO-10580,4,2026-08-10,BL-3002,RL-JCB,S104,RM-1002,EA,1,1,0,6.11,4.95,2026-08-13,2026-08-11,SHIPPED
SO-10580,5,2026-08-10,BL-3002,RL-JCB,S104,RM-1021,EA,1,1,0,36.06,28.10,2026-08-13,2026-08-11,SHIPPED
SO-10581,1,2026-08-10,CT-1007,RL-JCB,S104,RF-4020,LF,1,1,0,2.16,1.69,2026-08-13,2026-08-16,SHIPPED
SO-10582,1,2026-08-10,CT-1001,RL-BRI,S101,RF-4010,RL,1,1,0,27.38,21.50,2026-08-13,2026-08-12,PARTIAL
SO-10582,2,2026-08-10,CT-1001,RL-BRI,S101,FS-2011,EA,1,1,0,44.38,34.90,2026-08-13,2026-08-12,PARTIAL
SO-10582,3,2026-08-10,CT-1001,RL-BRI,S101,FS-2011,EA,1,1,0,47.46,34.90,2026-08-13,2026-08-12,PARTIAL
SO-10582,4,2026-08-10,CT-1001,RL-BRI,S101,RM-1002,EA,6,3,0,6.59,4.95,2026-08-13,2026-08-12,PARTIAL
SO-10583,1,2026-08-11,BL-3002,RL-BRI,S101,DW-6002,EA,1,1,0,262.38,208.10,2026-08-15,2026-08-13,PARTIAL
SO-10584,1,2026-08-11,BL-3001,RL-BRI,S101,RM-1022,EA,5,3,0,7.99,6.45,2026-08-13,2026-08-12,PARTIAL
SO-10584,2,2026-08-11,BL-3001,RL-BRI,S101,SX-7001,SQ,1,1,0,86.08,68.05,2026-08-13,2026-08-12,PARTIAL
SO-10584,3,2026-08-11,BL-3001,RL-BRI,S101,RF-4011,RL,1,1,0,96.42,78.85,2026-08-13,2026-08-12,PARTIAL
SO-10585,1,2026-08-11,CT-1006,RL-KPT,S105,FS-2001,BX,2,2,0,27.53,20.60,2026-08-17,2026-08-13,SHIPPED
SO-10586,1,2026-08-12,CT-1002,RL-KPT,S105,SX-7010,EA,1,1,0,14.17,10.65,2026-08-18,2026-08-15,SHIPPED
SO-10587,1,2026-08-12,CT-1005,RL-KPT,S103,PT-5011,BG,1,1,0,18.36,13.25,2026-08-16,2026-08-13,SHIPPED
SO-10587,2,2026-08-12,CT-1005,RL-KPT,S103,RM-1001,EA,4,3,0,3.65,2.86,2026-08-16,2026-08-13,SHIPPED
SO-10587,3,2026-08-12,CT-1005,RL-KPT,S103,RF-4020,LF,1,1,0,2.32,1.69,2026-08-16,2026-08-13,SHIPPED
SO-10587,4,2026-08-12,CT-1005,RL-KPT,S103,CM-3001,BG,4,4,0,6.56,4.95,2026-08-16,2026-08-13,SHIPPED
SO-10588,1,2026-08-12,CT-1008,RL-JCB,S104,PT-5001,EA,1,1,0,41.42,32.20,2026-08-18,2026-08-15,PARTIAL
SO-10588,2,2026-08-12,CT-1008,RL-JCB,S104,TL-9002,EA,1,1,0,8.10,6.40,2026-08-18,2026-08-15,PARTIAL
SO-10588,3,2026-08-12,CT-1008,RL-JCB,S104,PT-5001,EA,1,1,0,43.77,32.20,2026-08-18,2026-08-15,PARTIAL
SO-10589,1,2026-08-12,CT-1007,RL-KPT,S103,RF-4010,RL,1,1,0,28.26,21.50,2026-08-14,2026-08-13,SHIPPED
SO-10589,2,2026-08-12,CT-1007,RL-KPT,S103,RM-1020,EA,2,2,0,5.14,4.05,2026-08-14,2026-08-13,SHIPPED
SO-10590,1,2026-08-13,CT-1004,RL-BRI,S101,RM-1010,EA,6,6,0,17.31,13.50,2026-08-15,2026-08-15,SHIPPED
SO-10590,2,2026-08-13,CT-1004,RL-BRI,S101,FS-2010,EA,5,5,0,1.70,1.33,2026-08-15,2026-08-15,SHIPPED
SO-10591,1,2026-08-13,BL-3002,RL-BRI,S101,DW-6001,EA,1,1,0,83.46,64.10,2026-08-19,2026-08-14,SHIPPED
SO-10591,2,2026-08-13,BL-3002,RL-BRI,S101,TL-9001,EA,2,2,0,5.84,4.50,2026-08-19,2026-08-14,SHIPPED
SO-10591,3,2026-08-13,BL-3002,RL-BRI,S101,RM-1001,EA,4,4,0,3.64,2.86,2026-08-19,2026-08-14,SHIPPED
SO-10591,4,2026-08-13,BL-3002,RL-BRI,S101,CM-3002,BG,3,3,0,5.06,3.90,2026-08-19,2026-08-14,SHIPPED
SO-10591,5,2026-08-13,BL-3002,RL-BRI,S101,RM-1010,EA,5,5,0,16.85,13.50,2026-08-19,2026-08-14,SHIPPED
SO-10592,1,2026-08-13,CT-1003,RL-JCB,S104,PT-5002,EA,1,1,0,30.52,23.70,2026-08-18,2026-08-15,SHIPPED
SO-10592,2,2026-08-13,CT-1003,RL-JCB,S104,DW-6001,EA,1,1,0,88.50,64.10,2026-08-18,2026-08-15,SHIPPED
SO-10593,1,2026-08-13,CT-1003,RL-BRI,S101,RF-4011,RL,1,1,0,105.10,78.85,2026-08-20,2026-08-14,PARTIAL
SO-10593,2,2026-08-13,CT-1003,RL-BRI,S101,CM-3010,BG,1,1,0,11.77,9.30,2026-08-20,2026-08-14,PARTIAL
SO-10593,3,2026-08-13,CT-1003,RL-BRI,S101,SX-7010,EA,1,1,0,14.44,10.65,2026-08-20,2026-08-14,PARTIAL
SO-10594,1,2026-08-14,CT-1006,RL-JCB,S104,TL-9002,EA,1,1,0,8.10,6.40,2026-08-19,2026-08-16,SHIPPED
SO-10594,2,2026-08-14,CT-1006,RL-JCB,S104,PT-5010,EA,1,1,0,11.96,9.05,2026-08-19,2026-08-16,SHIPPED
SO-10594,3,2026-08-14,CT-1006,RL-JCB,S104,DW-6010,EA,1,1,0,307.79,224.60,2026-08-19,2026-08-16,SHIPPED
SO-10595,1,2026-08-14,CT-1005,RL-JCB,S104,RM-1020,EA,1,1,0,5.31,4.05,2026-08-18,2026-08-17,SHIPPED
SO-10595,2,2026-08-14,CT-1005,RL-JCB,S104,TL-9002,EA,1,1,0,8.25,6.40,2026-08-18,2026-08-17,SHIPPED
SO-10595,3,2026-08-14,CT-1005,RL-JCB,S104,TL-9002,EA,1,1,0,8.34,6.40,2026-08-18,2026-08-17,SHIPPED
SO-10595,4,2026-08-14,CT-1005,RL-JCB,S104,PT-5011,BG,1,1,0,18.10,13.25,2026-08-18,2026-08-17,SHIPPED
SO-10595,5,2026-08-14,CT-1005,RL-JCB,S104,RM-1021,EA,1,1,0,37.98,28.10,2026-08-18,2026-08-17,SHIPPED
SO-10596,1,2026-08-14,CT-1006,RL-KPT,S105,RM-1003,EA,3,3,0,10.98,8.25,2026-08-19,2026-08-18,SHIPPED
SO-10597,1,2026-08-14,CT-1007,RL-KPT,S103,DW-6002,EA,1,1,0,284.65,208.10,2026-08-17,2026-08-17,SHIPPED
SO-10597,2,2026-08-14,CT-1007,RL-KPT,S103,RF-4001,BNDL,2,2,0,36.24,27.90,2026-08-17,2026-08-17,SHIPPED
SO-10597,3,2026-08-14,CT-1007,RL-KPT,S103,CM-3020,EA,1,1,0,13.29,10.25,2026-08-17,2026-08-17,SHIPPED
SO-10597,4,2026-08-14,CT-1007,RL-KPT,S103,RF-4001,BNDL,3,3,0,37.04,27.90,2026-08-17,2026-08-17,SHIPPED
SO-10597,5,2026-08-14,CT-1007,RL-KPT,S103,RF-4020,LF,4,4,0,2.30,1.69,2026-08-17,2026-08-17,SHIPPED
SO-10598,1,2026-08-15,RT-2001,RL-BRI,S001,RF-4011,RL,1,1,0,109.50,78.85,2026-08-21,2026-08-17,SHIPPED
SO-10598,2,2026-08-15,RT-2001,RL-BRI,S001,DW-6001,EA,1,1,0,89.00,64.10,2026-08-21,2026-08-17,SHIPPED
SO-10598,3,2026-08-15,RT-2001,RL-BRI,S001,FS-2011,EA,1,1,0,48.50,34.90,2026-08-21,2026-08-17,SHIPPED
SO-10598,4,2026-08-15,RT-2001,RL-BRI,S001,TL-9002,EA,1,1,0,8.90,6.40,2026-08-21,2026-08-17,SHIPPED
SO-10598,5,2026-08-15,RT-2001,RL-BRI,S001,PT-5010,EA,4,4,0,12.60,9.05,2026-08-21,2026-08-17,SHIPPED
SO-10599,1,2026-08-15,RT-2001,RL-BRI,S001,RM-1011,EA,2,2,0,24.90,17.95,2026-08-19,2026-08-17,SHIPPED
SO-10599,2,2026-08-15,RT-2001,RL-BRI,S001,DW-6001,EA,1,1,0,89.00,64.10,2026-08-19,2026-08-17,SHIPPED
SO-10599,3,2026-08-15,RT-2001,RL-BRI,S001,PT-5001,EA,1,1,0,44.75,32.20,2026-08-19,2026-08-17,SHIPPED
SO-10599,4,2026-08-15,RT-2001,RL-BRI,S001,PT-5011,BG,1,1,0,18.40,13.25,2026-08-19,2026-08-17,SHIPPED
SO-10599,5,2026-08-15,RT-2001,RL-BRI,S001,RF-4010,RL,1,1,0,29.90,21.50,2026-08-19,2026-08-17,SHIPPED
SO-10600,1,2026-08-15,RT-2001,RL-KPT,S001,CM-3010,BG,1,1,0,12.90,9.30,2026-08-17,2026-08-19,SHIPPED
SO-10600,2,2026-08-15,RT-2001,RL-KPT,S001,CM-3002,BG,1,1,0,5.40,3.90,2026-08-17,2026-08-19,SHIPPED
SO-10601,1,2026-08-17,BL-3002,RL-KPT,S105,DW-6001,EA,1,1,0,83.51,64.10,2026-08-22,2026-08-21,SHIPPED
SO-10601,2,2026-08-17,BL-3002,RL-KPT,S105,RF-4001,BNDL,3,3,0,35.82,27.90,2026-08-22,2026-08-21,SHIPPED
SO-10601,3,2026-08-17,BL-3002,RL-KPT,S105,RF-4001,BNDL,2,2,0,36.19,27.90,2026-08-22,2026-08-21,SHIPPED
SO-10601,4,2026-08-17,BL-3002,RL-KPT,S105,CM-3020,EA,1,1,0,13.35,10.25,2026-08-22,2026-08-21,SHIPPED
SO-10601,5,2026-08-17,BL-3002,RL-KPT,S105,FS-2001,BX,1,1,0,26.11,20.60,2026-08-22,2026-08-21,SHIPPED
SO-10602,1,2026-08-17,BL-3001,RL-KPT,S103,PT-5002,EA,1,1,0,29.75,23.70,2026-08-23,2026-08-19,PARTIAL
SO-10602,2,2026-08-17,BL-3001,RL-KPT,S103,CM-3010,BG,1,1,0,11.15,9.30,2026-08-23,2026-08-19,PARTIAL
SO-10602,3,2026-08-17,BL-3001,RL-KPT,S103,SX-7001,SQ,1,1,0,88.48,68.05,2026-08-23,2026-08-19,PARTIAL
SO-10602,4,2026-08-17,BL-3001,RL-KPT,S103,FS-2010,EA,2,1,0,1.69,1.33,2026-08-23,2026-08-19,PARTIAL
SO-10603,1,2026-08-18,CT-1008,RL-JCB,S104,RM-1002,EA,4,4,0,6.65,4.95,2026-08-20,2026-08-21,SHIPPED
SO-10603,2,2026-08-18,CT-1008,RL-JCB,S104,FS-2001,BX,1,1,0,26.94,20.60,2026-08-20,2026-08-21,SHIPPED
SO-10603,3,2026-08-18,CT-1008,RL-JCB,S104,RF-4011,RL,1,1,0,108.14,78.85,2026-08-20,2026-08-21,SHIPPED
SO-10604,1,2026-08-18,CT-1007,RL-BRI,S102,RM-1011,EA,3,3,0,24.23,17.95,2026-08-20,2026-08-19,SHIPPED
SO-10604,2,2026-08-18,CT-1007,RL-BRI,S102,CM-3001,BG,3,3,0,6.68,4.95,2026-08-20,2026-08-19,SHIPPED
SO-10604,3,2026-08-18,CT-1007,RL-BRI,S102,FS-2011,EA,1,1,0,47.18,34.90,2026-08-20,2026-08-19,SHIPPED
SO-10604,4,2026-08-18,CT-1007,RL-BRI,S102,PT-5001,EA,1,1,0,42.84,32.20,2026-08-20,2026-08-19,SHIPPED
SO-10604,5,2026-08-18,CT-1007,RL-BRI,S102,PT-5011,BG,1,1,0,17.43,13.25,2026-08-20,2026-08-19,SHIPPED
SO-10605,1,2026-08-18,CT-1006,RL-BRI,S102,RF-4001,BNDL,3,3,0,38.69,27.90,2026-08-22,2026-08-22,SHIPPED
SO-10605,2,2026-08-18,CT-1006,RL-BRI,S102,RM-1020,EA,2,2,0,5.33,4.05,2026-08-22,2026-08-22,SHIPPED
SO-10606,1,2026-08-19,BL-3002,RL-BRI,S101,RM-1001,EA,7,4,0,3.68,2.86,2026-08-26,2026-08-20,PARTIAL
SO-10606,2,2026-08-19,BL-3002,RL-BRI,S101,PT-5010,EA,4,3,0,11.03,9.05,2026-08-26,2026-08-20,PARTIAL
SO-10606,3,2026-08-19,BL-3002,RL-BRI,S101,TL-9002,EA,1,1,0,7.90,6.40,2026-08-26,2026-08-20,PARTIAL
SO-10607,1,2026-08-19,CT-1003,RL-KPT,S103,RM-1022,EA,3,3,0,8.32,6.45,2026-08-24,2026-08-25,SHIPPED
SO-10607,2,2026-08-19,CT-1003,RL-KPT,S103,PT-5002,EA,1,1,0,30.16,23.70,2026-08-24,2026-08-25,SHIPPED
SO-10608,1,2026-08-20,CT-1008,RL-BRI,S101,RM-1022,EA,4,2,0,8.18,6.45,2026-08-26,2026-08-24,SHIPPED
SO-10608,2,2026-08-20,CT-1008,RL-BRI,S101,TL-9002,EA,1,1,0,8.33,6.40,2026-08-26,2026-08-24,SHIPPED
SO-10608,3,2026-08-20,CT-1008,RL-BRI,S101,TL-9001,EA,3,3,0,6.07,4.50,2026-08-26,2026-08-24,SHIPPED
SO-10609,1,2026-08-20,BL-3002,RL-BRI,S101,CM-3001,BG,4,4,0,6.31,4.95,2026-08-27,2026-08-24,SHIPPED
SO-10609,2,2026-08-20,BL-3002,RL-BRI,S101,RF-4010,RL,2,2,0,26.75,21.50,2026-08-27,2026-08-24,SHIPPED
SO-10609,3,2026-08-20,BL-3002,RL-BRI,S101,RM-1020,EA,2,2,0,4.96,4.05,2026-08-27,2026-08-24,SHIPPED
SO-10610,1,2026-08-21,BL-3002,RL-BRI,S102,RM-1003,EA,1,0,0,9.89,8.25,2026-08-25,,OPEN
SO-10611,1,2026-08-21,BL-3002,RL-KPT,S103,RM-1010,EA,3,0,0,16.20,13.50,2026-08-28,,OPEN
SO-10611,2,2026-08-21,BL-3002,RL-KPT,S103,RF-4011,RL,1,0,0,97.25,78.85,2026-08-28,,OPEN
SO-10611,3,2026-08-21,BL-3002,RL-KPT,S103,RM-1010,EA,4,0,0,17.15,13.50,2026-08-28,,OPEN
SO-10612,1,2026-08-21,CT-1007,RL-KPT,S103,RM-1003,EA,3,0,0,10.37,8.25,2026-08-27,,OPEN
SO-10612,2,2026-08-21,CT-1007,RL-KPT,S103,FS-2011,EA,1,0,0,47.11,34.90,2026-08-27,,OPEN
SO-10612,3,2026-08-21,CT-1007,RL-KPT,S103,RM-1011,EA,2,0,0,23.64,17.95,2026-08-27,,OPEN
SO-10613,1,2026-08-22,RT-2002,RL-BRI,S001,RF-4010,RL,1,0,0,29.90,21.50,2026-08-29,,OPEN
SO-10614,1,2026-08-22,RT-2002,RL-JCB,S001,PT-5010,EA,2,0,0,12.60,9.05,2026-08-27,,OPEN
SO-10614,2,2026-08-22,RT-2002,RL-JCB,S001,DW-6001,EA,1,0,0,89.00,64.10,2026-08-27,,OPEN
SO-10615,1,2026-08-24,BL-3002,RL-BRI,S102,RF-4011,RL,1,0,0,101.87,78.85,2026-08-29,,OPEN
SO-10615,2,2026-08-24,BL-3002,RL-BRI,S102,RF-4002,BNDL,1,0,0,45.02,37.65,2026-08-29,,OPEN
SO-10615,3,2026-08-24,BL-3002,RL-BRI,S102,DW-6002,EA,1,0,0,268.02,208.10,2026-08-29,,OPEN
SO-10615,4,2026-08-24,BL-3002,RL-BRI,S102,CM-3001,BG,7,0,0,6.16,4.95,2026-08-29,,OPEN
SO-10615,5,2026-08-24,BL-3002,RL-BRI,S102,RM-1001,EA,10,0,0,3.55,2.86,2026-08-29,,OPEN
SO-10616,1,2026-08-24,CT-1008,RL-BRI,S101,RM-1022,EA,2,0,0,8.76,6.45,2026-08-26,,OPEN
SO-10617,1,2026-08-25,CT-1003,RL-KPT,S103,DW-6001,EA,1,0,0,82.65,64.10,2026-09-01,,OPEN
SO-10617,2,2026-08-25,CT-1003,RL-KPT,S103,RF-4001,BNDL,1,0,0,35.34,27.90,2026-09-01,,OPEN
SO-10617,3,2026-08-25,CT-1003,RL-KPT,S103,CM-3001,BG,6,0,0,6.55,4.95,2026-09-01,,OPEN
SO-10618,1,2026-08-25,CT-1008,RL-BRI,S101,RM-1021,EA,1,0,0,35.16,28.10,2026-08-30,,OPEN
SO-10618,2,2026-08-25,CT-1008,RL-BRI,S101,PT-5011,BG,1,0,0,17.96,13.25,2026-08-30,,OPEN
SO-10618,3,2026-08-25,CT-1008,RL-BRI,S101,RM-1011,EA,2,0,0,23.94,17.95,2026-08-30,,OPEN
SO-10618,4,2026-08-25,CT-1008,RL-BRI,S101,SX-7001,SQ,1,0,0,89.23,68.05,2026-08-30,,OPEN
SO-10619,1,2026-08-26,BL-3001,RL-JCB,S104,RM-1003,EA,1,0,0,10.67,8.25,2026-08-29,,OPEN
SO-10619,2,2026-08-26,BL-3001,RL-JCB,S104,PT-5001,EA,1,0,0,39.38,32.20,2026-08-29,,OPEN
SO-10619,3,2026-08-26,BL-3001,RL-JCB,S104,FS-2011,EA,1,0,0,42.49,34.90,2026-08-29,,OPEN
SO-10620,1,2026-08-26,CT-1001,RL-BRI,S101,RM-1011,EA,2,0,0,23.97,17.95,2026-08-30,,OPEN
SO-10620,2,2026-08-26,CT-1001,RL-BRI,S101,PT-5001,EA,2,0,0,42.24,32.20,2026-08-30,,OPEN
SO-10620,3,2026-08-26,CT-1001,RL-BRI,S101,SX-7001,SQ,1,0,0,87.37,68.05,2026-08-30,,OPEN
SO-10620,4,2026-08-26,CT-1001,RL-BRI,S101,RF-4010,RL,1,0,0,27.34,21.50,2026-08-30,,OPEN
SO-10620,5,2026-08-26,CT-1001,RL-BRI,S101,RF-4020,LF,2,0,0,2.28,1.69,2026-08-30,,OPEN
SO-10621,1,2026-08-27,BL-3001,RL-KPT,S103,PT-5010,EA,1,0,0,11.74,9.05,2026-09-03,,OPEN
SO-10621,2,2026-08-27,BL-3001,RL-KPT,S103,CM-3010,BG,1,0,0,11.10,9.30,2026-09-03,,OPEN
SO-10621,3,2026-08-27,BL-3001,RL-KPT,S103,RM-1010,EA,4,0,0,17.28,13.50,2026-09-03,,OPEN
SO-10622,1,2026-08-27,CT-1002,RL-JCB,S104,RM-1011,EA,1,0,0,24.46,17.95,2026-09-02,,OPEN
SO-10622,2,2026-08-27,CT-1002,RL-JCB,S104,TL-9001,EA,2,0,0,6.03,4.50,2026-09-02,,OPEN
SO-10622,3,2026-08-27,CT-1002,RL-JCB,S104,RF-4010,RL,1,0,0,28.07,21.50,2026-09-02,,OPEN
SO-10622,4,2026-08-27,CT-1002,RL-JCB,S104,CM-3020,EA,1,0,0,13.70,10.25,2026-09-02,,OPEN
SO-10622,5,2026-08-27,CT-1002,RL-JCB,S104,PT-5002,EA,1,0,0,31.70,23.70,2026-09-02,,OPEN
SO-10623,1,2026-08-27,CT-1008,RL-JCB,S104,PT-5010,EA,1,0,0,11.70,9.05,2026-09-01,,OPEN
SO-10623,2,2026-08-27,CT-1008,RL-JCB,S104,FS-2011,EA,1,0,0,45.53,34.90,2026-09-01,,OPEN
SO-10623,3,2026-08-27,CT-1008,RL-JCB,S104,RF-4001,BNDL,3,0,0,36.30,27.90,2026-09-01,,OPEN
SO-10623,4,2026-08-27,CT-1008,RL-JCB,S104,RM-1002,EA,3,0,0,6.37,4.95,2026-09-01,,OPEN
SO-10623,5,2026-08-27,CT-1008,RL-JCB,S104,RM-1003,EA,1,0,0,11.07,8.25,2026-09-01,,OPEN
SO-10624,1,2026-08-28,CT-1004,RL-JCB,S104,CM-3002,BG,2,0,0,5.09,3.90,2026-09-04,,OPEN
SO-10624,2,2026-08-28,CT-1004,RL-JCB,S104,DW-6002,EA,1,0,0,273.17,208.10,2026-09-04,,OPEN
SO-10624,3,2026-08-28,CT-1004,RL-JCB,S104,PT-5011,BG,1,0,0,17.18,13.25,2026-09-04,,OPEN
SO-10625,1,2026-08-28,CT-1007,RL-BRI,S101,CM-3001,BG,5,0,0,6.81,4.95,2026-08-31,,OPEN
SO-10625,2,2026-08-28,CT-1007,RL-BRI,S101,PT-5010,EA,4,0,0,12.03,9.05,2026-08-31,,OPEN
SO-10626,1,2026-08-28,CT-1007,RL-BRI,S102,FS-2002,BX,2,0,0,31.25,23.60,2026-08-31,,OPEN
SO-10626,2,2026-08-28,CT-1007,RL-BRI,S102,SX-7001,SQ,1,0,0,92.92,68.05,2026-08-31,,OPEN
SO-10626,3,2026-08-28,CT-1007,RL-BRI,S102,DW-6002,EA,1,0,0,266.38,208.10,2026-08-31,,OPEN
SO-10626,4,2026-08-28,CT-1007,RL-BRI,S102,FS-2010,EA,7,0,0,1.84,1.33,2026-08-31,,OPEN
SO-10627,1,2026-08-28,CT-1007,RL-BRI,S102,PT-5011,BG,1,0,0,16.88,13.25,2026-08-30,,OPEN
SO-10627,2,2026-08-28,CT-1007,RL-BRI,S102,FS-2002,BX,2,0,0,31.36,23.60,2026-08-30,,OPEN
